id,srno,application_name,customer_initiated_transactions_volume_mn,customer_initiated_transactions_value_cr,b_2_c_transactions_volume_mn,b_2_c_transactions_value_cr,b_2_b_transactions_volume_mn,b_2_b_transactions_value_cr,onus_transactions_volume_mn,onus_transactions_value_cr,total_volume_mn,total_value_cr,created_at,updated_at,published_at,created_by_id,updated_by_id,product_name,tab_name,year,month,upi_application_name,upi_volume_mn,upi_value_cr,locale
1532,1,Airtel Payments Bank Apps,5.29,454.64,-,-,-,-,0.01,6.26,5.30,460.90,2025-01-07T04:07:45.378Z,2025-04-29T10:58:57.463Z,,,,UPI,upi-apps,2022,Apr,,,,en
1533,2,Amazon Pay,73.21,6699.57,-,-,-,-,-,-,73.21,6699.57,2025-01-07T04:07:45.378Z,2025-04-29T10:58:57.543Z,,,,UPI,upi-apps,2022,Apr,,,,en
1534,3,AU Small Finance Bank Apps,0.32,109.89,-,-,-,-,-,-,0.32,109.89,2025-01-07T04:07:45.378Z,2025-04-29T10:58:57.624Z,,,,UPI,upi-apps,2022,Apr,,,,en
1535,4,Axis Bank Apps,7.19,1213.44,56.84,43.71,-,-,-,-,64.03,1257.15,2025-01-07T04:07:45.378Z,2025-04-29T10:58:57.705Z,,,,UPI,upi-apps,2022,Apr,,,,en
1536,5,Bajaj Finserv,0.52,38.61,-,-,-,-,-,-,0.52,38.61,2025-01-07T04:07:45.378Z,2025-04-29T10:58:57.785Z,,,,UPI,upi-apps,2022,Apr,,,,en
1537,6,Bank of Baroda Apps,0.77,344.65,-,-,-,-,-,-,0.77,344.65,2025-01-07T04:07:45.378Z,2025-04-29T10:58:57.864Z,,,,UPI,upi-apps,2022,Apr,,,,en
1538,7,Bank of India Apps,0.10,32.62,-,-,-,-,-,-,0.10,32.62,2025-01-07T04:07:45.378Z,2025-04-29T10:58:57.944Z,,,,UPI,upi-apps,2022,Apr,,,,en
1539,8,Bank of Maharashtra Apps,0.05,14.56,-,-,-,-,-,-,0.05,14.56,2025-01-07T04:07:45.378Z,2025-04-29T10:58:58.025Z,,,,UPI,upi-apps,2022,Apr,,,,en
1540,9,BHIM,25.69,8354.34,-,-,-,-,-,-,25.69,8354.34,2025-01-07T04:07:45.378Z,2025-04-29T10:58:58.107Z,,,,UPI,upi-apps,2022,Apr,,,,en
1541,10,Canara Bank Apps,0.31,110.31,-,-,-,-,-,-,0.31,110.31,2025-01-07T04:07:45.378Z,2025-04-29T10:58:58.194Z,,,,UPI,upi-apps,2022,Apr,,,,en
1542,11,Central Bank of India Apps,0.13,51.04,-,-,-,-,-,-,0.13,51.04,2025-01-07T04:07:45.378Z,2025-04-29T10:58:58.276Z,,,,UPI,upi-apps,2022,Apr,,,,en
1543,12,Citi Bank Apps,0.08,66.03,-,-,-,-,-,-,0.08,66.03,2025-01-07T04:07:45.378Z,2025-04-29T10:58:58.359Z,,,,UPI,upi-apps,2022,Apr,,,,en
1544,13,City Union Bank Apps,0.03,8.41,-,-,-,-,-,-,0.03,8.41,2025-01-07T04:07:45.378Z,2025-04-29T10:58:58.441Z,,,,UPI,upi-apps,2022,Apr,,,,en
1545,14,Cointab,0.07,28.50,-,-,-,-,-,-,0.07,28.50,2025-01-07T04:07:45.378Z,2025-04-29T10:58:58.523Z,,,,UPI,upi-apps,2022,Apr,,,,en
1546,15,Cred,13.05,16372.92,-,-,-,-,-,-,13.05,16372.92,2025-01-07T04:07:45.378Z,2025-04-29T10:58:58.606Z,,,,UPI,upi-apps,2022,Apr,,,,en
1547,16,DBS Digibank Apps,0.47,175.45,-,-,-,-,-,-,0.47,175.45,2025-01-07T04:07:45.378Z,2025-04-29T10:58:58.687Z,,,,UPI,upi-apps,2022,Apr,,,,en
1548,17,Deutsche Bank Apps,1.51,128.13,-,-,-,0.30,-,-,1.51,128.43,2025-01-07T04:07:45.378Z,2025-04-29T10:58:58.768Z,,,,UPI,upi-apps,2022,Apr,,,,en
1549,18,Dhanlaxmi Bank Apps,0.01,3.02,-,-,-,-,-,-,0.01,3.02,2025-01-07T04:07:45.378Z,2025-04-29T10:58:58.850Z,,,,UPI,upi-apps,2022,Apr,,,,en
1550,19,Fave,0.18,7.73,-,-,-,-,-,-,0.18,7.73,2025-01-07T04:07:45.378Z,2025-04-29T10:58:58.931Z,,,,UPI,upi-apps,2022,Apr,,,,en
1551,20,Federal Bank Apps,2.70,375.64,-,-,-,-,-,-,2.70,375.64,2025-01-07T04:07:45.378Z,2025-04-29T10:58:59.014Z,,,,UPI,upi-apps,2022,Apr,,,,en
1552,21,Fino Payments bank Apps,0.04,3.26,-,-,-,-,-,-,0.04,3.26,2025-01-07T04:07:45.378Z,2025-04-29T10:58:59.095Z,,,,UPI,upi-apps,2022,Apr,,,,en
1553,22,Finserv Markets,0.01,1.06,-,-,-,-,-,-,0.01,1.06,2025-01-07T04:07:45.378Z,2025-04-29T10:58:59.175Z,,,,UPI,upi-apps,2022,Apr,,,,en
1554,23,Finshell Pay,0.08,4.45,-,-,-,-,-,-,0.08,4.45,2025-01-07T04:07:45.378Z,2025-04-29T10:58:59.259Z,,,,UPI,upi-apps,2022,Apr,,,,en
1555,24,GoIbibo,0.01,3.31,-,-,-,-,-,-,0.01,3.31,2025-01-07T04:07:45.378Z,2025-04-29T10:58:59.340Z,,,,UPI,upi-apps,2022,Apr,,,,en
1556,25,Google Pay,1914.77,344791.35,-,-,-,-,-,-,1914.77,344791.35,2025-01-07T04:07:45.378Z,2025-04-29T10:58:59.422Z,,,,UPI,upi-apps,2022,Apr,,,,en
1557,26,Groww,0.61,376.18,-,-,-,-,-,-,0.61,376.18,2025-01-07T04:07:45.378Z,2025-04-29T10:58:59.504Z,,,,UPI,upi-apps,2022,Apr,,,,en
1558,27,HDFC Bank Apps,5.90,1759.12,-,-,-,-,-,-,5.90,1759.12,2025-01-07T04:07:45.378Z,2025-04-29T10:58:59.584Z,,,,UPI,upi-apps,2022,Apr,,,,en
1559,28,HSBC Bank Apps,0.11,59.70,-,0.02,-,-,-,-,0.11,59.72,2025-01-07T04:07:45.378Z,2025-04-29T10:58:59.665Z,,,,UPI,upi-apps,2022,Apr,,,,en
1560,29,ICICI Bank Apps,32.82,9086.72,4.83,269.45,-,-,-,-,37.65,9356.17,2025-01-07T04:07:45.378Z,2025-04-29T10:58:59.746Z,,,,UPI,upi-apps,2022,Apr,,,,en
1561,30,IDBI Bank Apps,0.03,16.78,-,-,-,-,-,-,0.03,16.78,2025-01-07T04:07:45.378Z,2025-04-29T10:58:59.825Z,,,,UPI,upi-apps,2022,Apr,,,,en
1562,31,IDFC Bank Apps,2.49,532.69,-,-,-,-,-,-,2.49,532.69,2025-01-07T04:07:45.378Z,2025-04-29T10:58:59.905Z,,,,UPI,upi-apps,2022,Apr,,,,en
1563,32,India Post Payments Bank Apps,2.80,328.53,-,-,-,-,-,-,2.80,328.53,2025-01-07T04:07:45.378Z,2025-04-29T10:58:59.986Z,,,,UPI,upi-apps,2022,Apr,,,,en
1564,33,Indian Bank Apps,0.14,49.90,-,-,-,-,-,-,0.14,49.90,2025-01-07T04:07:45.378Z,2025-04-29T10:59:00.069Z,,,,UPI,upi-apps,2022,Apr,,,,en
1565,34,Indian Overseas Bank Apps,0.01,1.52,-,-,-,-,-,-,0.01,1.52,2025-01-07T04:07:45.378Z,2025-04-29T10:59:00.151Z,,,,UPI,upi-apps,2022,Apr,,,,en
1566,35,IndusInd Bank Apps,1.02,2596.71,-,-,-,-,-,-,1.02,2596.71,2025-01-07T04:07:45.378Z,2025-04-29T10:59:00.233Z,,,,UPI,upi-apps,2022,Apr,,,,en
1567,36,Janata Sahakari Bank Apps,0.01,4.28,-,-,-,-,-,-,0.01,4.28,2025-01-07T04:07:45.378Z,2025-04-29T10:59:00.313Z,,,,UPI,upi-apps,2022,Apr,,,,en
1568,37,Jio Payments Bank Apps,2.10,126.25,-,-,-,-,-,-,2.10,126.25,2025-01-07T04:07:45.378Z,2025-04-29T10:59:00.397Z,,,,UPI,upi-apps,2022,Apr,,,,en
1569,38,Jupiter,1.47,186.13,-,-,-,-,-,-,1.47,186.13,2025-01-07T04:07:45.378Z,2025-04-29T10:59:00.479Z,,,,UPI,upi-apps,2022,Apr,,,,en
1570,39,Jupiter Edge (LivQuick PPI App),0.01,0.43,-,-,-,-,-,-,0.01,0.43,2025-01-07T04:07:45.378Z,2025-04-29T10:59:00.562Z,,,,UPI,upi-apps,2022,Apr,,,,en
1571,40,Karnataka Bank Apps,0.27,35.58,-,-,-,-,-,-,0.27,35.58,2025-01-07T04:07:45.378Z,2025-04-29T10:59:00.643Z,,,,UPI,upi-apps,2022,Apr,,,,en
1572,41,Karur Vysya Bank Apps,0.04,18.54,-,-,-,-,-,-,0.04,18.54,2025-01-07T04:07:45.378Z,2025-04-29T10:59:00.723Z,,,,UPI,upi-apps,2022,Apr,,,,en
1573,42,Kotak Mahindra Bank Apps,7.96,1684.35,-,-,-,-,-,-,7.96,1684.35,2025-01-07T04:07:45.378Z,2025-04-29T10:59:00.802Z,,,,UPI,upi-apps,2022,Apr,,,,en
1574,43,MakeMyTrip,0.09,41.18,-,-,-,-,-,-,0.09,41.18,2025-01-07T04:07:45.378Z,2025-04-29T10:59:00.883Z,,,,UPI,upi-apps,2022,Apr,,,,en
1575,44,MI Pay,0.19,28.58,-,-,-,-,-,-,0.19,28.58,2025-01-07T04:07:45.378Z,2025-04-29T10:59:00.966Z,,,,UPI,upi-apps,2022,Apr,,,,en
1576,45,Mobikwik,2.37,421.47,-,-,-,-,-,-,2.37,421.47,2025-01-07T04:07:45.378Z,2025-04-29T10:59:01.046Z,,,,UPI,upi-apps,2022,Apr,,,,en
1577,46,NSDL Payments Bank Apps,0.02,2.32,-,-,-,-,-,-,0.02,2.32,2025-01-07T04:07:45.378Z,2025-04-29T10:59:01.126Z,,,,UPI,upi-apps,2022,Apr,,,,en
1578,47,Paytm,740.76,85918.88,11.15,15.98,-,-,99.70,15714.20,851.61,101649.06,2025-01-07T04:07:45.378Z,2025-04-29T10:59:01.206Z,,,,UPI,upi-apps,2022,Apr,,,,en
1579,48,PhonePe,2616.26,486557.03,-,-,-,-,-,-,2616.26,486557.03,2025-01-07T04:07:45.378Z,2025-04-29T10:59:01.287Z,,,,UPI,upi-apps,2022,Apr,,,,en
1580,49,Punjab National Bank Apps,0.09,46.27,-,-,-,-,-,-,0.09,46.27,2025-01-07T04:07:45.378Z,2025-04-29T10:59:01.370Z,,,,UPI,upi-apps,2022,Apr,,,,en
1581,50,Punjab Sind Bank Apps,0.01,5.38,-,-,-,-,-,-,0.01,5.38,2025-01-07T04:07:45.378Z,2025-04-29T10:59:01.456Z,,,,UPI,upi-apps,2022,Apr,,,,en
1582,51,RBL Bank Apps,0.30,113.65,-,-,-,-,-,-,0.30,113.65,2025-01-07T04:07:45.378Z,2025-04-29T10:59:01.538Z,,,,UPI,upi-apps,2022,Apr,,,,en
1583,52,Samsung Pay,3.81,470.11,-,-,-,-,-,-,3.81,470.11,2025-01-07T04:07:45.378Z,2025-04-29T10:59:01.622Z,,,,UPI,upi-apps,2022,Apr,,,,en
1584,53,South Indian Bank Apps,0.13,45.03,-,-,-,-,-,-,0.13,45.03,2025-01-07T04:07:45.378Z,2025-04-29T10:59:01.702Z,,,,UPI,upi-apps,2022,Apr,,,,en
1585,54,Standard Chartered Bank Apps,0.12,68.15,-,-,-,-,-,-,0.12,68.15,2025-01-07T04:07:45.378Z,2025-04-29T10:59:01.783Z,,,,UPI,upi-apps,2022,Apr,,,,en
1586,55,State Bank of India Apps,4.03,2118.00,-,-,-,-,-,-,4.03,2118.00,2025-01-07T04:07:45.378Z,2025-04-29T10:59:01.864Z,,,,UPI,upi-apps,2022,Apr,,,,en
1587,56,SuperPay,0.02,0.40,-,-,-,-,-,-,0.02,0.40,2025-01-07T04:07:45.378Z,2025-04-29T10:59:01.945Z,,,,UPI,upi-apps,2022,Apr,,,,en
1588,57,Tamilnad Mercantile Bank Apps,0.01,0.26,-,-,-,-,-,-,0.01,0.26,2025-01-07T04:07:45.378Z,2025-04-29T10:59:02.026Z,,,,UPI,upi-apps,2022,Apr,,,,en
1589,58,TataNeu,0.35,32.82,-,-,-,-,-,-,0.35,32.82,2025-01-07T04:07:45.378Z,2025-04-29T10:59:02.106Z,,,,UPI,upi-apps,2022,Apr,,,,en
1590,59,UCO Bank Apps,0.21,41.48,-,-,-,-,-,-,0.21,41.48,2025-01-07T04:07:45.378Z,2025-04-29T10:59:02.187Z,,,,UPI,upi-apps,2022,Apr,,,,en
1591,60,Ultracash,0.03,2.22,-,-,-,-,-,-,0.03,2.22,2025-01-07T04:07:45.378Z,2025-04-29T10:59:02.267Z,,,,UPI,upi-apps,2022,Apr,,,,en
1592,61,Union Bank Apps,0.42,198.34,-,-,-,-,-,-,0.42,198.34,2025-01-07T04:07:45.378Z,2025-04-29T10:59:02.349Z,,,,UPI,upi-apps,2022,Apr,,,,en
1593,62,Utkarsh Small Finance Bank Apps,0.01,3.88,-,-,-,-,-,-,0.01,3.88,2025-01-07T04:07:45.378Z,2025-04-29T10:59:02.430Z,,,,UPI,upi-apps,2022,Apr,,,,en
1594,63,WhatsApp,2.50,242.40,-,-,-,-,-,-,2.50,242.40,2025-01-07T04:07:45.378Z,2025-04-29T10:59:02.515Z,,,,UPI,upi-apps,2022,Apr,,,,en
1595,64,Yes Bank Apps,34.07,10246.99,-,-,-,-,-,-,34.07,10246.99,2025-01-07T04:07:45.378Z,2025-04-29T10:59:02.596Z,,,,UPI,upi-apps,2022,Apr,,,,en
1596,65,YuvaPay,0.06,103.34,-,-,-,-,-,-,0.06,103.34,2025-01-07T04:07:45.378Z,2025-04-29T10:59:02.675Z,,,,UPI,upi-apps,2022,Apr,,,,en
1597,66,Others,0.02,8.26,-,-,-,-,-,-,0.02,8.26,2025-01-07T04:07:45.378Z,2025-04-29T10:59:02.756Z,,,,UPI,upi-apps,2022,Apr,,,,en
1598,1,Airtel Payments Bank Apps,6.10,486.55,-,-,-,-,-,0.07,6.11,486.62,2025-01-07T04:13:19.515Z,2025-04-29T10:59:02.839Z,,,,UPI,upi-apps,2022,May,,,,en
1599,2,Allahabad Bank Apps,0.02,6.25,-,-,-,-,-,-,0.02,6.25,2025-01-07T04:13:19.515Z,2025-04-29T10:59:02.919Z,,,,UPI,upi-apps,2022,May,,,,en
1600,3,Amazon Pay,74.83,6954.18,-,-,-,-,-,-,74.83,6954.18,2025-01-07T04:13:19.515Z,2025-04-29T10:59:03.001Z,,,,UPI,upi-apps,2022,May,,,,en
1601,4,AU Small Finance Bank Apps,0.35,107.22,-,-,-,-,-,-,0.35,107.22,2025-01-07T04:13:19.515Z,2025-04-29T10:59:03.082Z,,,,UPI,upi-apps,2022,May,,,,en
1602,5,Axis Bank Apps,7.46,1372.31,51.14,48.08,0.06,4.77,-,-,58.66,1425.16,2025-01-07T04:13:19.515Z,2025-04-29T10:59:03.162Z,,,,UPI,upi-apps,2022,May,,,,en
1603,6,Bajaj Finserv,0.79,58.53,-,-,-,-,-,-,0.79,58.53,2025-01-07T04:13:19.515Z,2025-04-29T10:59:03.244Z,,,,UPI,upi-apps,2022,May,,,,en
1604,7,Bank of Baroda Apps,0.88,406.79,-,-,-,-,-,-,0.88,406.79,2025-01-07T04:13:19.515Z,2025-04-29T10:59:03.324Z,,,,UPI,upi-apps,2022,May,,,,en
1605,8,Bank of India Apps,0.12,40.04,-,-,-,-,-,-,0.12,40.04,2025-01-07T04:13:19.515Z,2025-04-29T10:59:03.405Z,,,,UPI,upi-apps,2022,May,,,,en
1606,9,Bank of Maharashtra Apps,0.06,16.47,-,-,-,-,-,-,0.06,16.47,2025-01-07T04:13:19.515Z,2025-04-29T10:59:03.486Z,,,,UPI,upi-apps,2022,May,,,,en
1607,10,BHIM,26.57,9559.66,-,-,-,-,-,-,26.57,9559.66,2025-01-07T04:13:19.515Z,2025-04-29T10:59:03.566Z,,,,UPI,upi-apps,2022,May,,,,en
1608,11,Canara Bank Apps,0.33,114.09,-,-,-,-,-,-,0.33,114.09,2025-01-07T04:13:19.515Z,2025-04-29T10:59:03.646Z,,,,UPI,upi-apps,2022,May,,,,en
1609,12,Central Bank of India Apps,0.15,55.40,-,-,-,-,-,-,0.15,55.40,2025-01-07T04:13:19.515Z,2025-04-29T10:59:03.731Z,,,,UPI,upi-apps,2022,May,,,,en
1610,13,Citi Bank Apps,0.13,78.71,-,-,-,-,-,-,0.13,78.71,2025-01-07T04:13:19.515Z,2025-04-29T10:59:03.812Z,,,,UPI,upi-apps,2022,May,,,,en
1611,14,City Union Bank Apps,0.03,10.06,-,-,-,-,-,-,0.03,10.06,2025-01-07T04:13:19.515Z,2025-04-29T10:59:03.894Z,,,,UPI,upi-apps,2022,May,,,,en
1612,15,Cointab,0.06,23.77,-,-,-,-,-,-,0.06,23.77,2025-01-07T04:13:19.515Z,2025-04-29T10:59:03.977Z,,,,UPI,upi-apps,2022,May,,,,en
1613,16,Cred,13.89,18174.61,-,-,-,-,-,-,13.89,18174.61,2025-01-07T04:13:19.515Z,2025-04-29T10:59:04.057Z,,,,UPI,upi-apps,2022,May,,,,en
1614,17,DBS Digibank Apps,0.47,186.33,-,-,-,-,-,-,0.47,186.33,2025-01-07T04:13:19.515Z,2025-04-29T10:59:04.138Z,,,,UPI,upi-apps,2022,May,,,,en
1615,18,Deutsche Bank Apps,1.64,116.54,-,-,-,-,-,-,1.64,116.55,2025-01-07T04:13:19.515Z,2025-04-29T10:59:04.218Z,,,,UPI,upi-apps,2022,May,,,,en
1616,19,Dhanlaxmi Bank Apps,0.01,3.35,-,-,-,-,-,-,0.01,3.35,2025-01-07T04:13:19.515Z,2025-04-29T10:59:04.300Z,,,,UPI,upi-apps,2022,May,,,,en
1617,20,Fave,0.10,6.12,-,-,-,-,-,-,0.10,6.12,2025-01-07T04:13:19.515Z,2025-04-29T10:59:04.382Z,,,,UPI,upi-apps,2022,May,,,,en
1618,21,Federal Bank Apps,3.42,474.12,-,-,-,-,-,-,3.42,474.12,2025-01-07T04:13:19.515Z,2025-04-29T10:59:04.464Z,,,,UPI,upi-apps,2022,May,,,,en
1619,22,Fino Payments bank Apps,0.04,3.83,-,-,-,-,-,-,0.04,3.83,2025-01-07T04:13:19.515Z,2025-04-29T10:59:04.546Z,,,,UPI,upi-apps,2022,May,,,,en
1620,23,Finserv Markets,0.01,1.01,-,-,-,-,-,-,0.01,1.01,2025-01-07T04:13:19.516Z,2025-04-29T10:59:04.629Z,,,,UPI,upi-apps,2022,May,,,,en
1621,24,Finshell Pay,0.09,4.68,-,-,-,-,-,-,0.09,4.68,2025-01-07T04:13:19.516Z,2025-04-29T10:59:04.714Z,,,,UPI,upi-apps,2022,May,,,,en
1622,25,GoIbibo,0.01,2.41,-,-,-,-,-,-,0.01,2.41,2025-01-07T04:13:19.516Z,2025-04-29T10:59:04.795Z,,,,UPI,upi-apps,2022,May,,,,en
1623,26,Google Pay,2079.92,365989.27,-,-,-,-,-,-,2079.92,365989.27,2025-01-07T04:13:19.516Z,2025-04-29T10:59:04.877Z,,,,UPI,upi-apps,2022,May,,,,en
1624,27,Groww,0.51,335.28,-,-,-,-,-,-,0.51,335.28,2025-01-07T04:13:19.516Z,2025-04-29T10:59:04.975Z,,,,UPI,upi-apps,2022,May,,,,en
1625,28,HDFC Bank Apps,6.95,1981.11,-,-,-,-,-,-,6.95,1981.11,2025-01-07T04:13:19.516Z,2025-04-29T10:59:05.056Z,,,,UPI,upi-apps,2022,May,,,,en
1626,29,HSBC Bank Apps,0.10,63.07,-,0.10,-,-,-,-,0.10,63.17,2025-01-07T04:13:19.516Z,2025-04-29T10:59:05.138Z,,,,UPI,upi-apps,2022,May,,,,en
1627,30,ICICI Bank Apps,32.75,9221.65,2.01,120.93,2.82,1714.32,-,-,37.59,11056.90,2025-01-07T04:13:19.516Z,2025-04-29T10:59:05.222Z,,,,UPI,upi-apps,2022,May,,,,en
1628,31,IDBI Bank Apps,0.03,18.48,-,-,-,-,-,-,0.03,18.48,2025-01-07T04:13:19.516Z,2025-04-29T10:59:05.303Z,,,,UPI,upi-apps,2022,May,,,,en
1629,32,IDFC Bank Apps,4.75,626.34,-,-,-,-,-,-,4.75,626.34,2025-01-07T04:13:19.516Z,2025-04-29T10:59:05.383Z,,,,UPI,upi-apps,2022,May,,,,en
1630,33,India Post Payments Bank Apps,3.10,351.88,-,-,-,-,-,-,3.10,351.88,2025-01-07T04:13:19.516Z,2025-04-29T10:59:05.464Z,,,,UPI,upi-apps,2022,May,,,,en
1631,34,Indian Bank Apps,0.16,53.11,-,-,-,0.02,-,-,0.16,53.13,2025-01-07T04:13:19.516Z,2025-04-29T10:59:05.546Z,,,,UPI,upi-apps,2022,May,,,,en
1632,35,Indian Overseas Bank Apps,0.01,2.35,-,-,-,-,-,-,0.01,2.35,2025-01-07T04:13:19.516Z,2025-04-29T10:59:05.629Z,,,,UPI,upi-apps,2022,May,,,,en
1633,36,IndusInd Bank Apps,1.01,1711.21,-,-,-,-,-,-,1.01,1711.21,2025-01-07T04:13:19.516Z,2025-04-29T10:59:05.710Z,,,,UPI,upi-apps,2022,May,,,,en
1634,37,Janata Sahakari Bank Apps,0.01,4.79,-,-,-,-,-,-,0.01,4.79,2025-01-07T04:13:19.516Z,2025-04-29T10:59:05.792Z,,,,UPI,upi-apps,2022,May,,,,en
1635,38,Jio Payments Bank Apps,2.08,127.88,-,-,-,-,-,-,2.08,127.88,2025-01-07T04:13:19.516Z,2025-04-29T10:59:05.875Z,,,,UPI,upi-apps,2022,May,,,,en
1636,39,Jupiter,1.79,215.44,-,-,-,-,-,-,1.79,215.44,2025-01-07T04:13:19.516Z,2025-04-29T10:59:05.959Z,,,,UPI,upi-apps,2022,May,,,,en
1637,40,Jupiter Edge (LivQuick PPI),0.10,5.74,-,-,-,-,-,-,0.10,5.74,2025-01-07T04:13:19.516Z,2025-04-29T10:59:06.039Z,,,,UPI,upi-apps,2022,May,,,,en
1638,41,Karnataka Bank Apps,0.33,40.34,-,-,-,-,-,-,0.33,40.34,2025-01-07T04:13:19.516Z,2025-04-29T10:59:06.119Z,,,,UPI,upi-apps,2022,May,,,,en
1639,42,Karur Vysya Bank Apps,0.04,17.69,-,-,-,-,-,-,0.04,17.69,2025-01-07T04:13:19.516Z,2025-04-29T10:59:06.200Z,,,,UPI,upi-apps,2022,May,,,,en
1640,43,Kotak Mahindra Bank Apps,8.50,1882.81,-,-,-,2.19,-,-,8.50,1885.00,2025-01-07T04:13:19.516Z,2025-04-29T10:59:06.280Z,,,,UPI,upi-apps,2022,May,,,,en
1641,44,MakeMyTrip,0.09,43.26,-,-,-,-,-,-,0.09,43.26,2025-01-07T04:13:19.516Z,2025-04-29T10:59:06.361Z,,,,UPI,upi-apps,2022,May,,,,en
1642,45,MI Pay,0.20,33.90,-,-,-,-,-,-,0.20,33.90,2025-01-07T04:13:19.516Z,2025-04-29T10:59:06.445Z,,,,UPI,upi-apps,2022,May,,,,en
1643,46,Mobikwik,2.46,397.70,-,-,-,-,-,-,2.46,397.70,2025-01-07T04:13:19.516Z,2025-04-29T10:59:06.531Z,,,,UPI,upi-apps,2022,May,,,,en
1644,47,NSDL Payments Bank Apps,0.02,2.39,-,-,-,-,-,-,0.02,2.39,2025-01-07T04:13:19.516Z,2025-04-29T10:59:06.614Z,,,,UPI,upi-apps,2022,May,,,,en
1645,48,Paytm,780.87,91546.50,3.66,5.96,0.19,224.61,102.73,16499.70,887.45,108276.78,2025-01-07T04:13:19.516Z,2025-04-29T10:59:06.695Z,,,,UPI,upi-apps,2022,May,,,,en
1646,49,PhonePe,2778.75,511028.81,-,-,-,-,-,-,2778.75,511028.81,2025-01-07T04:13:19.516Z,2025-04-29T10:59:06.779Z,,,,UPI,upi-apps,2022,May,,,,en
1647,50,Punjab National Bank Apps,0.09,43.77,-,-,-,-,-,-,0.09,43.77,2025-01-07T04:13:19.516Z,2025-04-29T10:59:06.859Z,,,,UPI,upi-apps,2022,May,,,,en
1648,51,Punjab Sind Bank Apps,0.01,6.39,-,-,-,-,-,-,0.01,6.39,2025-01-07T04:13:19.516Z,2025-04-29T10:59:06.940Z,,,,UPI,upi-apps,2022,May,,,,en
1649,52,RBL Bank Apps,0.32,124.01,-,-,0.05,1.38,-,-,0.38,125.39,2025-01-07T04:13:19.516Z,2025-04-29T10:59:07.020Z,,,,UPI,upi-apps,2022,May,,,,en
1650,53,Samsung Pay,4.11,490.30,-,-,-,-,-,-,4.11,490.30,2025-01-07T04:13:19.516Z,2025-04-29T10:59:07.101Z,,,,UPI,upi-apps,2022,May,,,,en
1651,54,South Indian Bank Apps,0.14,49.73,-,-,-,-,-,-,0.14,49.73,2025-01-07T04:13:19.516Z,2025-04-29T10:59:07.181Z,,,,UPI,upi-apps,2022,May,,,,en
1652,55,Standard Chartered Bank Apps,0.13,70.48,-,-,-,-,-,-,0.13,70.48,2025-01-07T04:13:19.516Z,2025-04-29T10:59:07.262Z,,,,UPI,upi-apps,2022,May,,,,en
1653,56,State Bank of India Apps,4.18,2195.66,-,-,-,-,-,-,4.18,2195.66,2025-01-07T04:13:19.516Z,2025-04-29T10:59:07.345Z,,,,UPI,upi-apps,2022,May,,,,en
1654,57,Tamilnad Mercantile Bank Apps,0.01,1.13,-,-,-,-,-,-,0.01,1.13,2025-01-07T04:13:19.516Z,2025-04-29T10:59:07.426Z,,,,UPI,upi-apps,2022,May,,,,en
1655,58,TataNeu,0.22,30.33,-,-,-,-,-,-,0.22,30.33,2025-01-07T04:13:19.516Z,2025-04-29T10:59:07.506Z,,,,UPI,upi-apps,2022,May,,,,en
1656,59,UCO Bank Apps,0.22,46.39,-,-,-,-,-,-,0.22,46.39,2025-01-07T04:13:19.516Z,2025-04-29T10:59:07.584Z,,,,UPI,upi-apps,2022,May,,,,en
1657,60,Ultracash,0.05,4.40,-,-,-,-,-,-,0.05,4.40,2025-01-07T04:13:19.516Z,2025-04-29T10:59:07.666Z,,,,UPI,upi-apps,2022,May,,,,en
1658,61,Union Bank Apps,0.45,211.85,-,-,-,-,-,-,0.45,211.85,2025-01-07T04:13:19.516Z,2025-04-29T10:59:07.745Z,,,,UPI,upi-apps,2022,May,,,,en
1659,62,Utkarsh Small Finance Bank Apps,0.01,4.43,-,-,-,-,-,-,0.01,4.43,2025-01-07T04:13:19.516Z,2025-04-29T10:59:07.825Z,,,,UPI,upi-apps,2022,May,,,,en
1660,63,WhatsApp,3.48,294.98,-,-,-,-,-,-,3.48,294.98,2025-01-07T04:13:19.516Z,2025-04-29T10:59:07.905Z,,,,UPI,upi-apps,2022,May,,,,en
1661,64,Yes Bank Apps,38.19,10760.55,-,-,1.50,999.61,-,-,39.69,11760.16,2025-01-07T04:13:19.516Z,2025-04-29T10:59:07.985Z,,,,UPI,upi-apps,2022,May,,,,en
1662,65,YuvaPay,0.04,88.95,-,-,-,-,-,-,0.04,88.95,2025-01-07T04:13:19.516Z,2025-04-29T10:59:08.066Z,,,,UPI,upi-apps,2022,May,,,,en
1663,66,Others,0.03,10.70,-,-,-,-,-,-,0.03,10.70,2025-01-07T04:13:19.516Z,2025-04-29T10:59:08.149Z,,,,UPI,upi-apps,2022,May,,,,en
1664,1,Airtel Payments Bank Apps,6.38,506.14,-,-,-,-,-,0.06,6.38,506.20,2025-01-07T04:18:09.913Z,2025-04-29T10:59:08.231Z,,,,UPI,upi-apps,2022,Jun,,,,en
1665,2,Allahabad Bank Apps,0.02,6.79,-,-,-,-,-,-,0.02,6.79,2025-01-07T04:18:09.913Z,2025-04-29T10:59:08.310Z,,,,UPI,upi-apps,2022,Jun,,,,en
1666,3,Amazon Pay,68.40,6541.84,-,-,-,-,-,-,68.40,6541.84,2025-01-07T04:18:09.913Z,2025-04-29T10:59:08.396Z,,,,UPI,upi-apps,2022,Jun,,,,en
1667,4,AU Small Finance Bank Apps,0.38,120.24,-,-,-,-,-,-,0.38,120.24,2025-01-07T04:18:09.913Z,2025-04-29T10:59:08.482Z,,,,UPI,upi-apps,2022,Jun,,,,en
1668,5,Axis Bank Apps,6.96,1217.71,0.11,11.05,45.53,39.61,-,-,52.60,1268.38,2025-01-07T04:18:09.913Z,2025-04-29T10:59:08.564Z,,,,UPI,upi-apps,2022,Jun,,,,en
1669,6,Bajaj Finserv,1.16,85.49,-,-,-,-,-,-,1.16,85.49,2025-01-07T04:18:09.913Z,2025-04-29T10:59:08.643Z,,,,UPI,upi-apps,2022,Jun,,,,en
1670,7,Bajaj Markets,0.01,1.20,-,-,-,-,-,-,0.01,1.20,2025-01-07T04:18:09.913Z,2025-04-29T10:59:08.725Z,,,,UPI,upi-apps,2022,Jun,,,,en
1671,8,Bank of Baroda Apps,0.83,347.72,-,-,-,-,-,-,0.83,347.72,2025-01-07T04:18:09.913Z,2025-04-29T10:59:08.806Z,,,,UPI,upi-apps,2022,Jun,,,,en
1672,9,Bank of India Apps,0.13,41.82,-,-,-,-,-,-,0.13,41.82,2025-01-07T04:18:09.913Z,2025-04-29T10:59:08.886Z,,,,UPI,upi-apps,2022,Jun,,,,en
1673,10,Bank of Maharashtra Apps,0.06,15.77,-,-,-,-,-,-,0.06,15.77,2025-01-07T04:18:09.913Z,2025-04-29T10:59:08.968Z,,,,UPI,upi-apps,2022,Jun,,,,en
1674,11,BHIM,22.60,7527.98,-,-,-,-,-,-,22.60,7527.98,2025-01-07T04:18:09.913Z,2025-04-29T10:59:09.049Z,,,,UPI,upi-apps,2022,Jun,,,,en
1675,12,Canara Bank Apps,0.34,109.78,-,-,-,-,-,-,0.34,109.78,2025-01-07T04:18:09.913Z,2025-04-29T10:59:09.130Z,,,,UPI,upi-apps,2022,Jun,,,,en
1676,13,Central Bank of India Apps,0.15,54.06,-,-,-,-,-,-,0.15,54.06,2025-01-07T04:18:09.913Z,2025-04-29T10:59:09.210Z,,,,UPI,upi-apps,2022,Jun,,,,en
1677,14,Citi Bank Apps,0.13,63.54,-,-,-,-,-,-,0.13,63.54,2025-01-07T04:18:09.913Z,2025-04-29T10:59:09.291Z,,,,UPI,upi-apps,2022,Jun,,,,en
1678,15,City Union Bank Apps,0.03,8.72,-,-,-,-,-,-,0.03,8.72,2025-01-07T04:18:09.913Z,2025-04-29T10:59:09.371Z,,,,UPI,upi-apps,2022,Jun,,,,en
1679,16,Cointab,0.06,23.99,-,-,-,-,-,-,0.06,23.99,2025-01-07T04:18:09.913Z,2025-04-29T10:59:09.450Z,,,,UPI,upi-apps,2022,Jun,,,,en
1680,17,Cred,13.40,17583.25,-,-,-,-,-,-,13.40,17583.25,2025-01-07T04:18:09.913Z,2025-04-29T10:59:09.532Z,,,,UPI,upi-apps,2022,Jun,,,,en
1681,18,DBS Digibank Apps,0.46,171.69,-,-,-,-,-,-,0.46,171.69,2025-01-07T04:18:09.913Z,2025-04-29T10:59:09.614Z,,,,UPI,upi-apps,2022,Jun,,,,en
1682,19,Deutsche Bank Apps,1.51,99.12,-,-,-,-,-,-,1.51,99.12,2025-01-07T04:18:09.913Z,2025-04-29T10:59:09.694Z,,,,UPI,upi-apps,2022,Jun,,,,en
1683,20,Dhanlaxmi Bank Apps,0.01,2.70,-,-,-,-,-,-,0.01,2.70,2025-01-07T04:18:09.913Z,2025-04-29T10:59:09.775Z,,,,UPI,upi-apps,2022,Jun,,,,en
1684,21,Equitas Small Finance Bank Apps,0.01,3.87,-,-,-,-,-,-,0.01,3.87,2025-01-07T04:18:09.913Z,2025-04-29T10:59:09.855Z,,,,UPI,upi-apps,2022,Jun,,,,en
1685,22,Fave,0.12,6.94,-,-,-,-,-,-,0.12,6.94,2025-01-07T04:18:09.913Z,2025-04-29T10:59:09.945Z,,,,UPI,upi-apps,2022,Jun,,,,en
1686,23,Federal Bank Apps,3.55,494.21,-,-,-,-,-,-,3.55,494.21,2025-01-07T04:18:09.913Z,2025-04-29T10:59:10.028Z,,,,UPI,upi-apps,2022,Jun,,,,en
1687,24,Fino Payments bank Apps,0.05,3.17,-,-,-,-,-,-,0.05,3.17,2025-01-07T04:18:09.913Z,2025-04-29T10:59:10.110Z,,,,UPI,upi-apps,2022,Jun,,,,en
1688,25,Finshell Pay,0.10,5.30,-,-,-,-,-,-,0.10,5.30,2025-01-07T04:18:09.913Z,2025-04-29T10:59:10.189Z,,,,UPI,upi-apps,2022,Jun,,,,en
1689,26,GoIbibo,0.01,3.87,-,-,-,-,-,-,0.01,3.87,2025-01-07T04:18:09.913Z,2025-04-29T10:59:10.274Z,,,,UPI,upi-apps,2022,Jun,,,,en
1690,27,Google Pay,2025.89,355137.20,-,-,-,-,-,-,2025.89,355137.20,2025-01-07T04:18:09.913Z,2025-04-29T10:59:10.353Z,,,,UPI,upi-apps,2022,Jun,,,,en
1691,28,Groww,0.72,416.73,-,-,-,-,-,-,0.72,416.73,2025-01-07T04:18:09.913Z,2025-04-29T10:59:10.434Z,,,,UPI,upi-apps,2022,Jun,,,,en
1692,29,HDFC Bank Apps,8.24,2066.22,-,-,-,-,-,-,8.24,2066.22,2025-01-07T04:18:09.913Z,2025-04-29T10:59:10.517Z,,,,UPI,upi-apps,2022,Jun,,,,en
1693,30,HSBC Bank Apps,0.11,61.38,-,-,-,-,-,-,0.11,61.39,2025-01-07T04:18:09.913Z,2025-04-29T10:59:10.599Z,,,,UPI,upi-apps,2022,Jun,,,,en
1694,31,ICICI Bank Apps,35.25,6931.44,4.11,3270.67,0.01,0.03,-,-,39.37,10202.14,2025-01-07T04:18:09.913Z,2025-04-29T10:59:10.681Z,,,,UPI,upi-apps,2022,Jun,,,,en
1695,32,IDBI Bank Apps,0.03,15.71,-,-,-,-,-,-,0.03,15.71,2025-01-07T04:18:09.913Z,2025-04-29T10:59:10.763Z,,,,UPI,upi-apps,2022,Jun,,,,en
1696,33,IDFC Bank Apps,7.03,663.65,-,-,-,-,-,-,7.03,663.65,2025-01-07T04:18:09.913Z,2025-04-29T10:59:10.844Z,,,,UPI,upi-apps,2022,Jun,,,,en
1697,34,India Post Payments Bank Apps,3.98,467.34,-,-,-,-,-,-,3.98,467.34,2025-01-07T04:18:09.914Z,2025-04-29T10:59:10.925Z,,,,UPI,upi-apps,2022,Jun,,,,en
1698,35,Indian Bank Apps,0.17,53.30,-,0.38,-,-,-,-,0.17,53.68,2025-01-07T04:18:09.914Z,2025-04-29T10:59:11.007Z,,,,UPI,upi-apps,2022,Jun,,,,en
1699,36,Indian Overseas Bank Apps,0.01,2.98,-,-,-,-,-,-,0.01,2.98,2025-01-07T04:18:09.914Z,2025-04-29T10:59:11.089Z,,,,UPI,upi-apps,2022,Jun,,,,en
1700,37,IndusInd Bank Apps,1.00,1645.13,-,-,-,-,-,-,1.00,1645.13,2025-01-07T04:18:09.914Z,2025-04-29T10:59:11.169Z,,,,UPI,upi-apps,2022,Jun,,,,en
1701,38,Janata Sahakari Bank Apps,0.01,4.47,-,-,-,-,-,-,0.01,4.47,2025-01-07T04:18:09.914Z,2025-04-29T10:59:11.249Z,,,,UPI,upi-apps,2022,Jun,,,,en
1702,39,Jio Payments Bank Apps,1.87,116.34,-,-,-,-,-,-,1.87,116.34,2025-01-07T04:18:09.914Z,2025-04-29T10:59:11.329Z,,,,UPI,upi-apps,2022,Jun,,,,en
1703,40,Jupiter,1.89,223.22,-,-,-,-,-,-,1.89,223.22,2025-01-07T04:18:09.914Z,2025-04-29T10:59:11.410Z,,,,UPI,upi-apps,2022,Jun,,,,en
1704,41,Jupiter Edge (LivQuick PPI),0.13,8.72,-,-,-,-,-,-,0.13,8.72,2025-01-07T04:18:09.914Z,2025-04-29T10:59:11.490Z,,,,UPI,upi-apps,2022,Jun,,,,en
1705,42,Karnataka Bank Apps,0.32,43.13,-,-,-,-,-,-,0.32,43.13,2025-01-07T04:18:09.914Z,2025-04-29T10:59:11.573Z,,,,UPI,upi-apps,2022,Jun,,,,en
1706,43,Karur Vysya Bank Apps,0.04,15.91,-,-,-,-,-,-,0.04,15.91,2025-01-07T04:18:09.914Z,2025-04-29T10:59:11.656Z,,,,UPI,upi-apps,2022,Jun,,,,en
1707,44,Kotak Mahindra Bank Apps,8.33,1758.64,0.01,3.64,-,-,-,-,8.33,1762.28,2025-01-07T04:18:09.914Z,2025-04-29T10:59:11.736Z,,,,UPI,upi-apps,2022,Jun,,,,en
1708,45,MakeMyTrip,0.11,51.45,-,-,-,-,-,-,0.11,51.45,2025-01-07T04:18:09.914Z,2025-04-29T10:59:11.818Z,,,,UPI,upi-apps,2022,Jun,,,,en
1709,46,MI Pay,0.17,29.61,-,-,-,-,-,-,0.17,29.61,2025-01-07T04:18:09.914Z,2025-04-29T10:59:11.900Z,,,,UPI,upi-apps,2022,Jun,,,,en
1710,47,Mobikwik,2.31,404.63,-,-,-,-,-,-,2.31,404.63,2025-01-07T04:18:09.914Z,2025-04-29T10:59:11.984Z,,,,UPI,upi-apps,2022,Jun,,,,en
1711,48,NSDL Payments Bank Apps,0.02,2.44,-,-,-,-,-,-,0.02,2.44,2025-01-07T04:18:09.914Z,2025-04-29T10:59:12.068Z,,,,UPI,upi-apps,2022,Jun,,,,en
1712,49,Paytm,778.87,89388.78,0.35,412.20,-,-,98.28,12318.93,877.50,102119.90,2025-01-07T04:18:09.914Z,2025-04-29T10:59:12.150Z,,,,UPI,upi-apps,2022,Jun,,,,en
1713,50,PhonePe,2732.59,501474.48,-,-,-,-,-,-,2732.59,501474.48,2025-01-07T04:18:09.914Z,2025-04-29T10:59:12.232Z,,,,UPI,upi-apps,2022,Jun,,,,en
1714,51,Punjab National Bank Apps,0.08,40.68,-,-,-,-,-,-,0.08,40.68,2025-01-07T04:18:09.914Z,2025-04-29T10:59:12.312Z,,,,UPI,upi-apps,2022,Jun,,,,en
1715,52,Punjab Sind Bank Apps,0.01,5.93,-,-,-,-,-,-,0.01,5.93,2025-01-07T04:18:09.914Z,2025-04-29T10:59:12.395Z,,,,UPI,upi-apps,2022,Jun,,,,en
1716,53,RBL Bank Apps,0.35,121.00,0.07,2.89,-,-,-,-,0.42,123.89,2025-01-07T04:18:09.914Z,2025-04-29T10:59:12.476Z,,,,UPI,upi-apps,2022,Jun,,,,en
1717,54,Samsung Pay,4.07,468.23,-,-,-,-,-,-,4.07,468.23,2025-01-07T04:18:09.914Z,2025-04-29T10:59:12.557Z,,,,UPI,upi-apps,2022,Jun,,,,en
1718,55,South Indian Bank Apps,0.14,46.66,-,-,-,-,-,-,0.14,46.66,2025-01-07T04:18:09.914Z,2025-04-29T10:59:12.640Z,,,,UPI,upi-apps,2022,Jun,,,,en
1719,56,Standard Chartered Bank Apps,0.13,69.13,-,-,-,-,-,-,0.13,69.13,2025-01-07T04:18:09.914Z,2025-04-29T10:59:12.838Z,,,,UPI,upi-apps,2022,Jun,,,,en
1720,57,State Bank of India Apps,3.83,1947.10,-,-,-,-,-,-,3.83,1947.10,2025-01-07T04:18:09.914Z,2025-04-29T10:59:12.928Z,,,,UPI,upi-apps,2022,Jun,,,,en
1721,58,Tamilnad Mercantile Bank Apps,0.03,4.02,-,-,-,-,-,-,0.03,4.02,2025-01-07T04:18:09.914Z,2025-04-29T10:59:13.009Z,,,,UPI,upi-apps,2022,Jun,,,,en
1722,59,TataNeu,0.12,19.41,-,-,-,-,-,-,0.12,19.41,2025-01-07T04:18:09.914Z,2025-04-29T10:59:13.090Z,,,,UPI,upi-apps,2022,Jun,,,,en
1723,60,TJSB Bank Apps,0.01,2.10,-,-,-,-,-,-,0.01,2.10,2025-01-07T04:18:09.914Z,2025-04-29T10:59:13.169Z,,,,UPI,upi-apps,2022,Jun,,,,en
1724,61,UCO Bank Apps,0.22,42.30,-,-,-,-,-,-,0.22,42.30,2025-01-07T04:18:09.914Z,2025-04-29T10:59:13.252Z,,,,UPI,upi-apps,2022,Jun,,,,en
1725,62,Ultracash,0.03,3.32,-,-,-,-,-,-,0.03,3.32,2025-01-07T04:18:09.914Z,2025-04-29T10:59:13.332Z,,,,UPI,upi-apps,2022,Jun,,,,en
1726,63,Union Bank Apps,0.45,199.80,-,-,-,-,-,-,0.45,199.80,2025-01-07T04:18:09.914Z,2025-04-29T10:59:13.412Z,,,,UPI,upi-apps,2022,Jun,,,,en
1727,64,Utkarsh Small Finance Bank Apps,0.01,3.47,-,-,-,-,-,-,0.01,3.47,2025-01-07T04:18:09.914Z,2025-04-29T10:59:13.492Z,,,,UPI,upi-apps,2022,Jun,,,,en
1728,65,WhatsApp,23.04,429.06,-,-,-,-,-,-,23.04,429.06,2025-01-07T04:18:09.914Z,2025-04-29T10:59:13.573Z,,,,UPI,upi-apps,2022,Jun,,,,en
1729,66,Yes Bank Apps,41.67,9889.56,2.35,1257.60,-,-,-,-,44.03,11147.17,2025-01-07T04:18:09.914Z,2025-04-29T10:59:13.654Z,,,,UPI,upi-apps,2022,Jun,,,,en
1730,67,YuvaPay,0.03,58.31,-,-,-,-,-,-,0.03,58.31,2025-01-07T04:18:09.914Z,2025-04-29T10:59:13.736Z,,,,UPI,upi-apps,2022,Jun,,,,en
1731,68,Others,0.02,6.34,-,-,-,-,-,-,0.02,6.34,2025-01-07T04:18:09.914Z,2025-04-29T10:59:13.817Z,,,,UPI,upi-apps,2022,Jun,,,,en
1732,1,Airtel Payments Bank Apps,7.40,555.09,-,-,-,-,-,0.16,7.41,555.26,2025-01-07T04:20:01.619Z,2025-04-29T10:59:13.898Z,,,,UPI,upi-apps,2022,Jul,,,,en
1733,2,Allahabad Bank Apps,0.03,6.95,-,-,-,-,-,-,0.03,6.95,2025-01-07T04:20:01.619Z,2025-04-29T10:59:13.980Z,,,,UPI,upi-apps,2022,Jul,,,,en
1734,3,Amazon Pay,68.77,6751.80,-,-,-,-,-,-,68.77,6751.80,2025-01-07T04:20:01.619Z,2025-04-29T10:59:14.059Z,,,,UPI,upi-apps,2022,Jul,,,,en
1735,4,AU Small Finance Bank Apps,0.42,131.49,-,-,-,-,-,-,0.42,131.49,2025-01-07T04:20:01.619Z,2025-04-29T10:59:14.139Z,,,,UPI,upi-apps,2022,Jul,,,,en
1736,5,Axis Bank Apps,7.35,1174.32,46.63,38.10,0.02,1.53,-,-,53.99,1213.95,2025-01-07T04:20:01.619Z,2025-04-29T10:59:14.219Z,,,,UPI,upi-apps,2022,Jul,,,,en
1737,6,Bajaj Finserv,1.95,128.52,-,-,-,-,-,-,1.95,128.52,2025-01-07T04:20:01.619Z,2025-04-29T10:59:14.299Z,,,,UPI,upi-apps,2022,Jul,,,,en
1738,7,Bajaj Markets,0.02,1.66,-,-,-,-,-,-,0.02,1.66,2025-01-07T04:20:01.619Z,2025-04-29T10:59:14.379Z,,,,UPI,upi-apps,2022,Jul,,,,en
1739,8,Bandhan Bank Apps,0.01,1.35,-,-,-,-,-,-,0.01,1.35,2025-01-07T04:20:01.619Z,2025-04-29T10:59:14.458Z,,,,UPI,upi-apps,2022,Jul,,,,en
1740,9,Bank of Baroda Apps,0.88,354.45,-,-,-,-,-,-,0.88,354.45,2025-01-07T04:20:01.619Z,2025-04-29T10:59:14.536Z,,,,UPI,upi-apps,2022,Jul,,,,en
1741,10,Bank of India Apps,0.15,46.44,-,-,-,-,-,-,0.15,46.44,2025-01-07T04:20:01.619Z,2025-04-29T10:59:14.614Z,,,,UPI,upi-apps,2022,Jul,,,,en
1742,11,Bank of Maharashtra Apps,0.06,16.47,-,-,-,-,-,-,0.06,16.47,2025-01-07T04:20:01.619Z,2025-04-29T10:59:14.702Z,,,,UPI,upi-apps,2022,Jul,,,,en
1743,12,BHIM,24.48,7823.95,-,-,-,-,-,-,24.48,7823.95,2025-01-07T04:20:01.619Z,2025-04-29T10:59:14.782Z,,,,UPI,upi-apps,2022,Jul,,,,en
1744,13,Canara Bank Apps,0.47,128.79,-,-,-,-,-,-,0.47,128.79,2025-01-07T04:20:01.619Z,2025-04-29T10:59:14.871Z,,,,UPI,upi-apps,2022,Jul,,,,en
1745,14,Central Bank of India Apps,0.22,58.37,-,-,-,-,-,-,0.22,58.37,2025-01-07T04:20:01.619Z,2025-04-29T10:59:14.963Z,,,,UPI,upi-apps,2022,Jul,,,,en
1746,15,Citi Bank Apps,0.11,63.66,-,-,-,-,-,-,0.11,63.66,2025-01-07T04:20:01.619Z,2025-04-29T10:59:15.044Z,,,,UPI,upi-apps,2022,Jul,,,,en
1747,16,City Union Bank Apps,0.03,10.19,-,-,-,-,-,-,0.03,10.19,2025-01-07T04:20:01.619Z,2025-04-29T10:59:15.131Z,,,,UPI,upi-apps,2022,Jul,,,,en
1748,17,Cointab,0.07,27.30,-,-,-,-,-,-,0.07,27.30,2025-01-07T04:20:01.619Z,2025-04-29T10:59:15.209Z,,,,UPI,upi-apps,2022,Jul,,,,en
1749,18,Cred,14.89,19716.43,-,-,-,-,-,-,14.89,19716.43,2025-01-07T04:20:01.619Z,2025-04-29T10:59:15.289Z,,,,UPI,upi-apps,2022,Jul,,,,en
1750,19,DBS Digibank Apps,0.47,179.27,-,-,-,-,-,-,0.47,179.27,2025-01-07T04:20:01.619Z,2025-04-29T10:59:15.369Z,,,,UPI,upi-apps,2022,Jul,,,,en
1751,20,Deutsche Bank Apps,1.87,116.00,-,-,-,0.01,-,-,1.87,116.01,2025-01-07T04:20:01.619Z,2025-04-29T10:59:15.449Z,,,,UPI,upi-apps,2022,Jul,,,,en
1752,21,Dhanlaxmi Bank Apps,0.01,2.86,-,-,-,-,-,-,0.01,2.86,2025-01-07T04:20:01.619Z,2025-04-29T10:59:15.528Z,,,,UPI,upi-apps,2022,Jul,,,,en
1753,22,Equitas Small Finance Bank Apps,0.01,4.89,-,-,-,-,-,-,0.01,4.89,2025-01-07T04:20:01.619Z,2025-04-29T10:59:15.608Z,,,,UPI,upi-apps,2022,Jul,,,,en
1754,23,Fave,0.16,11.06,-,-,-,-,-,-,0.16,11.06,2025-01-07T04:20:01.619Z,2025-04-29T10:59:15.688Z,,,,UPI,upi-apps,2022,Jul,,,,en
1755,24,Federal Bank Apps,3.85,539.55,-,-,-,-,-,-,3.85,539.55,2025-01-07T04:20:01.619Z,2025-04-29T10:59:15.767Z,,,,UPI,upi-apps,2022,Jul,,,,en
1756,25,Fino Payments Bank Apps,0.06,4.26,-,-,-,-,-,-,0.06,4.26,2025-01-07T04:20:01.619Z,2025-04-29T10:59:15.848Z,,,,UPI,upi-apps,2022,Jul,,,,en
1757,26,GoIbibo,0.01,5.10,-,-,-,-,-,-,0.01,5.10,2025-01-07T04:20:01.619Z,2025-04-29T10:59:15.930Z,,,,UPI,upi-apps,2022,Jul,,,,en
1758,27,Google Pay,2130.63,366669.09,-,-,-,-,-,-,2130.63,366669.09,2025-01-07T04:20:01.619Z,2025-04-29T10:59:16.011Z,,,,UPI,upi-apps,2022,Jul,,,,en
1759,28,Groww,0.49,290.31,-,-,-,-,-,-,0.49,290.31,2025-01-07T04:20:01.619Z,2025-04-29T10:59:16.089Z,,,,UPI,upi-apps,2022,Jul,,,,en
1760,29,HDFC Bank Apps,9.38,2341.28,-,-,-,-,-,-,9.38,2341.28,2025-01-07T04:20:01.619Z,2025-04-29T10:59:16.168Z,,,,UPI,upi-apps,2022,Jul,,,,en
1761,30,HSBC Bank Apps,0.11,68.43,-,0.04,-,-,-,-,0.11,68.47,2025-01-07T04:20:01.619Z,2025-04-29T10:59:16.253Z,,,,UPI,upi-apps,2022,Jul,,,,en
1762,31,ICICI Bank Apps,32.53,7745.19,0.46,32.24,4.36,3731.87,-,-,37.34,11509.29,2025-01-07T04:20:01.619Z,2025-04-29T10:59:16.338Z,,,,UPI,upi-apps,2022,Jul,,,,en
1763,32,IDBI Bank Apps,0.03,16.42,-,-,-,-,-,-,0.03,16.42,2025-01-07T04:20:01.619Z,2025-04-29T10:59:16.423Z,,,,UPI,upi-apps,2022,Jul,,,,en
1764,33,IDFC Bank Apps,8.28,645.34,-,-,-,-,-,-,8.28,645.34,2025-01-07T04:20:01.619Z,2025-04-29T10:59:16.503Z,,,,UPI,upi-apps,2022,Jul,,,,en
1765,34,India Post Payments Bank Apps,4.08,480.59,-,-,-,-,-,-,4.08,480.59,2025-01-07T04:20:01.619Z,2025-04-29T10:59:16.581Z,,,,UPI,upi-apps,2022,Jul,,,,en
1766,35,Indian Bank Apps,0.20,58.15,-,-,0.01,13.23,-,-,0.21,71.39,2025-01-07T04:20:01.619Z,2025-04-29T10:59:16.660Z,,,,UPI,upi-apps,2022,Jul,,,,en
1767,36,Indian Overseas Bank Apps,0.01,3.74,-,-,-,-,-,-,0.01,3.74,2025-01-07T04:20:01.619Z,2025-04-29T10:59:16.738Z,,,,UPI,upi-apps,2022,Jul,,,,en
1768,37,IndusInd Bank Apps,0.99,1652.26,-,-,-,-,-,-,0.99,1652.26,2025-01-07T04:20:01.619Z,2025-04-29T10:59:16.817Z,,,,UPI,upi-apps,2022,Jul,,,,en
1769,38,Janata Sahakari Bank Apps,0.01,4.15,-,-,-,-,-,-,0.01,4.15,2025-01-07T04:20:01.619Z,2025-04-29T10:59:16.896Z,,,,UPI,upi-apps,2022,Jul,,,,en
1770,39,Jio Payments Bank Apps,1.90,116.59,-,-,-,-,-,-,1.90,116.59,2025-01-07T04:20:01.619Z,2025-04-29T10:59:16.980Z,,,,UPI,upi-apps,2022,Jul,,,,en
1771,40,Jupiter,2.10,254.14,-,-,-,-,-,-,2.10,254.14,2025-01-07T04:20:01.619Z,2025-04-29T10:59:17.060Z,,,,UPI,upi-apps,2022,Jul,,,,en
1772,41,Karnataka Bank Apps,0.35,48.01,-,-,-,-,-,-,0.35,48.01,2025-01-07T04:20:01.619Z,2025-04-29T10:59:17.139Z,,,,UPI,upi-apps,2022,Jul,,,,en
1773,42,Karur Vysya Bank Apps,0.04,15.66,-,-,-,-,-,-,0.04,15.66,2025-01-07T04:20:01.619Z,2025-04-29T10:59:17.218Z,,,,UPI,upi-apps,2022,Jul,,,,en
1774,43,Kotak Mahindra Bank Apps,8.86,1815.87,-,-,-,0.46,-,-,8.86,1816.33,2025-01-07T04:20:01.619Z,2025-04-29T10:59:17.297Z,,,,UPI,upi-apps,2022,Jul,,,,en
1775,44,MakeMyTrip,0.13,58.19,-,-,-,-,-,-,0.13,58.19,2025-01-07T04:20:01.619Z,2025-04-29T10:59:17.377Z,,,,UPI,upi-apps,2022,Jul,,,,en
1776,45,MI Pay,0.16,26.98,-,-,-,-,-,-,0.16,26.98,2025-01-07T04:20:01.619Z,2025-04-29T10:59:17.460Z,,,,UPI,upi-apps,2022,Jul,,,,en
1777,46,Mobikwik,2.48,462.17,-,-,-,-,-,-,2.48,462.17,2025-01-07T04:20:01.619Z,2025-04-29T10:59:17.542Z,,,,UPI,upi-apps,2022,Jul,,,,en
1778,47,NSDL Payments Bank Apps,0.02,3.50,-,-,-,-,-,-,0.02,3.50,2025-01-07T04:20:01.619Z,2025-04-29T10:59:17.621Z,,,,UPI,upi-apps,2022,Jul,,,,en
1779,48,Paytm,828.63,94507.77,0.55,1.91,0.38,465.62,104.32,16174.36,933.88,111149.66,2025-01-07T04:20:01.619Z,2025-04-29T10:59:17.702Z,,,,UPI,upi-apps,2022,Jul,,,,en
1780,49,PhonePe,2993.83,524742.49,-,-,-,-,-,-,2993.83,524742.49,2025-01-07T04:20:01.619Z,2025-04-29T10:59:17.782Z,,,,UPI,upi-apps,2022,Jul,,,,en
1781,50,Punjab National Bank Apps,0.07,35.70,-,-,-,-,-,-,0.07,35.70,2025-01-07T04:20:01.619Z,2025-04-29T10:59:17.861Z,,,,UPI,upi-apps,2022,Jul,,,,en
1782,51,Punjab Sind Bank Apps,0.01,4.03,-,-,-,-,-,-,0.01,4.03,2025-01-07T04:20:01.619Z,2025-04-29T10:59:17.943Z,,,,UPI,upi-apps,2022,Jul,,,,en
1783,52,RBL Bank Apps,0.52,120.48,-,-,0.02,0.69,-,-,0.54,121.17,2025-01-07T04:20:01.619Z,2025-04-29T10:59:18.023Z,,,,UPI,upi-apps,2022,Jul,,,,en
1784,53,Samsung Pay,4.05,472.39,-,-,-,-,-,-,4.05,472.39,2025-01-07T04:20:01.619Z,2025-04-29T10:59:18.103Z,,,,UPI,upi-apps,2022,Jul,,,,en
1785,54,South Indian Bank Apps,0.15,46.97,-,-,-,-,-,-,0.15,46.97,2025-01-07T04:20:01.619Z,2025-04-29T10:59:18.184Z,,,,UPI,upi-apps,2022,Jul,,,,en
1786,55,Standard Chartered Bank Apps,0.14,74.11,-,-,-,-,-,-,0.14,74.11,2025-01-07T04:20:01.619Z,2025-04-29T10:59:18.262Z,,,,UPI,upi-apps,2022,Jul,,,,en
1787,56,State Bank of India Apps,4.15,2013.47,-,-,-,-,-,-,4.15,2013.47,2025-01-07T04:20:01.619Z,2025-04-29T10:59:18.343Z,,,,UPI,upi-apps,2022,Jul,,,,en
1788,57,Tamilnad Mercantile Bank Apps,0.05,6.78,-,-,-,-,-,-,0.05,6.78,2025-01-07T04:20:01.619Z,2025-04-29T10:59:18.424Z,,,,UPI,upi-apps,2022,Jul,,,,en
1789,58,TataNeu,0.11,17.26,-,-,-,-,-,-,0.11,17.26,2025-01-07T04:20:01.619Z,2025-04-29T10:59:18.504Z,,,,UPI,upi-apps,2022,Jul,,,,en
1790,59,TJSB Bank Apps,0.01,2.26,-,-,-,-,-,-,0.01,2.26,2025-01-07T04:20:01.619Z,2025-04-29T10:59:18.584Z,,,,UPI,upi-apps,2022,Jul,,,,en
1791,60,UCO Bank Apps,0.22,46.83,-,-,-,-,-,-,0.22,46.83,2025-01-07T04:20:01.619Z,2025-04-29T10:59:18.664Z,,,,UPI,upi-apps,2022,Jul,,,,en
1792,61,Ultracash,0.03,2.08,-,-,-,-,-,-,0.03,2.08,2025-01-07T04:20:01.619Z,2025-04-29T10:59:18.745Z,,,,UPI,upi-apps,2022,Jul,,,,en
1793,62,Union Bank Apps,0.49,208.03,-,-,-,-,-,-,0.49,208.03,2025-01-07T04:20:01.619Z,2025-04-29T10:59:18.829Z,,,,UPI,upi-apps,2022,Jul,,,,en
1794,63,Utkarsh Small Finance Bank Apps,0.02,4.55,-,-,-,-,-,-,0.02,4.55,2025-01-07T04:20:01.619Z,2025-04-29T10:59:18.910Z,,,,UPI,upi-apps,2022,Jul,,,,en
1795,64,WhatsApp,6.18,502.00,-,-,-,-,-,-,6.18,502.00,2025-01-07T04:20:01.619Z,2025-04-29T10:59:18.992Z,,,,UPI,upi-apps,2022,Jul,,,,en
1796,65,Yes Bank Apps,55.35,13868.41,-,-,5.45,1367.63,-,-,60.80,15236.04,2025-01-07T04:20:01.619Z,2025-04-29T10:59:19.074Z,,,,UPI,upi-apps,2022,Jul,,,,en
1797,66,YuvaPay,0.01,21.38,-,-,-,-,-,-,0.01,21.38,2025-01-07T04:20:01.619Z,2025-04-29T10:59:19.154Z,,,,UPI,upi-apps,2022,Jul,,,,en
1798,67,Others,0.02,5.15,-,-,-,-,-,-,0.02,5.15,2025-01-07T04:20:01.619Z,2025-04-29T10:59:19.234Z,,,,UPI,upi-apps,2022,Jul,,,,en
1799,1,Airtel Payments Bank Apps,7.96,608.38,-,-,-,0.01,-,0.11,7.96,608.50,2025-01-07T04:23:05.151Z,2025-04-29T10:59:19.315Z,,,,UPI,upi-apps,2022,Aug,,,,en
1800,2,Allahabad Bank Apps,0.03,7.70,-,-,-,-,-,-,0.03,7.70,2025-01-07T04:23:05.151Z,2025-04-29T10:59:19.395Z,,,,UPI,upi-apps,2022,Aug,,,,en
1801,3,Amazon Pay,62.43,6353.15,-,-,-,-,-,-,62.43,6353.15,2025-01-07T04:23:05.151Z,2025-04-29T10:59:19.477Z,,,,UPI,upi-apps,2022,Aug,,,,en
1802,4,AU Small Finance Bank Apps,0.45,138.70,-,-,-,-,-,-,0.45,138.70,2025-01-07T04:23:05.151Z,2025-04-29T10:59:19.558Z,,,,UPI,upi-apps,2022,Aug,,,,en
1803,5,Axis Bank Apps,7.39,1313.76,50.70,42.71,0.02,1.42,-,-,58.11,1357.89,2025-01-07T04:23:05.151Z,2025-04-29T10:59:19.639Z,,,,UPI,upi-apps,2022,Aug,,,,en
1804,6,Bajaj Finserv,2.45,178.59,-,-,-,-,-,-,2.45,178.59,2025-01-07T04:23:05.151Z,2025-04-29T10:59:19.723Z,,,,UPI,upi-apps,2022,Aug,,,,en
1805,7,Bajaj Markets,0.02,1.58,-,-,-,-,-,-,0.02,1.58,2025-01-07T04:23:05.151Z,2025-04-29T10:59:19.803Z,,,,UPI,upi-apps,2022,Aug,,,,en
1806,8,Bandhan Bank Apps,0.01,1.25,-,-,-,-,-,-,0.01,1.25,2025-01-07T04:23:05.151Z,2025-04-29T10:59:19.883Z,,,,UPI,upi-apps,2022,Aug,,,,en
1807,9,Bank of Baroda Apps,0.99,383.42,-,-,-,-,-,-,0.99,383.43,2025-01-07T04:23:05.151Z,2025-04-29T10:59:19.965Z,,,,UPI,upi-apps,2022,Aug,,,,en
1808,10,Bank of India Apps,0.17,54.81,-,-,-,-,-,-,0.17,54.81,2025-01-07T04:23:05.151Z,2025-04-29T10:59:20.046Z,,,,UPI,upi-apps,2022,Aug,,,,en
1809,11,Bank of Maharashtra Apps,0.07,17.19,-,-,-,-,-,-,0.07,17.19,2025-01-07T04:23:05.151Z,2025-04-29T10:59:20.126Z,,,,UPI,upi-apps,2022,Aug,,,,en
1810,12,BHIM,24.99,7860.48,-,-,-,-,-,-,24.99,7860.48,2025-01-07T04:23:05.151Z,2025-04-29T10:59:20.205Z,,,,UPI,upi-apps,2022,Aug,,,,en
1811,13,Canara Bank Apps,0.67,176.37,-,-,-,-,-,-,0.67,176.37,2025-01-07T04:23:05.151Z,2025-04-29T10:59:20.286Z,,,,UPI,upi-apps,2022,Aug,,,,en
1812,14,Central Bank of India Apps,0.24,64.59,-,-,-,0.01,-,-,0.24,64.59,2025-01-07T04:23:05.151Z,2025-04-29T10:59:20.365Z,,,,UPI,upi-apps,2022,Aug,,,,en
1813,15,Citi Bank Apps,0.11,63.08,-,-,-,-,-,-,0.11,63.08,2025-01-07T04:23:05.151Z,2025-04-29T10:59:20.447Z,,,,UPI,upi-apps,2022,Aug,,,,en
1814,16,City Union Bank Apps,0.04,11.45,-,-,-,-,-,-,0.04,11.45,2025-01-07T04:23:05.151Z,2025-04-29T10:59:20.527Z,,,,UPI,upi-apps,2022,Aug,,,,en
1815,17,Cointab,0.06,24.98,-,-,-,-,-,-,0.06,24.98,2025-01-07T04:23:05.151Z,2025-04-29T10:59:20.608Z,,,,UPI,upi-apps,2022,Aug,,,,en
1816,18,Cred,14.81,19084.30,-,-,-,-,-,-,14.81,19084.30,2025-01-07T04:23:05.151Z,2025-04-29T10:59:20.688Z,,,,UPI,upi-apps,2022,Aug,,,,en
1817,19,DBS Digibank Apps,0.48,178.76,-,-,-,-,-,-,0.48,178.76,2025-01-07T04:23:05.151Z,2025-04-29T10:59:20.768Z,,,,UPI,upi-apps,2022,Aug,,,,en
1818,20,Deutsche Bank Apps,1.98,119.21,-,-,-,0.01,-,-,1.98,119.21,2025-01-07T04:23:05.151Z,2025-04-29T10:59:20.848Z,,,,UPI,upi-apps,2022,Aug,,,,en
1819,21,Dhanlaxmi Bank Apps,0.01,3.10,-,-,-,-,-,-,0.01,3.10,2025-01-07T04:23:05.151Z,2025-04-29T10:59:20.929Z,,,,UPI,upi-apps,2022,Aug,,,,en
1820,22,Equitas Small Finance Bank Apps,0.01,4.94,-,-,-,-,-,-,0.01,4.94,2025-01-07T04:23:05.151Z,2025-04-29T10:59:21.010Z,,,,UPI,upi-apps,2022,Aug,,,,en
1821,23,Fave,0.14,7.71,-,-,-,-,-,-,0.14,7.71,2025-01-07T04:23:05.151Z,2025-04-29T10:59:21.090Z,,,,UPI,upi-apps,2022,Aug,,,,en
1822,24,Federal Bank Apps,3.80,520.20,-,-,-,-,-,-,3.80,520.20,2025-01-07T04:23:05.151Z,2025-04-29T10:59:21.170Z,,,,UPI,upi-apps,2022,Aug,,,,en
1823,25,Fino Payments bank Apps,0.08,5.05,-,-,-,-,-,-,0.08,5.05,2025-01-07T04:23:05.151Z,2025-04-29T10:59:21.249Z,,,,UPI,upi-apps,2022,Aug,,,,en
1824,26,GoIbibo,0.01,4.82,-,-,-,-,-,-,0.01,4.82,2025-01-07T04:23:05.151Z,2025-04-29T10:59:21.332Z,,,,UPI,upi-apps,2022,Aug,,,,en
1825,27,Google Pay,2212.73,371081.16,-,-,-,-,-,-,2212.73,371081.16,2025-01-07T04:23:05.151Z,2025-04-29T10:59:21.412Z,,,,UPI,upi-apps,2022,Aug,,,,en
1826,28,Groww,0.80,490.93,-,-,-,-,-,-,0.80,490.93,2025-01-07T04:23:05.151Z,2025-04-29T10:59:21.490Z,,,,UPI,upi-apps,2022,Aug,,,,en
1827,29,HDFC Bank Apps,9.83,2415.47,-,-,-,-,-,-,9.83,2415.47,2025-01-07T04:23:05.151Z,2025-04-29T10:59:21.569Z,,,,UPI,upi-apps,2022,Aug,,,,en
1828,30,HSBC Bank Apps,0.11,65.70,-,0.44,-,-,-,-,0.11,66.14,2025-01-07T04:23:05.151Z,2025-04-29T10:59:21.648Z,,,,UPI,upi-apps,2022,Aug,,,,en
1829,31,ICICI Bank Apps,36.96,8334.98,4.96,406.52,3.68,1983.75,-,-,45.59,10725.25,2025-01-07T04:23:05.151Z,2025-04-29T10:59:21.726Z,,,,UPI,upi-apps,2022,Aug,,,,en
1830,32,IDBI Bank Apps,0.04,20.31,-,-,-,-,-,-,0.04,20.31,2025-01-07T04:23:05.151Z,2025-04-29T10:59:21.805Z,,,,UPI,upi-apps,2022,Aug,,,,en
1831,33,IDFC Bank Apps,10.19,762.41,-,-,-,-,-,-,10.19,762.41,2025-01-07T04:23:05.151Z,2025-04-29T10:59:21.885Z,,,,UPI,upi-apps,2022,Aug,,,,en
1832,34,India Post Payments Bank Apps,4.30,504.41,-,-,-,-,-,-,4.30,504.41,2025-01-07T04:23:05.151Z,2025-04-29T10:59:21.971Z,,,,UPI,upi-apps,2022,Aug,,,,en
1833,35,Indian Bank Apps,0.22,63.10,-,-,-,0.23,-,-,0.22,63.33,2025-01-07T04:23:05.151Z,2025-04-29T10:59:22.051Z,,,,UPI,upi-apps,2022,Aug,,,,en
1834,36,Indian Overseas Bank Apps,0.01,4.66,-,-,-,-,-,-,0.01,4.66,2025-01-07T04:23:05.151Z,2025-04-29T10:59:22.130Z,,,,UPI,upi-apps,2022,Aug,,,,en
1835,37,IndusInd Bank Apps,1.01,1605.56,-,-,-,-,-,-,1.01,1605.56,2025-01-07T04:23:05.151Z,2025-04-29T10:59:22.208Z,,,,UPI,upi-apps,2022,Aug,,,,en
1836,38,Janata Sahakari Bank Apps,0.01,4.56,-,-,-,-,-,-,0.01,4.56,2025-01-07T04:23:05.151Z,2025-04-29T10:59:22.289Z,,,,UPI,upi-apps,2022,Aug,,,,en
1837,39,Jio Payments Bank Apps,1.85,113.28,-,-,-,-,-,-,1.85,113.28,2025-01-07T04:23:05.151Z,2025-04-29T10:59:22.368Z,,,,UPI,upi-apps,2022,Aug,,,,en
1838,40,Jupiter,2.03,249.20,-,-,-,-,-,-,2.03,249.20,2025-01-07T04:23:05.151Z,2025-04-29T10:59:22.448Z,,,,UPI,upi-apps,2022,Aug,,,,en
1839,41,Karnataka Bank Apps,0.38,55.32,-,-,-,-,-,-,0.38,55.32,2025-01-07T04:23:05.151Z,2025-04-29T10:59:22.528Z,,,,UPI,upi-apps,2022,Aug,,,,en
1840,42,Karur Vysya Bank Apps,0.04,16.54,-,-,-,-,-,-,0.04,16.54,2025-01-07T04:23:05.151Z,2025-04-29T10:59:22.607Z,,,,UPI,upi-apps,2022,Aug,,,,en
1841,43,Kotak Mahindra Bank Apps,9.28,1939.14,-,-,-,-,-,-,9.28,1939.14,2025-01-07T04:23:05.151Z,2025-04-29T10:59:22.687Z,,,,UPI,upi-apps,2022,Aug,,,,en
1842,44,MakeMyTrip,0.15,62.67,-,-,-,-,-,-,0.15,62.67,2025-01-07T04:23:05.151Z,2025-04-29T10:59:22.765Z,,,,UPI,upi-apps,2022,Aug,,,,en
1843,45,MI Pay,0.15,24.80,-,-,-,-,-,-,0.15,24.80,2025-01-07T04:23:05.151Z,2025-04-29T10:59:22.845Z,,,,UPI,upi-apps,2022,Aug,,,,en
1844,46,Mobikwik,2.84,562.95,-,-,-,-,-,-,2.84,562.95,2025-01-07T04:23:05.151Z,2025-04-29T10:59:22.927Z,,,,UPI,upi-apps,2022,Aug,,,,en
1845,47,NSDL Payments Bank Apps,0.02,2.85,-,-,-,-,-,-,0.02,2.85,2025-01-07T04:23:05.151Z,2025-04-29T10:59:23.007Z,,,,UPI,upi-apps,2022,Aug,,,,en
1846,48,Paytm,871.86,96034.11,4.11,10.37,0.38,458.24,110.05,17714.37,986.39,114217.10,2025-01-07T04:23:05.151Z,2025-04-29T10:59:23.086Z,,,,UPI,upi-apps,2022,Aug,,,,en
1847,49,PhonePe,3146.71,528433.49,-,-,-,-,-,-,3146.71,528433.49,2025-01-07T04:23:05.151Z,2025-04-29T10:59:23.169Z,,,,UPI,upi-apps,2022,Aug,,,,en
1848,50,Punjab National Bank Apps,0.09,43.41,-,-,-,-,-,-,0.09,43.41,2025-01-07T04:23:05.151Z,2025-04-29T10:59:23.250Z,,,,UPI,upi-apps,2022,Aug,,,,en
1849,51,Punjab Sind Bank Apps,0.01,5.25,-,-,-,-,-,-,0.01,5.25,2025-01-07T04:23:05.151Z,2025-04-29T10:59:23.330Z,,,,UPI,upi-apps,2022,Aug,,,,en
1850,52,RBL Bank Apps,0.82,162.46,-,-,0.01,0.56,-,-,0.82,163.02,2025-01-07T04:23:05.151Z,2025-04-29T10:59:23.410Z,,,,UPI,upi-apps,2022,Aug,,,,en
1851,53,Samsung Pay,4.09,468.37,-,-,-,-,-,-,4.09,468.37,2025-01-07T04:23:05.151Z,2025-04-29T10:59:23.489Z,,,,UPI,upi-apps,2022,Aug,,,,en
1852,54,South Indian Bank Apps,0.16,52.73,-,-,-,-,-,-,0.16,52.73,2025-01-07T04:23:05.151Z,2025-04-29T10:59:23.568Z,,,,UPI,upi-apps,2022,Aug,,,,en
1853,55,Standard Chartered Bank Apps,0.14,73.60,-,-,-,-,-,-,0.14,73.60,2025-01-07T04:23:05.152Z,2025-04-29T10:59:23.647Z,,,,UPI,upi-apps,2022,Aug,,,,en
1854,56,State Bank of India Apps,4.10,1926.51,-,-,-,-,-,-,4.10,1926.51,2025-01-07T04:23:05.152Z,2025-04-29T10:59:23.729Z,,,,UPI,upi-apps,2022,Aug,,,,en
1855,57,Tamilnad Mercantile Bank Apps,0.06,7.94,-,-,-,-,-,-,0.06,7.94,2025-01-07T04:23:05.152Z,2025-04-29T10:59:23.810Z,,,,UPI,upi-apps,2022,Aug,,,,en
1856,58,TataNeu,0.10,15.78,-,-,-,-,-,-,0.10,15.78,2025-01-07T04:23:05.152Z,2025-04-29T10:59:23.889Z,,,,UPI,upi-apps,2022,Aug,,,,en
1857,59,TJSB Bank Apps,0.01,2.20,-,-,-,-,-,-,0.01,2.20,2025-01-07T04:23:05.152Z,2025-04-29T10:59:23.970Z,,,,UPI,upi-apps,2022,Aug,,,,en
1858,60,UCO Bank Apps,0.25,65.69,-,-,-,-,-,-,0.25,65.69,2025-01-07T04:23:05.152Z,2025-04-29T10:59:24.050Z,,,,UPI,upi-apps,2022,Aug,,,,en
1859,61,Ultracash,0.02,1.54,-,-,-,-,-,-,0.02,1.54,2025-01-07T04:23:05.152Z,2025-04-29T10:59:24.132Z,,,,UPI,upi-apps,2022,Aug,,,,en
1860,62,Union Bank Apps,0.52,215.23,-,-,-,-,-,-,0.52,215.23,2025-01-07T04:23:05.152Z,2025-04-29T10:59:24.213Z,,,,UPI,upi-apps,2022,Aug,,,,en
1861,63,Utkarsh Small Finance Bank Apps,0.02,4.71,-,-,-,-,-,-,0.02,4.71,2025-01-07T04:23:05.152Z,2025-04-29T10:59:24.294Z,,,,UPI,upi-apps,2022,Aug,,,,en
1862,64,WhatsApp,6.72,567.17,-,-,-,-,-,-,6.72,567.17,2025-01-07T04:23:05.152Z,2025-04-29T10:59:24.374Z,,,,UPI,upi-apps,2022,Aug,,,,en
1863,65,Yes Bank Apps,54.60,13008.95,-,-,3.20,3225.97,-,-,57.80,16234.92,2025-01-07T04:23:05.152Z,2025-04-29T10:59:24.455Z,,,,UPI,upi-apps,2022,Aug,,,,en
1864,66,Others,0.01,5.72,-,-,-,-,-,-,0.01,5.72,2025-01-07T04:23:05.152Z,2025-04-29T10:59:24.538Z,,,,UPI,upi-apps,2022,Aug,,,,en
1865,1,Airtel Payments Bank Apps,9.14,680.76,-,-,-,0.02,-,0.11,9.15,680.89,2025-01-07T04:25:25.691Z,2025-04-29T10:59:24.616Z,,,,UPI,upi-apps,2022,Sep,,,,en
1866,2,Allahabad Bank Apps,0.03,8.10,-,-,-,-,-,-,0.03,8.10,2025-01-07T04:25:25.691Z,2025-04-29T10:59:24.695Z,,,,UPI,upi-apps,2022,Sep,,,,en
1867,3,Amazon Pay,57.38,6015.31,-,-,-,-,-,-,57.38,6015.31,2025-01-07T04:25:25.691Z,2025-04-29T10:59:24.775Z,,,,UPI,upi-apps,2022,Sep,,,,en
1868,4,AU Small Finance Bank Apps,0.48,148.90,-,-,-,-,-,-,0.48,148.90,2025-01-07T04:25:25.691Z,2025-04-29T10:59:24.856Z,,,,UPI,upi-apps,2022,Sep,,,,en
1870,5,Axis Bank Apps,7.46,1421.09,50.24,46.13,0.02,1.85,-,-,57.72,1469.07,2025-01-07T04:25:25.691Z,2025-04-29T10:59:25.018Z,,,,UPI,upi-apps,2022,Sep,,,,en
1869,6,Bajaj Finserv,3.29,234.81,-,-,-,-,-,-,3.29,234.81,2025-01-07T04:25:25.691Z,2025-04-29T10:59:24.937Z,,,,UPI,upi-apps,2022,Sep,,,,en
1871,7,Bajaj Markets,0.01,1.38,-,-,-,-,-,-,0.01,1.38,2025-01-07T04:25:25.691Z,2025-04-29T10:59:25.097Z,,,,UPI,upi-apps,2022,Sep,,,,en
1872,8,Bandhan Bank Apps,0.01,1.88,-,-,-,-,-,-,0.01,1.88,2025-01-07T04:25:25.691Z,2025-04-29T10:59:25.178Z,,,,UPI,upi-apps,2022,Sep,,,,en
1873,9,Bank of Baroda Apps,1.11,443.84,-,-,-,-,-,-,1.11,443.85,2025-01-07T04:25:25.691Z,2025-04-29T10:59:25.257Z,,,,UPI,upi-apps,2022,Sep,,,,en
1874,10,Bank of India Apps,0.18,54.59,-,-,-,-,-,-,0.18,54.59,2025-01-07T04:25:25.691Z,2025-04-29T10:59:25.337Z,,,,UPI,upi-apps,2022,Sep,,,,en
1875,11,Bank of Maharashtra Apps,0.07,17.23,-,-,-,-,-,-,0.07,17.23,2025-01-07T04:25:25.691Z,2025-04-29T10:59:25.416Z,,,,UPI,upi-apps,2022,Sep,,,,en
1876,12,BHIM,25.17,8308.65,-,-,-,-,-,-,25.17,8308.65,2025-01-07T04:25:25.691Z,2025-04-29T10:59:25.499Z,,,,UPI,upi-apps,2022,Sep,,,,en
1877,13,Canara Bank Apps,0.78,207.18,-,-,-,-,-,-,0.78,207.18,2025-01-07T04:25:25.691Z,2025-04-29T10:59:25.586Z,,,,UPI,upi-apps,2022,Sep,,,,en
1878,14,Central Bank of India Apps,0.28,68.37,-,-,-,0.01,-,-,0.28,68.38,2025-01-07T04:25:25.691Z,2025-04-29T10:59:25.665Z,,,,UPI,upi-apps,2022,Sep,,,,en
1879,15,Citi Bank Apps,0.10,67.00,-,-,-,-,-,-,0.10,67.00,2025-01-07T04:25:25.691Z,2025-04-29T10:59:25.746Z,,,,UPI,upi-apps,2022,Sep,,,,en
1880,16,City Union Bank Apps,0.04,12.45,-,-,-,-,-,-,0.04,12.45,2025-01-07T04:25:25.691Z,2025-04-29T10:59:25.826Z,,,,UPI,upi-apps,2022,Sep,,,,en
1881,17,Cointab,0.04,19.35,-,-,-,-,-,-,0.04,19.35,2025-01-07T04:25:25.691Z,2025-04-29T10:59:25.905Z,,,,UPI,upi-apps,2022,Sep,,,,en
1882,18,Cred,14.96,19237.92,-,-,-,-,-,-,14.96,19237.92,2025-01-07T04:25:25.691Z,2025-04-29T10:59:25.987Z,,,,UPI,upi-apps,2022,Sep,,,,en
1883,19,DBS Digibank Apps,0.43,176.91,-,-,-,-,-,-,0.43,176.91,2025-01-07T04:25:25.691Z,2025-04-29T10:59:26.068Z,,,,UPI,upi-apps,2022,Sep,,,,en
1884,20,Deutsche Bank Apps,1.58,98.43,-,-,-,0.01,-,-,1.58,98.43,2025-01-07T04:25:25.691Z,2025-04-29T10:59:26.148Z,,,,UPI,upi-apps,2022,Sep,,,,en
1885,21,Dhanlaxmi Bank Apps,0.01,2.87,-,-,-,-,-,-,0.01,2.87,2025-01-07T04:25:25.691Z,2025-04-29T10:59:26.227Z,,,,UPI,upi-apps,2022,Sep,,,,en
1886,22,Equitas Small Finance Bank Apps,0.02,8.76,-,-,-,-,-,-,0.02,8.76,2025-01-07T04:25:25.691Z,2025-04-29T10:59:26.307Z,,,,UPI,upi-apps,2022,Sep,,,,en
1887,23,Fave,0.08,4.40,-,-,-,-,-,-,0.08,4.40,2025-01-07T04:25:25.691Z,2025-04-29T10:59:26.387Z,,,,UPI,upi-apps,2022,Sep,,,,en
1888,24,Federal Bank Apps,3.84,549.95,-,-,-,-,-,-,3.84,549.95,2025-01-07T04:25:25.691Z,2025-04-29T10:59:26.464Z,,,,UPI,upi-apps,2022,Sep,,,,en
1889,25,Fino Payments bank Apps,0.08,5.66,-,-,-,-,-,-,0.08,5.66,2025-01-07T04:25:25.691Z,2025-04-29T10:59:26.544Z,,,,UPI,upi-apps,2022,Sep,,,,en
1890,26,GoIbibo,0.01,3.58,-,-,-,-,-,-,0.01,3.58,2025-01-07T04:25:25.691Z,2025-04-29T10:59:26.625Z,,,,UPI,upi-apps,2022,Sep,,,,en
1891,27,Google Pay,2296.14,387996.14,-,-,-,-,-,-,2296.14,387996.14,2025-01-07T04:25:25.691Z,2025-04-29T10:59:26.703Z,,,,UPI,upi-apps,2022,Sep,,,,en
1892,28,Groww,0.11,68.03,-,-,-,-,-,-,0.11,68.03,2025-01-07T04:25:25.691Z,2025-04-29T10:59:26.782Z,,,,UPI,upi-apps,2022,Sep,,,,en
1893,29,HDFC Bank Apps,10.98,2686.10,-,-,-,-,-,-,10.98,2686.10,2025-01-07T04:25:25.691Z,2025-04-29T10:59:26.862Z,,,,UPI,upi-apps,2022,Sep,,,,en
1894,30,HSBC Bank Apps,0.12,70.14,-,0.43,-,-,-,-,0.12,70.56,2025-01-07T04:25:25.691Z,2025-04-29T10:59:26.946Z,,,,UPI,upi-apps,2022,Sep,,,,en
1895,31,ICICI Bank Apps,26.54,6862.50,4.84,366.84,3.45,3172.47,-,-,34.84,10401.81,2025-01-07T04:25:25.691Z,2025-04-29T10:59:27.026Z,,,,UPI,upi-apps,2022,Sep,,,,en
1896,32,IDBI Bank Apps,0.05,24.18,-,-,-,-,-,-,0.05,24.18,2025-01-07T04:25:25.691Z,2025-04-29T10:59:27.108Z,,,,UPI,upi-apps,2022,Sep,,,,en
1897,33,IDFC Bank Apps,11.53,824.51,-,-,-,0.01,-,-,11.53,824.52,2025-01-07T04:25:25.691Z,2025-04-29T10:59:27.186Z,,,,UPI,upi-apps,2022,Sep,,,,en
1898,34,India Post Payments Bank Apps,5.22,572.75,-,-,-,-,-,-,5.22,572.75,2025-01-07T04:25:25.691Z,2025-04-29T10:59:27.266Z,,,,UPI,upi-apps,2022,Sep,,,,en
1899,35,Indian Bank Apps,0.21,63.62,-,-,-,1.96,-,-,0.21,65.58,2025-01-07T04:25:25.691Z,2025-04-29T10:59:27.346Z,,,,UPI,upi-apps,2022,Sep,,,,en
1900,36,Indian Overseas Bank Apps,0.02,4.79,-,-,-,-,-,-,0.02,4.79,2025-01-07T04:25:25.691Z,2025-04-29T10:59:27.426Z,,,,UPI,upi-apps,2022,Sep,,,,en
1901,37,IndusInd Bank Apps,1.04,1439.51,-,-,-,-,-,-,1.04,1439.51,2025-01-07T04:25:25.691Z,2025-04-29T10:59:27.506Z,,,,UPI,upi-apps,2022,Sep,,,,en
1902,38,Janata Sahakari Bank Apps,0.01,4.42,-,-,-,-,-,-,0.01,4.42,2025-01-07T04:25:25.691Z,2025-04-29T10:59:27.586Z,,,,UPI,upi-apps,2022,Sep,,,,en
1903,39,Jio Payments Bank Apps,1.40,90.36,-,-,-,-,-,-,1.40,90.36,2025-01-07T04:25:25.691Z,2025-04-29T10:59:27.665Z,,,,UPI,upi-apps,2022,Sep,,,,en
1904,40,Jupiter,2.09,259.71,-,-,-,-,-,-,2.09,259.71,2025-01-07T04:25:25.691Z,2025-04-29T10:59:27.744Z,,,,UPI,upi-apps,2022,Sep,,,,en
1905,41,Karnataka Bank Apps,0.40,63.84,-,-,-,-,-,-,0.40,63.84,2025-01-07T04:25:25.691Z,2025-04-29T10:59:27.822Z,,,,UPI,upi-apps,2022,Sep,,,,en
1906,42,Karur Vysya Bank Apps,0.04,16.74,-,-,-,-,-,-,0.04,16.74,2025-01-07T04:25:25.691Z,2025-04-29T10:59:27.902Z,,,,UPI,upi-apps,2022,Sep,,,,en
1907,43,Kotak Mahindra Bank Apps,10.52,2230.60,-,-,-,-,-,-,10.52,2230.61,2025-01-07T04:25:25.691Z,2025-04-29T10:59:27.982Z,,,,UPI,upi-apps,2022,Sep,,,,en
1908,44,MakeMyTrip,0.10,47.83,-,-,-,-,-,-,0.10,47.83,2025-01-07T04:25:25.691Z,2025-04-29T10:59:28.062Z,,,,UPI,upi-apps,2022,Sep,,,,en
1909,45,MI Pay,0.03,3.87,-,-,-,-,-,-,0.03,3.87,2025-01-07T04:25:25.691Z,2025-04-29T10:59:28.142Z,,,,UPI,upi-apps,2022,Sep,,,,en
1910,46,Mobikwik,3.04,632.71,-,-,-,-,-,-,3.04,632.71,2025-01-07T04:25:25.691Z,2025-04-29T10:59:28.222Z,,,,UPI,upi-apps,2022,Sep,,,,en
1911,47,NSDL Payments Bank Apps,0.02,2.79,-,-,-,-,-,-,0.02,2.79,2025-01-07T04:25:25.691Z,2025-04-29T10:59:28.301Z,,,,UPI,upi-apps,2022,Sep,,,,en
1912,48,Paytm,924.77,101163.26,2.92,9.55,0.40,489.04,109.10,19143.49,1037.20,120805.34,2025-01-07T04:25:25.691Z,2025-04-29T10:59:28.381Z,,,,UPI,upi-apps,2022,Sep,,,,en
1913,49,PhonePe,3216.78,549583.77,-,-,-,-,-,-,3216.78,549583.77,2025-01-07T04:25:25.691Z,2025-04-29T10:59:28.461Z,,,,UPI,upi-apps,2022,Sep,,,,en
1914,50,Punjab National Bank Apps,0.13,59.01,-,-,-,-,-,-,0.13,59.01,2025-01-07T04:25:25.691Z,2025-04-29T10:59:28.541Z,,,,UPI,upi-apps,2022,Sep,,,,en
1915,51,Punjab Sind Bank Apps,0.02,6.88,-,-,-,-,-,-,0.02,6.88,2025-01-07T04:25:25.691Z,2025-04-29T10:59:28.622Z,,,,UPI,upi-apps,2022,Sep,,,,en
1916,52,RBL Bank Apps,0.96,199.70,-,-,0.03,1.21,-,-,0.99,200.91,2025-01-07T04:25:25.691Z,2025-04-29T10:59:28.702Z,,,,UPI,upi-apps,2022,Sep,,,,en
1917,53,Samsung Pay,4.55,495.89,-,-,-,-,-,-,4.55,495.89,2025-01-07T04:25:25.691Z,2025-04-29T10:59:28.782Z,,,,UPI,upi-apps,2022,Sep,,,,en
1918,54,South Indian Bank Apps,0.17,56.54,-,-,-,-,-,-,0.17,56.54,2025-01-07T04:25:25.691Z,2025-04-29T10:59:28.862Z,,,,UPI,upi-apps,2022,Sep,,,,en
1919,55,Standard Chartered Bank Apps,0.14,78.49,-,-,-,0.01,-,-,0.14,78.50,2025-01-07T04:25:25.691Z,2025-04-29T10:59:28.943Z,,,,UPI,upi-apps,2022,Sep,,,,en
1920,56,State Bank of India Apps,3.57,1818.89,-,-,-,-,-,-,3.57,1818.89,2025-01-07T04:25:25.691Z,2025-04-29T10:59:29.028Z,,,,UPI,upi-apps,2022,Sep,,,,en
1921,57,Tamilnad Mercantile Bank Apps,0.06,9.21,-,-,-,-,-,-,0.06,9.21,2025-01-07T04:25:25.691Z,2025-04-29T10:59:29.107Z,,,,UPI,upi-apps,2022,Sep,,,,en
1922,58,TataNeu,0.13,17.23,-,-,-,-,-,-,0.13,17.23,2025-01-07T04:25:25.691Z,2025-04-29T10:59:29.191Z,,,,UPI,upi-apps,2022,Sep,,,,en
1923,59,TJSB Bank Apps,0.01,2.06,-,-,-,-,-,-,0.01,2.06,2025-01-07T04:25:25.691Z,2025-04-29T10:59:29.271Z,,,,UPI,upi-apps,2022,Sep,,,,en
1924,60,UCO Bank Apps,0.26,75.02,-,-,-,-,-,-,0.26,75.02,2025-01-07T04:25:25.691Z,2025-04-29T10:59:29.352Z,,,,UPI,upi-apps,2022,Sep,,,,en
1925,61,Ultracash,0.01,0.70,-,-,-,-,-,-,0.01,0.70,2025-01-07T04:25:25.691Z,2025-04-29T10:59:29.431Z,,,,UPI,upi-apps,2022,Sep,,,,en
1926,62,Union Bank Apps,0.55,237.54,-,-,-,-,-,-,0.55,237.54,2025-01-07T04:25:25.691Z,2025-04-29T10:59:29.512Z,,,,UPI,upi-apps,2022,Sep,,,,en
1927,63,Utkarsh Small Finance Bank Apps,0.02,5.59,-,-,-,-,-,-,0.02,5.59,2025-01-07T04:25:25.691Z,2025-04-29T10:59:29.595Z,,,,UPI,upi-apps,2022,Sep,,,,en
1928,64,WhatsApp,7.43,631.63,-,-,-,-,-,-,7.43,631.63,2025-01-07T04:25:25.691Z,2025-04-29T10:59:29.675Z,,,,UPI,upi-apps,2022,Sep,,,,en
1929,65,Yes Bank Apps,60.80,14034.34,-,-,2.30,2103.46,-,-,63.10,16137.80,2025-01-07T04:25:25.691Z,2025-04-29T10:59:29.756Z,,,,UPI,upi-apps,2022,Sep,,,,en
1930,66,Others,0.01,4.85,-,-,-,-,-,-,0.01,4.85,2025-01-07T04:25:25.691Z,2025-04-29T10:59:29.837Z,,,,UPI,upi-apps,2022,Sep,,,,en
1931,1,Airtel Payments Bank Apps,9.44,775.04,-,-,-,-,-,0.14,9.44,775.19,2025-01-07T04:27:18.460Z,2025-04-29T10:59:29.919Z,,,,UPI,upi-apps,2022,Oct,,,,en
1932,2,Allahabad Bank Apps,0.03,9.33,-,-,-,-,-,-,0.03,9.33,2025-01-07T04:27:18.460Z,2025-04-29T10:59:30.003Z,,,,UPI,upi-apps,2022,Oct,,,,en
1933,3,Amazon Pay,56.42,6060.50,-,-,-,-,-,-,56.42,6060.50,2025-01-07T04:27:18.460Z,2025-04-29T10:59:30.086Z,,,,UPI,upi-apps,2022,Oct,,,,en
1934,4,AU Small Finance Bank Apps,0.54,161.99,-,-,-,-,-,-,0.54,161.99,2025-01-07T04:27:18.460Z,2025-04-29T10:59:30.166Z,,,,UPI,upi-apps,2022,Oct,,,,en
1935,5,Axis Bank Apps,7.83,1502.28,52.13,51.48,0.03,2.09,-,-,59.99,1555.84,2025-01-07T04:27:18.460Z,2025-04-29T10:59:30.249Z,,,,UPI,upi-apps,2022,Oct,,,,en
1936,6,Bajaj Finserv,4.12,472.71,-,-,-,-,-,-,4.12,472.71,2025-01-07T04:27:18.460Z,2025-04-29T10:59:30.331Z,,,,UPI,upi-apps,2022,Oct,,,,en
1937,7,Bank of Baroda Apps,1.23,466.23,-,-,-,-,-,-,1.23,466.23,2025-01-07T04:27:18.460Z,2025-04-29T10:59:30.411Z,,,,UPI,upi-apps,2022,Oct,,,,en
1938,8,Bank of India Apps,0.20,59.97,-,-,-,-,-,-,0.20,59.97,2025-01-07T04:27:18.460Z,2025-04-29T10:59:30.492Z,,,,UPI,upi-apps,2022,Oct,,,,en
1939,9,Bank of Maharashtra Apps,0.07,20.10,-,-,-,-,-,-,0.07,20.10,2025-01-07T04:27:18.460Z,2025-04-29T10:59:30.571Z,,,,UPI,upi-apps,2022,Oct,,,,en
1940,10,BHIM,25.49,8523.17,-,-,-,-,-,-,25.49,8523.17,2025-01-07T04:27:18.460Z,2025-04-29T10:59:30.652Z,,,,UPI,upi-apps,2022,Oct,,,,en
1941,11,Canara Bank Apps,0.81,219.07,-,-,-,-,-,-,0.81,219.07,2025-01-07T04:27:18.460Z,2025-04-29T10:59:30.732Z,,,,UPI,upi-apps,2022,Oct,,,,en
1942,12,Central Bank of India Apps,0.30,71.64,-,-,-,0.02,-,-,0.30,71.66,2025-01-07T04:27:18.460Z,2025-04-29T10:59:30.813Z,,,,UPI,upi-apps,2022,Oct,,,,en
1943,13,Citi Bank Apps,0.09,66.83,-,-,-,-,-,-,0.09,66.83,2025-01-07T04:27:18.460Z,2025-04-29T10:59:30.894Z,,,,UPI,upi-apps,2022,Oct,,,,en
1944,14,City Union Bank Apps,0.04,12.85,-,-,-,-,-,-,0.04,12.85,2025-01-07T04:27:18.460Z,2025-04-29T10:59:30.975Z,,,,UPI,upi-apps,2022,Oct,,,,en
1945,15,Cointab,0.03,11.67,-,-,-,-,-,-,0.03,11.67,2025-01-07T04:27:18.460Z,2025-04-29T10:59:31.056Z,,,,UPI,upi-apps,2022,Oct,,,,en
1946,16,Cred,21.28,20259.70,-,-,-,-,-,-,21.28,20259.70,2025-01-07T04:27:18.460Z,2025-04-29T10:59:31.137Z,,,,UPI,upi-apps,2022,Oct,,,,en
1947,17,DBS Digibank Apps,0.43,179.26,-,-,-,-,-,-,0.43,179.26,2025-01-07T04:27:18.460Z,2025-04-29T10:59:31.217Z,,,,UPI,upi-apps,2022,Oct,,,,en
1948,18,Deutsche Bank Apps,1.25,111.93,-,-,-,0.01,-,-,1.26,111.93,2025-01-07T04:27:18.460Z,2025-04-29T10:59:31.298Z,,,,UPI,upi-apps,2022,Oct,,,,en
1949,19,Dhanlaxmi Bank Apps,0.01,3.21,-,-,-,-,-,-,0.01,3.21,2025-01-07T04:27:18.460Z,2025-04-29T10:59:31.378Z,,,,UPI,upi-apps,2022,Oct,,,,en
1950,20,Equitas Small Finance Bank Apps,0.02,8.28,-,-,-,-,-,-,0.02,8.28,2025-01-07T04:27:18.460Z,2025-04-29T10:59:31.460Z,,,,UPI,upi-apps,2022,Oct,,,,en
1951,21,Fampay PPI,4.06,56.79,-,-,-,0.01,-,-,4.06,56.79,2025-01-07T04:27:18.460Z,2025-04-29T10:59:31.541Z,,,,UPI,upi-apps,2022,Oct,,,,en
1952,22,Fave,0.04,2.53,-,-,-,-,-,-,0.04,2.53,2025-01-07T04:27:18.460Z,2025-04-29T10:59:31.622Z,,,,UPI,upi-apps,2022,Oct,,,,en
1953,23,Federal Bank Apps,4.19,574.92,-,-,-,-,-,-,4.19,574.92,2025-01-07T04:27:18.460Z,2025-04-29T10:59:31.705Z,,,,UPI,upi-apps,2022,Oct,,,,en
1954,24,Fino Payments bank Apps,0.09,6.46,-,-,-,-,-,-,0.09,6.46,2025-01-07T04:27:18.460Z,2025-04-29T10:59:31.786Z,,,,UPI,upi-apps,2022,Oct,,,,en
1955,25,GoIbibo,0.01,1.84,-,-,-,-,-,-,0.01,1.84,2025-01-07T04:27:18.460Z,2025-04-29T10:59:31.865Z,,,,UPI,upi-apps,2022,Oct,,,,en
1956,26,Google Pay,2496.42,420978.38,-,-,-,-,-,-,2496.42,420978.38,2025-01-07T04:27:18.460Z,2025-04-29T10:59:31.947Z,,,,UPI,upi-apps,2022,Oct,,,,en
1957,27,HDFC Bank Apps,11.96,2997.27,-,-,-,0.03,-,-,11.96,2997.29,2025-01-07T04:27:18.460Z,2025-04-29T10:59:32.027Z,,,,UPI,upi-apps,2022,Oct,,,,en
1958,28,HSBC Bank Apps,0.14,77.42,-,0.38,-,-,-,-,0.14,77.80,2025-01-07T04:27:18.460Z,2025-04-29T10:59:32.106Z,,,,UPI,upi-apps,2022,Oct,,,,en
1959,29,ICICI Bank Apps,31.22,8073.99,5.04,381.41,5.34,6074.12,-,-,41.61,14529.52,2025-01-07T04:27:18.460Z,2025-04-29T10:59:32.185Z,,,,UPI,upi-apps,2022,Oct,,,,en
1960,30,IDBI Bank Apps,0.06,25.92,-,-,-,-,-,-,0.06,25.92,2025-01-07T04:27:18.460Z,2025-04-29T10:59:32.265Z,,,,UPI,upi-apps,2022,Oct,,,,en
1961,31,IDFC Bank Apps,9.98,888.44,-,-,-,-,-,-,9.98,888.45,2025-01-07T04:27:18.460Z,2025-04-29T10:59:32.345Z,,,,UPI,upi-apps,2022,Oct,,,,en
1962,32,India Post Payments Bank Apps,4.70,630.43,-,-,-,-,-,-,4.70,630.43,2025-01-07T04:27:18.460Z,2025-04-29T10:59:32.426Z,,,,UPI,upi-apps,2022,Oct,,,,en
1963,33,Indian Bank Apps,0.23,68.97,-,-,-,-,-,-,0.23,68.97,2025-01-07T04:27:18.460Z,2025-04-29T10:59:32.508Z,,,,UPI,upi-apps,2022,Oct,,,,en
1964,34,Indian Overseas Bank Apps,0.01,4.72,-,-,-,-,-,-,0.01,4.72,2025-01-07T04:27:18.460Z,2025-04-29T10:59:32.589Z,,,,UPI,upi-apps,2022,Oct,,,,en
1965,35,IndusInd Bank Apps,1.15,1516.68,-,-,-,-,-,-,1.15,1516.68,2025-01-07T04:27:18.460Z,2025-04-29T10:59:32.670Z,,,,UPI,upi-apps,2022,Oct,,,,en
1966,36,Janata Sahakari Bank Apps,0.01,4.80,-,-,-,-,-,-,0.01,4.80,2025-01-07T04:27:18.460Z,2025-04-29T10:59:32.751Z,,,,UPI,upi-apps,2022,Oct,,,,en
1967,37,Jio Payments Bank Apps,1.38,98.87,-,-,-,-,-,-,1.38,98.87,2025-01-07T04:27:18.460Z,2025-04-29T10:59:32.831Z,,,,UPI,upi-apps,2022,Oct,,,,en
1968,38,Jupiter,2.18,280.43,-,-,-,-,-,-,2.18,280.43,2025-01-07T04:27:18.460Z,2025-04-29T10:59:32.912Z,,,,UPI,upi-apps,2022,Oct,,,,en
1969,39,Karnataka Bank Apps,0.43,76.62,-,-,-,-,-,-,0.43,76.62,2025-01-07T04:27:18.460Z,2025-04-29T10:59:32.993Z,,,,UPI,upi-apps,2022,Oct,,,,en
1970,40,Karur Vysya Bank Apps,0.04,17.62,-,-,-,-,-,-,0.04,17.62,2025-01-07T04:27:18.460Z,2025-04-29T10:59:33.073Z,,,,UPI,upi-apps,2022,Oct,,,,en
1971,41,Kotak Mahindra Bank Apps,11.46,2426.65,-,-,-,-,-,-,11.46,2426.65,2025-01-07T04:27:18.460Z,2025-04-29T10:59:33.155Z,,,,UPI,upi-apps,2022,Oct,,,,en
1972,42,MakeMyTrip,0.07,31.85,-,-,-,-,-,-,0.07,31.85,2025-01-07T04:27:18.460Z,2025-04-29T10:59:33.235Z,,,,UPI,upi-apps,2022,Oct,,,,en
1973,43,Mobikwik,3.28,708.12,-,-,-,-,-,-,3.28,708.12,2025-01-07T04:27:18.460Z,2025-04-29T10:59:33.316Z,,,,UPI,upi-apps,2022,Oct,,,,en
1974,44,NSDL Payments Bank Apps,0.02,3.13,-,-,-,-,-,-,0.02,3.13,2025-01-07T04:27:18.460Z,2025-04-29T10:59:33.399Z,,,,UPI,upi-apps,2022,Oct,,,,en
1975,45,Paytm,995.34,112062.51,4.90,14.36,0.43,541.32,108.92,21002.36,1109.60,133620.54,2025-01-07T04:27:18.460Z,2025-04-29T10:59:33.480Z,,,,UPI,upi-apps,2022,Oct,,,,en
1976,46,PhonePe,3452.87,593759.02,-,-,-,-,-,-,3452.87,593759.02,2025-01-07T04:27:18.460Z,2025-04-29T10:59:33.561Z,,,,UPI,upi-apps,2022,Oct,,,,en
1977,47,Punjab National Bank Apps,0.15,62.77,-,-,-,-,-,-,0.15,62.77,2025-01-07T04:27:18.460Z,2025-04-29T10:59:33.644Z,,,,UPI,upi-apps,2022,Oct,,,,en
1978,48,Punjab Sind Bank Apps,0.02,8.05,-,-,-,-,-,-,0.02,8.05,2025-01-07T04:27:18.460Z,2025-04-29T10:59:33.725Z,,,,UPI,upi-apps,2022,Oct,,,,en
1979,49,RBL Bank Apps,1.07,243.44,-,0.01,0.01,1.71,-,-,1.08,245.16,2025-01-07T04:27:18.460Z,2025-04-29T10:59:33.806Z,,,,UPI,upi-apps,2022,Oct,,,,en
1980,50,Samsung Pay,5.09,554.33,-,-,-,-,-,-,5.09,554.33,2025-01-07T04:27:18.460Z,2025-04-29T10:59:33.887Z,,,,UPI,upi-apps,2022,Oct,,,,en
1981,51,South Indian Bank Apps,0.19,58.20,-,-,-,-,-,-,0.19,58.20,2025-01-07T04:27:18.460Z,2025-04-29T10:59:33.968Z,,,,UPI,upi-apps,2022,Oct,,,,en
1982,52,Standard Chartered Bank Apps,0.15,86.63,0.07,2.29,-,-,-,-,0.22,88.92,2025-01-07T04:27:18.460Z,2025-04-29T10:59:34.053Z,,,,UPI,upi-apps,2022,Oct,,,,en
1983,53,State Bank of India Apps,4.10,1936.72,-,-,-,0.01,-,-,4.10,1936.72,2025-01-07T04:27:18.460Z,2025-04-29T10:59:34.132Z,,,,UPI,upi-apps,2022,Oct,,,,en
1984,54,Tamilnad Mercantile Bank Apps,0.06,9.81,-,-,-,-,-,-,0.06,9.81,2025-01-07T04:27:18.460Z,2025-04-29T10:59:34.215Z,,,,UPI,upi-apps,2022,Oct,,,,en
1985,55,TataNeu,0.14,18.30,-,-,-,-,-,-,0.14,18.30,2025-01-07T04:27:18.460Z,2025-04-29T10:59:34.297Z,,,,UPI,upi-apps,2022,Oct,,,,en
1986,56,TJSB Bank Apps,0.01,1.86,-,-,-,-,-,-,0.01,1.86,2025-01-07T04:27:18.460Z,2025-04-29T10:59:34.378Z,,,,UPI,upi-apps,2022,Oct,,,,en
1987,57,UCO Bank Apps,0.28,80.38,-,-,-,-,-,-,0.28,80.38,2025-01-07T04:27:18.460Z,2025-04-29T10:59:34.462Z,,,,UPI,upi-apps,2022,Oct,,,,en
1988,58,Ultracash,0.02,0.24,-,-,-,-,-,-,0.02,0.24,2025-01-07T04:27:18.460Z,2025-04-29T10:59:34.542Z,,,,UPI,upi-apps,2022,Oct,,,,en
1989,59,Union Bank Apps,0.82,290.75,-,-,-,-,-,-,0.82,290.75,2025-01-07T04:27:18.460Z,2025-04-29T10:59:34.624Z,,,,UPI,upi-apps,2022,Oct,,,,en
1990,60,Utkarsh Small Finance Bank Apps,0.02,6.31,-,-,-,-,-,-,0.02,6.31,2025-01-07T04:27:18.460Z,2025-04-29T10:59:34.708Z,,,,UPI,upi-apps,2022,Oct,,,,en
1991,61,WhatsApp,8.38,708.56,-,-,-,-,-,-,8.38,708.56,2025-01-07T04:27:18.460Z,2025-04-29T10:59:34.794Z,,,,UPI,upi-apps,2022,Oct,,,,en
1992,62,Yes Bank Apps,55.43,15984.43,-,-,0.52,86.46,-,-,55.94,16070.88,2025-01-07T04:27:18.460Z,2025-04-29T10:59:34.876Z,,,,UPI,upi-apps,2022,Oct,,,,en
1993,63,Others,0.02,5.87,-,-,-,-,-,-,0.02,5.87,2025-01-07T04:27:18.460Z,2025-04-29T10:59:34.961Z,,,,UPI,upi-apps,2022,Oct,,,,en
1994,1,Airtel Payments Bank Apps,8.73,671.00,-,-,-,-,-,0.09,8.73,671.09,2025-01-07T04:28:15.416Z,2025-04-29T10:59:35.044Z,,,,UPI,upi-apps,2022,Nov,,,,en
1996,2,Allahabad Bank Apps,0.03,8.98,-,-,-,-,-,-,0.03,8.98,2025-01-07T04:28:15.416Z,2025-04-29T10:59:35.203Z,,,,UPI,upi-apps,2022,Nov,,,,en
1995,3,Amazon Pay,59.76,5873.36,-,-,-,-,-,-,59.76,5873.36,2025-01-07T04:28:15.416Z,2025-04-29T10:59:35.124Z,,,,UPI,upi-apps,2022,Nov,,,,en
1997,4,Andhra Bank Apps,0.01,1.53,-,-,-,-,-,-,0.01,1.53,2025-01-07T04:28:15.416Z,2025-04-29T10:59:35.284Z,,,,UPI,upi-apps,2022,Nov,,,,en
1998,5,AU Small Finance Bank Apps,0.53,160.30,-,-,-,-,-,-,0.53,160.30,2025-01-07T04:28:15.416Z,2025-04-29T10:59:35.365Z,,,,UPI,upi-apps,2022,Nov,,,,en
2000,6,Axis Bank Apps,6.16,1061.61,71.59,57.35,0.03,2.28,-,-,77.77,1121.24,2025-01-07T04:28:15.416Z,2025-04-29T10:59:35.537Z,,,,UPI,upi-apps,2022,Nov,,,,en
1999,7,Bajaj Finserv,3.90,464.41,-,-,-,-,-,-,3.90,464.41,2025-01-07T04:28:15.416Z,2025-04-29T10:59:35.456Z,,,,UPI,upi-apps,2022,Nov,,,,en
2001,8,Bandhan Bank Apps,0.01,1.21,-,-,-,-,-,-,0.01,1.21,2025-01-07T04:28:15.416Z,2025-04-29T10:59:35.619Z,,,,UPI,upi-apps,2022,Nov,,,,en
2002,9,Bank of Baroda Apps,1.26,455.80,-,-,-,-,-,-,1.26,455.80,2025-01-07T04:28:15.416Z,2025-04-29T10:59:35.700Z,,,,UPI,upi-apps,2022,Nov,,,,en
2003,10,Bank of India Apps,0.20,57.87,-,-,-,-,-,-,0.20,57.87,2025-01-07T04:28:15.416Z,2025-04-29T10:59:35.782Z,,,,UPI,upi-apps,2022,Nov,,,,en
2004,11,Bank of Maharashtra Apps,0.07,18.29,-,-,-,-,-,-,0.07,18.29,2025-01-07T04:28:15.416Z,2025-04-29T10:59:35.862Z,,,,UPI,upi-apps,2022,Nov,,,,en
2005,12,BHIM,25.01,8144.83,-,-,-,-,-,-,25.01,8144.83,2025-01-07T04:28:15.416Z,2025-04-29T10:59:35.944Z,,,,UPI,upi-apps,2022,Nov,,,,en
2006,13,Canara Bank Apps,0.86,232.51,-,-,-,-,-,-,0.86,232.51,2025-01-07T04:28:15.416Z,2025-04-29T10:59:36.025Z,,,,UPI,upi-apps,2022,Nov,,,,en
2007,14,Central Bank of India Apps,0.27,63.29,-,-,-,0.02,-,-,0.27,63.31,2025-01-07T04:28:15.416Z,2025-04-29T10:59:36.104Z,,,,UPI,upi-apps,2022,Nov,,,,en
2008,15,Citi Bank Apps,0.13,60.76,-,-,-,-,-,-,0.13,60.76,2025-01-07T04:28:15.416Z,2025-04-29T10:59:36.185Z,,,,UPI,upi-apps,2022,Nov,,,,en
2009,16,City Union Bank Apps,0.04,12.58,-,-,-,-,-,-,0.04,12.58,2025-01-07T04:28:15.416Z,2025-04-29T10:59:36.265Z,,,,UPI,upi-apps,2022,Nov,,,,en
2010,17,Cointab,0.03,13.87,-,-,-,-,-,-,0.03,13.87,2025-01-07T04:28:15.416Z,2025-04-29T10:59:36.345Z,,,,UPI,upi-apps,2022,Nov,,,,en
2011,18,Cred,25.63,18599.72,-,-,-,-,-,-,25.63,18599.72,2025-01-07T04:28:15.416Z,2025-04-29T10:59:36.425Z,,,,UPI,upi-apps,2022,Nov,,,,en
2012,19,DBS Digibank Apps,0.40,169.55,-,-,-,-,-,-,0.41,169.55,2025-01-07T04:28:15.416Z,2025-04-29T10:59:36.504Z,,,,UPI,upi-apps,2022,Nov,,,,en
2013,20,Deutsche Bank Apps,1.30,104.20,-,-,-,0.01,-,-,1.30,104.21,2025-01-07T04:28:15.416Z,2025-04-29T10:59:36.584Z,,,,UPI,upi-apps,2022,Nov,,,,en
2014,21,Dhanlaxmi Bank Apps,0.01,2.75,-,-,-,-,-,-,0.01,2.75,2025-01-07T04:28:15.416Z,2025-04-29T10:59:36.667Z,,,,UPI,upi-apps,2022,Nov,,,,en
2015,22,Equitas Small Finance Bank Apps,0.02,9.82,-,-,-,-,-,-,0.02,9.82,2025-01-07T04:28:15.416Z,2025-04-29T10:59:36.748Z,,,,UPI,upi-apps,2022,Nov,,,,en
2016,23,Fampay PPI,4.88,64.75,-,-,-,-,-,-,4.88,64.75,2025-01-07T04:28:15.416Z,2025-04-29T10:59:36.832Z,,,,UPI,upi-apps,2022,Nov,,,,en
2017,24,Fave,0.05,2.83,-,-,-,-,-,-,0.05,2.83,2025-01-07T04:28:15.416Z,2025-04-29T10:59:36.916Z,,,,UPI,upi-apps,2022,Nov,,,,en
2018,25,Federal Bank Apps,4.11,553.97,-,-,-,-,-,-,4.11,553.97,2025-01-07T04:28:15.416Z,2025-04-29T10:59:36.997Z,,,,UPI,upi-apps,2022,Nov,,,,en
2019,26,Fino Payments bank Apps,0.10,6.61,-,-,-,-,-,-,0.10,6.61,2025-01-07T04:28:15.416Z,2025-04-29T10:59:37.080Z,,,,UPI,upi-apps,2022,Nov,,,,en
2020,27,Google Pay,2541.14,409714.75,-,-,-,-,-,-,2541.14,409714.75,2025-01-07T04:28:15.416Z,2025-04-29T10:59:37.161Z,,,,UPI,upi-apps,2022,Nov,,,,en
2021,28,Groww,0.05,36.46,-,-,-,-,-,-,0.05,36.46,2025-01-07T04:28:15.416Z,2025-04-29T10:59:37.242Z,,,,UPI,upi-apps,2022,Nov,,,,en
2022,29,HDFC Bank Apps,10.66,2758.27,-,-,-,0.18,-,-,10.66,2758.45,2025-01-07T04:28:15.416Z,2025-04-29T10:59:37.323Z,,,,UPI,upi-apps,2022,Nov,,,,en
2023,30,HSBC Bank Apps,0.12,72.51,-,0.06,-,-,-,-,0.12,72.58,2025-01-07T04:28:15.416Z,2025-04-29T10:59:37.405Z,,,,UPI,upi-apps,2022,Nov,,,,en
2024,31,ICICI Bank Apps,33.40,7829.07,4.32,334.50,6.36,6587.24,-,-,44.07,14750.80,2025-01-07T04:28:15.416Z,2025-04-29T10:59:37.486Z,,,,UPI,upi-apps,2022,Nov,,,,en
2025,32,IDBI Bank Apps,0.06,24.78,-,-,-,-,-,-,0.06,24.78,2025-01-07T04:28:15.416Z,2025-04-29T10:59:37.566Z,,,,UPI,upi-apps,2022,Nov,,,,en
2026,33,IDFC Bank Apps,10.46,895.21,-,-,0.01,8.16,-,-,10.47,903.37,2025-01-07T04:28:15.416Z,2025-04-29T10:59:37.647Z,,,,UPI,upi-apps,2022,Nov,,,,en
2027,34,India Post Payments Bank Apps,4.66,589.14,-,-,-,-,-,-,4.66,589.14,2025-01-07T04:28:15.416Z,2025-04-29T10:59:37.730Z,,,,UPI,upi-apps,2022,Nov,,,,en
2028,35,Indian Bank Apps,0.23,67.20,-,-,-,-,-,-,0.23,67.20,2025-01-07T04:28:15.416Z,2025-04-29T10:59:37.811Z,,,,UPI,upi-apps,2022,Nov,,,,en
2029,36,Indian Overseas Bank Apps,0.01,2.48,-,-,-,-,-,-,0.01,2.48,2025-01-07T04:28:15.416Z,2025-04-29T10:59:37.895Z,,,,UPI,upi-apps,2022,Nov,,,,en
2030,37,IndusInd Bank Apps,1.20,1224.13,-,-,-,-,-,-,1.20,1224.13,2025-01-07T04:28:15.416Z,2025-04-29T10:59:37.980Z,,,,UPI,upi-apps,2022,Nov,,,,en
2031,38,Janata Sahakari Bank Apps,0.01,3.99,-,-,-,-,-,-,0.01,3.99,2025-01-07T04:28:15.417Z,2025-04-29T10:59:38.062Z,,,,UPI,upi-apps,2022,Nov,,,,en
2032,39,Jio Payments Bank Apps,1.31,96.23,-,-,-,-,-,-,1.31,96.23,2025-01-07T04:28:15.417Z,2025-04-29T10:59:38.144Z,,,,UPI,upi-apps,2022,Nov,,,,en
2033,40,Jupiter,2.16,275.52,-,-,-,-,-,-,2.16,275.52,2025-01-07T04:28:15.417Z,2025-04-29T10:59:38.225Z,,,,UPI,upi-apps,2022,Nov,,,,en
2034,41,Karnataka Bank Apps,0.40,74.82,-,-,-,-,-,-,0.40,74.82,2025-01-07T04:28:15.417Z,2025-04-29T10:59:38.307Z,,,,UPI,upi-apps,2022,Nov,,,,en
2035,42,Karur Vysya Bank Apps,0.04,16.23,-,-,-,-,-,-,0.04,16.23,2025-01-07T04:28:15.417Z,2025-04-29T10:59:38.388Z,,,,UPI,upi-apps,2022,Nov,,,,en
2036,43,Kotak Mahindra Bank Apps,10.93,2304.90,-,-,-,-,-,-,10.93,2304.90,2025-01-07T04:28:15.417Z,2025-04-29T10:59:38.469Z,,,,UPI,upi-apps,2022,Nov,,,,en
2037,44,MakeMyTrip,0.02,7.69,-,-,-,-,-,-,0.02,7.69,2025-01-07T04:28:15.417Z,2025-04-29T10:59:38.553Z,,,,UPI,upi-apps,2022,Nov,,,,en
2038,45,Mobikwik,3.46,762.67,-,-,-,-,-,-,3.46,762.67,2025-01-07T04:28:15.417Z,2025-04-29T10:59:38.635Z,,,,UPI,upi-apps,2022,Nov,,,,en
2039,46,NSDL Payments Bank Apps,0.02,2.70,-,-,-,-,-,-,0.02,2.70,2025-01-07T04:28:15.417Z,2025-04-29T10:59:38.716Z,,,,UPI,upi-apps,2022,Nov,,,,en
2040,47,Paytm,973.85,109008.43,4.12,14.81,0.37,491.76,103.13,19290.91,1081.47,128805.91,2025-01-07T04:28:15.417Z,2025-04-29T10:59:38.797Z,,,,UPI,upi-apps,2022,Nov,,,,en
2041,48,PhonePe,3418.75,591327.61,-,-,-,-,-,-,3418.75,591327.61,2025-01-07T04:28:15.417Z,2025-04-29T10:59:38.880Z,,,,UPI,upi-apps,2022,Nov,,,,en
2042,49,Punjab National Bank Apps,0.16,60.47,-,-,-,-,-,-,0.16,60.47,2025-01-07T04:28:15.417Z,2025-04-29T10:59:38.962Z,,,,UPI,upi-apps,2022,Nov,,,,en
2043,50,Punjab Sind Bank Apps,0.03,8.97,-,-,-,-,-,-,0.03,8.97,2025-01-07T04:28:15.417Z,2025-04-29T10:59:39.044Z,,,,UPI,upi-apps,2022,Nov,,,,en
2044,51,RBL Bank Apps,1.14,268.54,-,-,0.04,2.26,-,-,1.18,270.81,2025-01-07T04:28:15.417Z,2025-04-29T10:59:39.125Z,,,,UPI,upi-apps,2022,Nov,,,,en
2045,52,Samsung Pay,5.07,506.82,-,-,-,-,-,-,5.07,506.82,2025-01-07T04:28:15.417Z,2025-04-29T10:59:39.206Z,,,,UPI,upi-apps,2022,Nov,,,,en
2046,53,Slash,0.01,0.28,-,-,-,-,-,-,0.01,0.28,2025-01-07T04:28:15.417Z,2025-04-29T10:59:39.286Z,,,,UPI,upi-apps,2022,Nov,,,,en
2047,54,slice,0.51,206.66,-,-,-,-,-,-,0.51,206.66,2025-01-07T04:28:15.417Z,2025-04-29T10:59:39.368Z,,,,UPI,upi-apps,2022,Nov,,,,en
2048,55,South Indian Bank Apps,0.20,58.10,-,-,-,-,-,-,0.20,58.10,2025-01-07T04:28:15.417Z,2025-04-29T10:59:39.450Z,,,,UPI,upi-apps,2022,Nov,,,,en
2049,56,Standard Chartered Bank Apps,0.15,79.67,0.40,12.90,-,-,-,-,0.55,92.57,2025-01-07T04:28:15.417Z,2025-04-29T10:59:39.530Z,,,,UPI,upi-apps,2022,Nov,,,,en
2050,57,State Bank of India Apps,4.07,1876.46,-,-,-,-,-,-,4.07,1876.46,2025-01-07T04:28:15.417Z,2025-04-29T10:59:39.612Z,,,,UPI,upi-apps,2022,Nov,,,,en
2051,58,Tamilnad Mercantile Bank Apps,0.07,10.48,-,-,-,-,-,-,0.07,10.48,2025-01-07T04:28:15.417Z,2025-04-29T10:59:39.698Z,,,,UPI,upi-apps,2022,Nov,,,,en
2052,59,TataNeu,0.14,17.17,-,-,-,-,-,-,0.14,17.17,2025-01-07T04:28:15.417Z,2025-04-29T10:59:39.781Z,,,,UPI,upi-apps,2022,Nov,,,,en
2053,60,TJSB Bank Apps,0.01,2.25,-,-,-,-,-,-,0.01,2.25,2025-01-07T04:28:15.417Z,2025-04-29T10:59:39.862Z,,,,UPI,upi-apps,2022,Nov,,,,en
2054,61,UCO Bank Apps,0.26,78.38,-,-,-,-,-,-,0.26,78.38,2025-01-07T04:28:15.417Z,2025-04-29T10:59:39.944Z,,,,UPI,upi-apps,2022,Nov,,,,en
2055,62,Ultracash,0.02,0.27,-,-,-,-,-,-,0.02,0.27,2025-01-07T04:28:15.417Z,2025-04-29T10:59:40.029Z,,,,UPI,upi-apps,2022,Nov,,,,en
2056,63,Union Bank Apps,1.11,313.30,-,-,-,-,-,-,1.11,313.30,2025-01-07T04:28:15.417Z,2025-04-29T10:59:40.110Z,,,,UPI,upi-apps,2022,Nov,,,,en
2057,64,Utkarsh Small Finance Bank Apps,0.02,7.10,-,-,-,-,-,-,0.02,7.10,2025-01-07T04:28:15.417Z,2025-04-29T10:59:40.192Z,,,,UPI,upi-apps,2022,Nov,,,,en
2058,65,WhatsApp,9.25,769.29,-,-,-,-,-,-,9.25,769.29,2025-01-07T04:28:15.417Z,2025-04-29T10:59:40.273Z,,,,UPI,upi-apps,2022,Nov,,,,en
2059,66,Yes Bank Apps,43.18,14682.54,-,-,0.41,219.88,-,-,43.58,14902.42,2025-01-07T04:28:15.417Z,2025-04-29T10:59:40.357Z,,,,UPI,upi-apps,2022,Nov,,,,en
2060,67,Others,0.02,4.07,-,-,-,-,-,-,0.02,4.07,2025-01-07T04:28:15.417Z,2025-04-29T10:59:40.437Z,,,,UPI,upi-apps,2022,Nov,,,,en
2061,1,Airtel Payments Bank Apps,8.69,681.55,-,-,-,-,-,0.12,8.70,681.67,2025-01-07T04:29:07.781Z,2025-04-29T10:59:40.518Z,,,,UPI,upi-apps,2022,Dec,,,,en
2063,2,Allahabad Bank Apps,0.03,9.75,-,-,-,-,-,-,0.03,9.75,2025-01-07T04:29:07.781Z,2025-04-29T10:59:40.679Z,,,,UPI,upi-apps,2022,Dec,,,,en
2062,3,Amazon Pay,69.61,6621.66,-,-,-,-,-,-,69.61,6621.66,2025-01-07T04:29:07.781Z,2025-04-29T10:59:40.598Z,,,,UPI,upi-apps,2022,Dec,,,,en
2064,4,AU Small Finance Bank Apps,0.58,177.47,-,-,-,-,-,-,0.58,177.47,2025-01-07T04:29:07.781Z,2025-04-29T10:59:40.760Z,,,,UPI,upi-apps,2022,Dec,,,,en
2065,5,Axis Bank Apps,7.26,1246.36,58.27,56.30,0.03,2.44,-,-,65.56,1305.09,2025-01-07T04:29:07.781Z,2025-04-29T10:59:40.842Z,,,,UPI,upi-apps,2022,Dec,,,,en
2066,6,Bajaj Finserv,4.56,647.71,-,-,-,-,-,-,4.56,647.71,2025-01-07T04:29:07.781Z,2025-04-29T10:59:40.925Z,,,,UPI,upi-apps,2022,Dec,,,,en
2068,7,Bandhan Bank Apps,0.01,1.53,-,-,-,-,-,-,0.01,1.53,2025-01-07T04:29:07.781Z,2025-04-29T10:59:41.089Z,,,,UPI,upi-apps,2022,Dec,,,,en
2067,8,Bank of Baroda Apps,1.02,397.56,-,-,-,-,-,-,1.02,397.56,2025-01-07T04:29:07.781Z,2025-04-29T10:59:41.007Z,,,,UPI,upi-apps,2022,Dec,,,,en
2069,9,Bank of India Apps,0.22,64.32,-,-,-,-,-,-,0.22,64.32,2025-01-07T04:29:07.781Z,2025-04-29T10:59:41.170Z,,,,UPI,upi-apps,2022,Dec,,,,en
2070,10,Bank of Maharashtra Apps,0.08,19.91,-,-,-,-,-,-,0.08,19.91,2025-01-07T04:29:07.781Z,2025-04-29T10:59:41.252Z,,,,UPI,upi-apps,2022,Dec,,,,en
2071,11,BHIM,25.50,8400.04,-,-,-,-,-,-,25.50,8400.04,2025-01-07T04:29:07.781Z,2025-04-29T10:59:41.334Z,,,,UPI,upi-apps,2022,Dec,,,,en
2072,12,Canara Bank Apps,1.02,275.70,-,-,-,-,-,-,1.02,275.70,2025-01-07T04:29:07.781Z,2025-04-29T10:59:41.426Z,,,,UPI,upi-apps,2022,Dec,,,,en
2073,13,Central Bank of India Apps,0.26,60.28,-,-,-,0.05,-,-,0.26,60.32,2025-01-07T04:29:07.781Z,2025-04-29T10:59:41.507Z,,,,UPI,upi-apps,2022,Dec,,,,en
2074,14,Citi Bank Apps,0.09,68.38,-,-,-,-,-,-,0.09,68.38,2025-01-07T04:29:07.781Z,2025-04-29T10:59:41.589Z,,,,UPI,upi-apps,2022,Dec,,,,en
2075,15,City Union Bank Apps,0.05,14.38,-,-,-,-,-,-,0.05,14.38,2025-01-07T04:29:07.781Z,2025-04-29T10:59:41.670Z,,,,UPI,upi-apps,2022,Dec,,,,en
2076,16,Cointab,0.05,18.98,-,-,-,-,-,-,0.05,18.98,2025-01-07T04:29:07.781Z,2025-04-29T10:59:41.752Z,,,,UPI,upi-apps,2022,Dec,,,,en
2077,17,Cred,31.42,19622.29,-,-,-,-,-,-,31.42,19622.29,2025-01-07T04:29:07.781Z,2025-04-29T10:59:41.834Z,,,,UPI,upi-apps,2022,Dec,,,,en
2078,18,DBS Digibank Apps,0.41,171.59,-,-,-,-,-,-,0.41,171.59,2025-01-07T04:29:07.781Z,2025-04-29T10:59:41.916Z,,,,UPI,upi-apps,2022,Dec,,,,en
2079,19,Deutsche Bank Apps,1.28,104.47,-,-,-,0.01,-,-,1.28,104.49,2025-01-07T04:29:07.781Z,2025-04-29T10:59:41.998Z,,,,UPI,upi-apps,2022,Dec,,,,en
2080,20,Dhanlaxmi Bank Apps,0.01,3.16,-,-,-,-,-,-,0.01,3.16,2025-01-07T04:29:07.781Z,2025-04-29T10:59:42.079Z,,,,UPI,upi-apps,2022,Dec,,,,en
2081,21,Equitas Small Finance Bank Apps,0.02,11.69,-,-,-,-,-,-,0.02,11.69,2025-01-07T04:29:07.781Z,2025-04-29T10:59:42.159Z,,,,UPI,upi-apps,2022,Dec,,,,en
2082,22,Fampay PPI,9.70,127.18,-,-,-,0.01,-,-,9.70,127.19,2025-01-07T04:29:07.781Z,2025-04-29T10:59:42.241Z,,,,UPI,upi-apps,2022,Dec,,,,en
2083,23,Fave,0.08,5.01,-,-,-,-,-,-,0.08,5.01,2025-01-07T04:29:07.781Z,2025-04-29T10:59:42.322Z,,,,UPI,upi-apps,2022,Dec,,,,en
2084,24,Federal Bank Apps,4.57,595.17,-,-,-,0.01,-,-,4.57,595.18,2025-01-07T04:29:07.781Z,2025-04-29T10:59:42.403Z,,,,UPI,upi-apps,2022,Dec,,,,en
2085,25,Fino Payments bank Apps,0.11,7.49,-,-,-,-,-,-,0.11,7.49,2025-01-07T04:29:07.781Z,2025-04-29T10:59:42.484Z,,,,UPI,upi-apps,2022,Dec,,,,en
2086,26,Google Pay,2712.34,440370.99,-,-,-,-,-,-,2712.34,440370.99,2025-01-07T04:29:07.781Z,2025-04-29T10:59:42.564Z,,,,UPI,upi-apps,2022,Dec,,,,en
2087,27,Groww,0.21,153.02,-,-,-,-,-,-,0.21,153.02,2025-01-07T04:29:07.781Z,2025-04-29T10:59:42.644Z,,,,UPI,upi-apps,2022,Dec,,,,en
2088,28,HDFC Bank Apps,11.81,3143.08,-,-,-,0.15,-,-,11.81,3143.24,2025-01-07T04:29:07.781Z,2025-04-29T10:59:42.727Z,,,,UPI,upi-apps,2022,Dec,,,,en
2089,29,HSBC Bank Apps,0.15,78.59,-,0.05,-,-,-,-,0.15,78.63,2025-01-07T04:29:07.781Z,2025-04-29T10:59:42.803Z,,,,UPI,upi-apps,2022,Dec,,,,en
2090,30,ICICI Bank Apps,36.74,8815.95,5.17,418.68,6.38,6890.51,-,-,48.29,16125.15,2025-01-07T04:29:07.781Z,2025-04-29T10:59:42.882Z,,,,UPI,upi-apps,2022,Dec,,,,en
2091,31,IDBI Bank Apps,0.07,29.50,-,-,-,-,-,-,0.07,29.50,2025-01-07T04:29:07.781Z,2025-04-29T10:59:42.962Z,,,,UPI,upi-apps,2022,Dec,,,,en
2092,32,IDFC Bank Apps,9.55,1184.60,-,-,0.16,138.38,-,-,9.70,1322.98,2025-01-07T04:29:07.781Z,2025-04-29T10:59:43.043Z,,,,UPI,upi-apps,2022,Dec,,,,en
2093,33,India Post Payments Bank Apps,5.55,682.59,-,-,-,-,-,-,5.55,682.59,2025-01-07T04:29:07.781Z,2025-04-29T10:59:43.120Z,,,,UPI,upi-apps,2022,Dec,,,,en
2094,34,Indian Bank Apps,0.25,73.71,-,-,-,-,-,-,0.25,73.71,2025-01-07T04:29:07.781Z,2025-04-29T10:59:43.201Z,,,,UPI,upi-apps,2022,Dec,,,,en
2095,35,Indian Overseas Bank Apps,0.01,2.90,-,-,-,-,-,-,0.01,2.90,2025-01-07T04:29:07.781Z,2025-04-29T10:59:43.281Z,,,,UPI,upi-apps,2022,Dec,,,,en
2096,36,IndusInd Bank Apps,1.26,1062.40,-,-,-,-,-,-,1.26,1062.40,2025-01-07T04:29:07.781Z,2025-04-29T10:59:43.364Z,,,,UPI,upi-apps,2022,Dec,,,,en
2097,37,Janata Sahakari Bank Apps,0.01,4.58,-,-,-,-,-,-,0.01,4.58,2025-01-07T04:29:07.781Z,2025-04-29T10:59:43.445Z,,,,UPI,upi-apps,2022,Dec,,,,en
2098,38,Jio Payments Bank Apps,1.48,104.71,-,-,-,-,-,-,1.48,104.71,2025-01-07T04:29:07.781Z,2025-04-29T10:59:43.528Z,,,,UPI,upi-apps,2022,Dec,,,,en
2099,39,Jupiter,2.53,318.03,-,-,-,-,-,-,2.53,318.03,2025-01-07T04:29:07.781Z,2025-04-29T10:59:43.609Z,,,,UPI,upi-apps,2022,Dec,,,,en
2100,40,Karnataka Bank Apps,0.48,91.09,-,-,-,-,-,-,0.48,91.09,2025-01-07T04:29:07.781Z,2025-04-29T10:59:43.691Z,,,,UPI,upi-apps,2022,Dec,,,,en
2101,41,Karur Vysya Bank Apps,0.04,14.87,-,-,-,-,-,-,0.04,14.87,2025-01-07T04:29:07.781Z,2025-04-29T10:59:43.775Z,,,,UPI,upi-apps,2022,Dec,,,,en
2102,42,Kotak Mahindra Bank Apps,11.53,2480.17,-,-,-,0.01,-,-,11.53,2480.18,2025-01-07T04:29:07.781Z,2025-04-29T10:59:43.855Z,,,,UPI,upi-apps,2022,Dec,,,,en
2103,43,MakeMyTrip,0.10,52.30,-,-,-,-,-,-,0.10,52.30,2025-01-07T04:29:07.781Z,2025-04-29T10:59:43.935Z,,,,UPI,upi-apps,2022,Dec,,,,en
2104,44,Mobikwik,3.62,806.82,-,-,-,-,-,-,3.62,806.82,2025-01-07T04:29:07.781Z,2025-04-29T10:59:44.015Z,,,,UPI,upi-apps,2022,Dec,,,,en
2105,45,NSDL Payments Bank Apps,0.02,2.95,-,-,-,-,-,-,0.02,2.95,2025-01-07T04:29:07.781Z,2025-04-29T10:59:44.095Z,,,,UPI,upi-apps,2022,Dec,,,,en
2106,46,Paytm,1054.05,118069.81,6.08,16.86,0.43,580.52,109.79,20154.47,1170.34,138821.66,2025-01-07T04:29:07.781Z,2025-04-29T10:59:44.176Z,,,,UPI,upi-apps,2022,Dec,,,,en
2107,47,PhonePe,3674.24,639348.78,-,-,-,-,-,-,3674.24,639348.78,2025-01-07T04:29:07.781Z,2025-04-29T10:59:44.256Z,,,,UPI,upi-apps,2022,Dec,,,,en
2108,48,Punjab National Bank Apps,0.22,76.70,-,-,-,-,-,-,0.22,76.70,2025-01-07T04:29:07.781Z,2025-04-29T10:59:44.337Z,,,,UPI,upi-apps,2022,Dec,,,,en
2109,49,Punjab Sind Bank Apps,0.03,10.48,-,-,-,-,-,-,0.03,10.48,2025-01-07T04:29:07.781Z,2025-04-29T10:59:44.421Z,,,,UPI,upi-apps,2022,Dec,,,,en
2110,50,RBL Bank Apps,0.92,214.40,-,0.01,0.18,0.89,-,-,1.10,215.30,2025-01-07T04:29:07.781Z,2025-04-29T10:59:44.503Z,,,,UPI,upi-apps,2022,Dec,,,,en
2111,51,Samsung Pay,5.49,531.12,-,-,-,-,-,-,5.49,531.12,2025-01-07T04:29:07.781Z,2025-04-29T10:59:44.585Z,,,,UPI,upi-apps,2022,Dec,,,,en
2112,52,Slash,0.01,0.79,-,-,-,-,-,-,0.01,0.79,2025-01-07T04:29:07.781Z,2025-04-29T10:59:44.666Z,,,,UPI,upi-apps,2022,Dec,,,,en
2113,53,Slice,0.15,15.74,-,-,-,-,-,-,0.15,15.74,2025-01-07T04:29:07.781Z,2025-04-29T10:59:44.800Z,,,,UPI,upi-apps,2022,Dec,,,,en
2114,54,South Indian Bank Apps,0.18,53.20,-,-,-,-,-,-,0.18,53.20,2025-01-07T04:29:07.781Z,2025-04-29T10:59:44.938Z,,,,UPI,upi-apps,2022,Dec,,,,en
2115,55,Standard Chartered Bank Apps,0.16,90.42,-,-,-,-,-,-,0.16,90.42,2025-01-07T04:29:07.781Z,2025-04-29T10:59:45.019Z,,,,UPI,upi-apps,2022,Dec,,,,en
2116,56,State Bank of India Apps,4.22,1928.43,-,-,-,-,-,-,4.22,1928.43,2025-01-07T04:29:07.781Z,2025-04-29T10:59:45.101Z,,,,UPI,upi-apps,2022,Dec,,,,en
2117,57,Tamilnad Mercantile Bank Apps,0.08,12.13,-,-,-,-,-,-,0.08,12.13,2025-01-07T04:29:07.781Z,2025-04-29T10:59:45.180Z,,,,UPI,upi-apps,2022,Dec,,,,en
2118,58,TataNeu,0.15,17.64,-,-,-,-,-,-,0.15,17.64,2025-01-07T04:29:07.781Z,2025-04-29T10:59:45.259Z,,,,UPI,upi-apps,2022,Dec,,,,en
2119,59,UCO Bank Apps,0.31,93.32,-,-,-,-,-,-,0.31,93.32,2025-01-07T04:29:07.781Z,2025-04-29T10:59:45.337Z,,,,UPI,upi-apps,2022,Dec,,,,en
2120,60,Ultracash,0.03,1.65,-,-,-,-,-,-,0.03,1.65,2025-01-07T04:29:07.781Z,2025-04-29T10:59:45.417Z,,,,UPI,upi-apps,2022,Dec,,,,en
2121,61,Union Bank Apps,0.92,310.63,-,-,-,-,-,-,0.92,310.63,2025-01-07T04:29:07.781Z,2025-04-29T10:59:45.497Z,,,,UPI,upi-apps,2022,Dec,,,,en
2122,62,Utkarsh Small Finance Bank Apps,0.02,7.81,-,-,-,-,-,-,0.02,7.81,2025-01-07T04:29:07.781Z,2025-04-29T10:59:45.578Z,,,,UPI,upi-apps,2022,Dec,,,,en
2123,63,WhatsApp,11.05,917.49,-,-,-,-,-,-,11.05,917.49,2025-01-07T04:29:07.781Z,2025-04-29T10:59:45.658Z,,,,UPI,upi-apps,2022,Dec,,,,en
2124,64,Yes Bank Apps,35.98,13324.11,-,-,0.18,91.35,-,-,36.16,13415.46,2025-01-07T04:29:07.781Z,2025-04-29T10:59:45.738Z,,,,UPI,upi-apps,2022,Dec,,,,en
2125,65,Others,0.03,7.64,-,-,-,-,-,-,0.03,7.64,2025-01-07T04:29:07.781Z,2025-04-29T10:59:45.819Z,,,,UPI,upi-apps,2022,Dec,,,,en
2185,1,Airtel Payments Bank Apps,9.77,834.52,-,-,-,0.02,-,0.10,9.77,834.63,2025-01-07T04:32:07.410Z,2025-04-29T10:59:50.683Z,,,,UPI,upi-apps,2023,Jan,,,,en
2186,2,Allahabad Bank Apps,0.03,9.17,-,-,-,-,-,-,0.03,9.17,2025-01-07T04:32:07.410Z,2025-04-29T10:59:50.762Z,,,,UPI,upi-apps,2023,Jan,,,,en
2187,3,Amazon Pay,57.75,5797.03,-,-,-,-,-,-,57.75,5797.03,2025-01-07T04:32:07.410Z,2025-04-29T10:59:50.841Z,,,,UPI,upi-apps,2023,Jan,,,,en
2188,4,AU Small Finance Bank Apps,0.58,181.45,-,-,-,-,-,-,0.58,181.45,2025-01-07T04:32:07.410Z,2025-04-29T10:59:50.920Z,,,,UPI,upi-apps,2023,Jan,,,,en
2189,5,Axis Bank Apps,8.24,1419.65,48.00,43.47,0.03,4.51,-,-,56.28,1467.64,2025-01-07T04:32:07.410Z,2025-04-29T10:59:51.005Z,,,,UPI,upi-apps,2023,Jan,,,,en
2190,6,Bajaj Finserv,5.01,812.40,-,-,-,-,-,-,5.01,812.40,2025-01-07T04:32:07.410Z,2025-04-29T10:59:51.085Z,,,,UPI,upi-apps,2023,Jan,,,,en
2191,7,Bajaj Markets,0.01,0.50,-,-,-,-,-,-,0.01,0.50,2025-01-07T04:32:07.410Z,2025-04-29T10:59:51.165Z,,,,UPI,upi-apps,2023,Jan,,,,en
2192,8,Bandhan Bank Apps,0.01,1.47,-,-,-,-,-,-,0.01,1.47,2025-01-07T04:32:07.410Z,2025-04-29T10:59:51.245Z,,,,UPI,upi-apps,2023,Jan,,,,en
2193,9,Bank of Baroda Apps,1.10,423.46,-,-,-,-,-,-,1.10,423.46,2025-01-07T04:32:07.410Z,2025-04-29T10:59:51.325Z,,,,UPI,upi-apps,2023,Jan,,,,en
2194,10,Bank of India Apps,0.24,70.34,-,-,-,-,-,-,0.24,70.34,2025-01-07T04:32:07.410Z,2025-04-29T10:59:51.407Z,,,,UPI,upi-apps,2023,Jan,,,,en
2195,11,Bank of Maharashtra Apps,0.08,20.39,-,-,-,-,-,-,0.08,20.39,2025-01-07T04:32:07.410Z,2025-04-29T10:59:51.488Z,,,,UPI,upi-apps,2023,Jan,,,,en
2196,12,BHIM,24.96,8164.65,-,-,-,-,-,-,24.96,8164.65,2025-01-07T04:32:07.410Z,2025-04-29T10:59:51.567Z,,,,UPI,upi-apps,2023,Jan,,,,en
2197,13,Canara Bank Apps,1.08,289.29,-,-,-,-,-,-,1.08,289.29,2025-01-07T04:32:07.410Z,2025-04-29T10:59:51.651Z,,,,UPI,upi-apps,2023,Jan,,,,en
2198,14,Central Bank of India Apps,0.31,68.65,-,-,-,0.02,-,-,0.31,68.68,2025-01-07T04:32:07.410Z,2025-04-29T10:59:51.730Z,,,,UPI,upi-apps,2023,Jan,,,,en
2199,15,Citi Bank Apps,0.12,71.81,-,-,-,-,-,-,0.12,71.81,2025-01-07T04:32:07.410Z,2025-04-29T10:59:51.810Z,,,,UPI,upi-apps,2023,Jan,,,,en
2200,16,City Union Bank Apps,0.05,15.51,-,-,-,-,-,-,0.05,15.51,2025-01-07T04:32:07.410Z,2025-04-29T10:59:51.888Z,,,,UPI,upi-apps,2023,Jan,,,,en
2201,17,Cointab,0.05,21.16,-,-,-,-,-,-,0.05,21.16,2025-01-07T04:32:07.410Z,2025-04-29T10:59:51.969Z,,,,UPI,upi-apps,2023,Jan,,,,en
2202,18,Cred,35.18,19106.82,-,-,-,-,-,-,35.18,19106.82,2025-01-07T04:32:07.410Z,2025-04-29T10:59:52.050Z,,,,UPI,upi-apps,2023,Jan,,,,en
2203,19,DBS Digibank Apps,0.41,174.02,-,-,-,-,-,-,0.41,174.02,2025-01-07T04:32:07.410Z,2025-04-29T10:59:52.130Z,,,,UPI,upi-apps,2023,Jan,,,,en
2204,20,Deutsche Bank Apps,1.30,131.72,-,-,0.02,18.58,-,-,1.31,150.29,2025-01-07T04:32:07.410Z,2025-04-29T10:59:52.211Z,,,,UPI,upi-apps,2023,Jan,,,,en
2205,21,Dhanlaxmi Bank Apps,0.01,2.76,-,-,-,-,-,-,0.01,2.76,2025-01-07T04:32:07.410Z,2025-04-29T10:59:52.291Z,,,,UPI,upi-apps,2023,Jan,,,,en
2206,22,Equitas Small Finance Bank Apps,0.02,13.02,-,-,-,-,-,-,0.02,13.02,2025-01-07T04:32:07.410Z,2025-04-29T10:59:52.371Z,,,,UPI,upi-apps,2023,Jan,,,,en
2207,23,Eroute,0.08,2.29,-,-,-,-,-,-,0.08,2.29,2025-01-07T04:32:07.410Z,2025-04-29T10:59:52.453Z,,,,UPI,upi-apps,2023,Jan,,,,en
2208,24,Fampay PPI,12.80,175.63,-,-,-,0.01,-,-,12.80,175.64,2025-01-07T04:32:07.410Z,2025-04-29T10:59:52.532Z,,,,UPI,upi-apps,2023,Jan,,,,en
2209,25,Fave,0.11,7.87,-,-,-,-,-,-,0.11,7.87,2025-01-07T04:32:07.410Z,2025-04-29T10:59:52.614Z,,,,UPI,upi-apps,2023,Jan,,,,en
2210,26,Federal Bank Apps,4.72,604.60,-,-,-,-,-,-,4.72,604.61,2025-01-07T04:32:07.410Z,2025-04-29T10:59:52.696Z,,,,UPI,upi-apps,2023,Jan,,,,en
2211,27,Fino Payments bank Apps,0.11,7.51,-,-,-,-,-,-,0.11,7.51,2025-01-07T04:32:07.410Z,2025-04-29T10:59:52.778Z,,,,UPI,upi-apps,2023,Jan,,,,en
2212,28,GoIbibo,0.01,1.60,-,-,-,-,-,-,0.01,1.60,2025-01-07T04:32:07.410Z,2025-04-29T10:59:52.859Z,,,,UPI,upi-apps,2023,Jan,,,,en
2213,29,Google Pay,2782.42,443725.01,-,-,-,-,-,-,2782.42,443725.01,2025-01-07T04:32:07.410Z,2025-04-29T10:59:52.940Z,,,,UPI,upi-apps,2023,Jan,,,,en
2214,30,Groww,0.19,152.17,-,-,-,-,-,-,0.19,152.17,2025-01-07T04:32:07.410Z,2025-04-29T10:59:53.023Z,,,,UPI,upi-apps,2023,Jan,,,,en
2215,31,HDFC Bank Apps,12.30,3324.64,-,-,-,0.16,-,-,12.30,3324.81,2025-01-07T04:32:07.410Z,2025-04-29T10:59:53.104Z,,,,UPI,upi-apps,2023,Jan,,,,en
2216,32,HSBC Bank Apps,0.13,75.54,-,0.04,-,-,-,-,0.13,75.58,2025-01-07T04:32:07.410Z,2025-04-29T10:59:53.184Z,,,,UPI,upi-apps,2023,Jan,,,,en
2217,33,ICICI Bank Apps,32.96,8950.32,5.27,376.42,6.90,7761.41,-,-,45.14,17088.16,2025-01-07T04:32:07.410Z,2025-04-29T10:59:53.265Z,,,,UPI,upi-apps,2023,Jan,,,,en
2218,34,IDBI Bank Apps,0.07,30.81,-,-,-,-,-,-,0.07,30.81,2025-01-07T04:32:07.410Z,2025-04-29T10:59:53.348Z,,,,UPI,upi-apps,2023,Jan,,,,en
2219,35,IDFC Bank Apps,10.82,1635.62,-,-,0.66,586.58,-,-,11.47,2222.20,2025-01-07T04:32:07.410Z,2025-04-29T10:59:53.430Z,,,,UPI,upi-apps,2023,Jan,,,,en
2220,36,India Post Payments Bank Apps,5.43,707.37,-,-,-,-,-,-,5.43,707.37,2025-01-07T04:32:07.410Z,2025-04-29T10:59:53.511Z,,,,UPI,upi-apps,2023,Jan,,,,en
2221,37,Indian Bank Apps,0.26,73.38,-,-,-,-,-,-,0.26,73.38,2025-01-07T04:32:07.410Z,2025-04-29T10:59:53.591Z,,,,UPI,upi-apps,2023,Jan,,,,en
2222,38,Indian Overseas Bank Apps,0.01,2.31,-,-,-,-,-,-,0.01,2.31,2025-01-07T04:32:07.410Z,2025-04-29T10:59:53.672Z,,,,UPI,upi-apps,2023,Jan,,,,en
2223,39,IndusInd Bank Apps,0.84,962.09,-,-,-,-,-,-,0.84,962.09,2025-01-07T04:32:07.410Z,2025-04-29T10:59:53.752Z,,,,UPI,upi-apps,2023,Jan,,,,en
2224,40,Janata Sahakari Bank Apps,0.01,3.98,-,-,-,-,-,-,0.01,3.98,2025-01-07T04:32:07.410Z,2025-04-29T10:59:53.832Z,,,,UPI,upi-apps,2023,Jan,,,,en
2225,41,Jio Payments Bank Apps,1.59,108.84,-,-,-,-,-,-,1.59,108.84,2025-01-07T04:32:07.410Z,2025-04-29T10:59:53.911Z,,,,UPI,upi-apps,2023,Jan,,,,en
2226,42,Jupiter,2.49,323.88,-,-,-,-,-,-,2.49,323.88,2025-01-07T04:32:07.410Z,2025-04-29T10:59:53.995Z,,,,UPI,upi-apps,2023,Jan,,,,en
2227,43,Karnataka Bank Apps,0.40,85.81,-,-,-,-,-,-,0.40,85.81,2025-01-07T04:32:07.410Z,2025-04-29T10:59:54.076Z,,,,UPI,upi-apps,2023,Jan,,,,en
2228,44,Karur Vysya Bank Apps,0.04,15.27,-,-,-,-,-,-,0.04,15.27,2025-01-07T04:32:07.410Z,2025-04-29T10:59:54.155Z,,,,UPI,upi-apps,2023,Jan,,,,en
2229,45,Kotak Mahindra Bank Apps,12.14,2612.59,-,-,-,0.01,-,-,12.14,2612.60,2025-01-07T04:32:07.410Z,2025-04-29T10:59:54.233Z,,,,UPI,upi-apps,2023,Jan,,,,en
2230,46,MakeMyTrip,0.08,35.59,-,-,-,-,-,-,0.08,35.59,2025-01-07T04:32:07.410Z,2025-04-29T10:59:54.312Z,,,,UPI,upi-apps,2023,Jan,,,,en
2231,47,Mobikwik,3.49,785.48,-,-,-,-,-,-,3.49,785.48,2025-01-07T04:32:07.410Z,2025-04-29T10:59:54.393Z,,,,UPI,upi-apps,2023,Jan,,,,en
2232,48,NSDL Payments Bank Apps,0.02,3.00,-,-,-,-,-,-,0.02,3.00,2025-01-07T04:32:07.410Z,2025-04-29T10:59:54.471Z,,,,UPI,upi-apps,2023,Jan,,,,en
2233,50,Paytm,1076.75,119647.31,7.75,18.10,0.46,638.22,105.94,19369.36,1190.89,139673.00,2025-01-07T04:32:07.410Z,2025-04-29T10:59:54.551Z,,,,UPI,upi-apps,2023,Jan,,,,en
2234,51,PhonePe,3802.67,651108.51,-,-,-,-,-,-,3802.67,651108.51,2025-01-07T04:32:07.410Z,2025-04-29T10:59:54.631Z,,,,UPI,upi-apps,2023,Jan,,,,en
2235,52,Punjab National Bank Apps,0.25,82.15,-,-,-,-,-,-,0.25,82.15,2025-01-07T04:32:07.410Z,2025-04-29T10:59:54.711Z,,,,UPI,upi-apps,2023,Jan,,,,en
2236,53,Punjab Sind Bank Apps,0.04,13.08,-,-,-,-,-,-,0.04,13.08,2025-01-07T04:32:07.410Z,2025-04-29T10:59:54.792Z,,,,UPI,upi-apps,2023,Jan,,,,en
2237,54,RBL Bank Apps,1.22,241.36,-,-,0.09,1.52,-,-,1.32,242.88,2025-01-07T04:32:07.410Z,2025-04-29T10:59:54.873Z,,,,UPI,upi-apps,2023,Jan,,,,en
2238,55,Samsung Pay,5.52,523.73,-,-,-,-,-,-,5.52,523.73,2025-01-07T04:32:07.410Z,2025-04-29T10:59:54.954Z,,,,UPI,upi-apps,2023,Jan,,,,en
2239,56,Slash,0.01,0.68,-,-,-,-,-,-,0.01,0.68,2025-01-07T04:32:07.410Z,2025-04-29T10:59:55.035Z,,,,UPI,upi-apps,2023,Jan,,,,en
2240,57,slice,0.22,45.82,-,-,-,-,-,-,0.22,45.82,2025-01-07T04:32:07.411Z,2025-04-29T10:59:55.117Z,,,,UPI,upi-apps,2023,Jan,,,,en
2241,58,South Indian Bank Apps,0.19,56.75,-,-,-,-,-,-,0.19,56.75,2025-01-07T04:32:07.411Z,2025-04-29T10:59:55.200Z,,,,UPI,upi-apps,2023,Jan,,,,en
2242,59,Standard Chartered Bank Apps,0.15,85.16,-,-,-,-,-,-,0.15,85.16,2025-01-07T04:32:07.411Z,2025-04-29T10:59:55.280Z,,,,UPI,upi-apps,2023,Jan,,,,en
2243,60,State Bank of India Apps,4.06,1901.92,-,-,-,-,-,-,4.06,1901.92,2025-01-07T04:32:07.411Z,2025-04-29T10:59:55.361Z,,,,UPI,upi-apps,2023,Jan,,,,en
2244,61,Tamilnad Mercantile Bank Apps,0.07,11.67,-,-,-,-,-,-,0.07,11.67,2025-01-07T04:32:07.411Z,2025-04-29T10:59:55.446Z,,,,UPI,upi-apps,2023,Jan,,,,en
2245,62,TataNeu,0.11,14.79,-,-,-,-,-,-,0.11,14.79,2025-01-07T04:32:07.411Z,2025-04-29T10:59:55.526Z,,,,UPI,upi-apps,2023,Jan,,,,en
2246,63,Transerv,0.01,0.71,-,-,-,-,-,-,0.01,0.71,2025-01-07T04:32:07.411Z,2025-04-29T10:59:55.607Z,,,,UPI,upi-apps,2023,Jan,,,,en
2247,64,UCO Bank Apps,0.32,101.06,-,-,-,-,-,-,0.32,101.06,2025-01-07T04:32:07.411Z,2025-04-29T10:59:55.687Z,,,,UPI,upi-apps,2023,Jan,,,,en
2248,65,Ultracash,0.04,2.25,-,-,-,-,-,-,0.04,2.25,2025-01-07T04:32:07.411Z,2025-04-29T10:59:55.767Z,,,,UPI,upi-apps,2023,Jan,,,,en
2249,66,Union Bank Apps,0.80,303.93,-,-,-,-,-,-,0.80,303.93,2025-01-07T04:32:07.411Z,2025-04-29T10:59:55.847Z,,,,UPI,upi-apps,2023,Jan,,,,en
2250,67,Utkarsh Small Finance Bank Apps,0.02,8.35,-,-,-,-,-,-,0.02,8.35,2025-01-07T04:32:07.411Z,2025-04-29T10:59:55.927Z,,,,UPI,upi-apps,2023,Jan,,,,en
2251,68,WhatsApp,11.47,963.12,-,-,-,-,-,-,11.47,963.12,2025-01-07T04:32:07.411Z,2025-04-29T10:59:56.007Z,,,,UPI,upi-apps,2023,Jan,,,,en
2252,69,Yes Bank Apps,33.37,12047.35,-,-,0.59,69.27,-,-,33.96,12116.61,2025-01-07T04:32:07.411Z,2025-04-29T10:59:56.088Z,,,,UPI,upi-apps,2023,Jan,,,,en
2253,70,Others,0.02,5.57,-,-,-,-,-,-,0.02,5.57,2025-01-07T04:32:07.411Z,2025-04-29T10:59:56.167Z,,,,UPI,upi-apps,2023,Jan,,,,en
2254,1,Airtel Payments Bank Apps,8.71,730.35,-,-,-,0.01,-,0.09,8.71,730.45,2025-01-07T04:38:21.605Z,2025-04-29T10:59:56.247Z,,,,UPI,upi-apps,2023,Feb,,,,en
2255,2,Allahabad Bank Apps,0.03,8.47,-,-,-,-,-,-,0.03,8.47,2025-01-07T04:38:21.605Z,2025-04-29T10:59:56.326Z,,,,UPI,upi-apps,2023,Feb,,,,en
2256,3,Amazon Pay,47.80,4981.82,-,-,-,-,-,-,47.80,4981.82,2025-01-07T04:38:21.605Z,2025-04-29T10:59:56.406Z,,,,UPI,upi-apps,2023,Feb,,,,en
2257,4,AU Small Finance Bank Apps,0.55,165.07,-,-,-,-,-,-,0.55,165.07,2025-01-07T04:38:21.605Z,2025-04-29T10:59:56.483Z,,,,UPI,upi-apps,2023,Feb,,,,en
2258,5,Axis Bank Apps,7.74,1352.53,44.19,58.61,0.03,2.82,-,-,51.95,1413.95,2025-01-07T04:38:21.608Z,2025-04-29T10:59:56.561Z,,,,UPI,upi-apps,2023,Feb,,,,en
2259,6,Bajaj Finserv,5.44,882.75,-,-,-,-,-,-,5.44,882.75,2025-01-07T04:38:21.608Z,2025-04-29T10:59:56.639Z,,,,UPI,upi-apps,2023,Feb,,,,en
2260,7,Bandhan Bank Apps,0.01,1.71,-,-,-,-,-,-,0.01,1.71,2025-01-07T04:38:21.608Z,2025-04-29T10:59:56.718Z,,,,UPI,upi-apps,2023,Feb,,,,en
2261,8,Bank of Baroda Apps,1.14,408.18,-,-,-,1.15,-,-,1.14,409.33,2025-01-07T04:38:21.608Z,2025-04-29T10:59:56.798Z,,,,UPI,upi-apps,2023,Feb,,,,en
2262,9,Bank of India Apps,0.24,68.69,-,-,-,-,-,-,0.24,68.69,2025-01-07T04:38:21.609Z,2025-04-29T10:59:56.879Z,,,,UPI,upi-apps,2023,Feb,,,,en
2263,10,Bank of Maharashtra Apps,0.07,19.02,-,-,-,-,-,-,0.07,19.02,2025-01-07T04:38:21.609Z,2025-04-29T10:59:56.960Z,,,,UPI,upi-apps,2023,Feb,,,,en
2264,11,BHIM,23.21,7158.37,-,-,-,-,-,-,23.21,7158.37,2025-01-07T04:38:21.609Z,2025-04-29T10:59:57.041Z,,,,UPI,upi-apps,2023,Feb,,,,en
2265,12,Bajaj Finserv,0.01,3.43,-,-,-,-,-,-,0.01,3.43,2025-01-07T04:38:21.609Z,2025-04-29T10:59:57.121Z,,,,UPI,upi-apps,2023,Feb,,,,en
2266,13,Canara Bank Apps,1.09,284.23,-,-,-,-,-,-,1.09,284.23,2025-01-07T04:38:21.609Z,2025-04-29T10:59:57.201Z,,,,UPI,upi-apps,2023,Feb,,,,en
2267,14,Central Bank of India Apps,0.32,72.05,-,-,-,0.10,-,-,0.32,72.15,2025-01-07T04:38:21.609Z,2025-04-29T10:59:57.281Z,,,,UPI,upi-apps,2023,Feb,,,,en
2268,15,Citi Bank Apps,0.08,59.37,-,-,-,-,-,-,0.08,59.37,2025-01-07T04:38:21.609Z,2025-04-29T10:59:57.361Z,,,,UPI,upi-apps,2023,Feb,,,,en
2269,16,City Union Bank Apps,0.06,15.94,-,-,-,-,-,-,0.06,15.94,2025-01-07T04:38:21.609Z,2025-04-29T10:59:57.443Z,,,,UPI,upi-apps,2023,Feb,,,,en
2270,17,Cointab,0.04,16.40,-,-,-,-,-,-,0.04,16.40,2025-01-07T04:38:21.609Z,2025-04-29T10:59:57.523Z,,,,UPI,upi-apps,2023,Feb,,,,en
2271,18,Cred,36.57,17902.20,-,-,-,-,-,-,36.57,17902.20,2025-01-07T04:38:21.609Z,2025-04-29T10:59:57.606Z,,,,UPI,upi-apps,2023,Feb,,,,en
2272,19,DBS Digibank Apps,0.39,161.51,-,-,-,-,-,-,0.39,161.51,2025-01-07T04:38:21.609Z,2025-04-29T10:59:57.686Z,,,,UPI,upi-apps,2023,Feb,,,,en
2273,20,Deutsche Bank Apps,1.31,112.45,-,-,0.01,5.90,-,-,1.32,118.35,2025-01-07T04:38:21.609Z,2025-04-29T10:59:57.767Z,,,,UPI,upi-apps,2023,Feb,,,,en
2274,21,Transerv,0.02,3.13,-,-,-,-,-,-,0.02,3.13,2025-01-07T04:38:21.609Z,2025-04-29T10:59:57.846Z,,,,UPI,upi-apps,2023,Feb,,,,en
2275,22,Dhanlaxmi Bank Apps,0.01,2.67,-,-,-,-,-,-,0.01,2.67,2025-01-07T04:38:21.609Z,2025-04-29T10:59:57.927Z,,,,UPI,upi-apps,2023,Feb,,,,en
2276,23,Equitas Small Finance Bank Apps,0.02,11.41,-,-,-,-,-,-,0.02,11.41,2025-01-07T04:38:21.609Z,2025-04-29T10:59:58.008Z,,,,UPI,upi-apps,2023,Feb,,,,en
2277,24,EROUTE,0.17,6.08,-,-,-,-,-,-,0.17,6.08,2025-01-07T04:38:21.609Z,2025-04-29T10:59:58.089Z,,,,UPI,upi-apps,2023,Feb,,,,en
2278,25,FamPay PPI,1.60,21.73,-,-,-,-,-,-,1.60,21.73,2025-01-07T04:38:21.609Z,2025-04-29T10:59:58.168Z,,,,UPI,upi-apps,2023,Feb,,,,en
2279,26,Fave,0.11,7.08,-,-,-,-,-,-,0.11,7.08,2025-01-07T04:38:21.609Z,2025-04-29T10:59:58.248Z,,,,UPI,upi-apps,2023,Feb,,,,en
2280,27,Federal Bank Apps,4.76,590.97,-,-,-,-,-,-,4.76,590.97,2025-01-07T04:38:21.609Z,2025-04-29T10:59:58.327Z,,,,UPI,upi-apps,2023,Feb,,,,en
2281,28,Fino Payments bank Apps,0.10,6.50,-,-,-,-,-,-,0.10,6.50,2025-01-07T04:38:21.609Z,2025-04-29T10:59:58.407Z,,,,UPI,upi-apps,2023,Feb,,,,en
2282,29,Google Pay,2639.55,424442.48,-,-,-,-,-,-,2639.55,424442.48,2025-01-07T04:38:21.609Z,2025-04-29T10:59:58.487Z,,,,UPI,upi-apps,2023,Feb,,,,en
2283,30,Groww,0.21,158.90,-,-,-,-,-,-,0.21,158.90,2025-01-07T04:38:21.609Z,2025-04-29T10:59:58.567Z,,,,UPI,upi-apps,2023,Feb,,,,en
2284,31,HDFC Bank Apps,11.87,3116.03,-,-,-,0.14,-,-,11.87,3116.17,2025-01-07T04:38:21.609Z,2025-04-29T10:59:58.647Z,,,,UPI,upi-apps,2023,Feb,,,,en
2285,32,HSBC Bank Apps,0.12,73.02,-,0.02,-,-,-,-,0.12,73.04,2025-01-07T04:38:21.609Z,2025-04-29T10:59:58.727Z,,,,UPI,upi-apps,2023,Feb,,,,en
2286,33,ICICI Bank Apps,28.99,8054.44,5.68,390.60,5.84,6386.36,-,-,40.52,14831.40,2025-01-07T04:38:21.609Z,2025-04-29T10:59:58.809Z,,,,UPI,upi-apps,2023,Feb,,,,en
2287,34,IDBI Bank Apps,0.07,29.25,-,-,-,-,-,-,0.07,29.25,2025-01-07T04:38:21.609Z,2025-04-29T10:59:58.890Z,,,,UPI,upi-apps,2023,Feb,,,,en
2288,35,IDFC Bank Apps,21.31,2176.07,-,-,0.98,868.14,-,-,22.28,3044.21,2025-01-07T04:38:21.609Z,2025-04-29T10:59:58.980Z,,,,UPI,upi-apps,2023,Feb,,,,en
2289,36,India Post Payments Bank Apps,4.05,609.49,-,-,-,-,-,-,4.05,609.49,2025-01-07T04:38:21.609Z,2025-04-29T10:59:59.061Z,,,,UPI,upi-apps,2023,Feb,,,,en
2290,37,Indian Bank Apps,0.24,68.44,-,-,-,0.13,-,-,0.24,68.57,2025-01-07T04:38:21.609Z,2025-04-29T10:59:59.142Z,,,,UPI,upi-apps,2023,Feb,,,,en
2291,38,Indian Overseas Bank Apps,0.01,2.31,-,-,-,-,-,-,0.01,2.31,2025-01-07T04:38:21.609Z,2025-04-29T10:59:59.225Z,,,,UPI,upi-apps,2023,Feb,,,,en
2292,39,IndusInd Bank Apps,0.78,848.43,-,-,-,-,-,-,0.78,848.43,2025-01-07T04:38:21.609Z,2025-04-29T10:59:59.307Z,,,,UPI,upi-apps,2023,Feb,,,,en
2293,40,Jio Payments Bank Apps,1.50,104.03,-,-,-,-,-,-,1.50,104.03,2025-01-07T04:38:21.609Z,2025-04-29T10:59:59.386Z,,,,UPI,upi-apps,2023,Feb,,,,en
2294,41,Jupiter,2.39,314.07,-,-,-,-,-,-,2.39,314.07,2025-01-07T04:38:21.609Z,2025-04-29T10:59:59.466Z,,,,UPI,upi-apps,2023,Feb,,,,en
2295,42,Karnataka Bank Apps,0.39,88.38,-,-,-,-,-,-,0.39,88.38,2025-01-07T04:38:21.609Z,2025-04-29T10:59:59.546Z,,,,UPI,upi-apps,2023,Feb,,,,en
2296,43,Karur Vysya Bank Apps,0.04,14.78,-,-,-,-,-,-,0.04,14.78,2025-01-07T04:38:21.609Z,2025-04-29T10:59:59.624Z,,,,UPI,upi-apps,2023,Feb,,,,en
2297,44,Kotak Mahindra Bank Apps,12.09,2521.61,-,-,-,0.03,-,-,12.09,2521.65,2025-01-07T04:38:21.609Z,2025-04-29T10:59:59.704Z,,,,UPI,upi-apps,2023,Feb,,,,en
2298,45,MakeMyTrip,0.05,22.70,-,-,-,-,-,-,0.05,22.70,2025-01-07T04:38:21.609Z,2025-04-29T10:59:59.783Z,,,,UPI,upi-apps,2023,Feb,,,,en
2299,46,Mobikwik,3.39,804.92,-,-,-,-,-,-,3.39,804.92,2025-01-07T04:38:21.610Z,2025-04-29T10:59:59.863Z,,,,UPI,upi-apps,2023,Feb,,,,en
2300,47,NSDL Payments Bank Apps,0.02,3.00,-,-,-,-,-,-,0.02,3.00,2025-01-07T04:38:21.610Z,2025-04-29T10:59:59.944Z,,,,UPI,upi-apps,2023,Feb,,,,en
2301,48,Paytm,1027.97,116864.36,10.52,17.08,0.43,621.78,98.61,19025.03,1137.53,136528.25,2025-01-07T04:38:21.610Z,2025-04-29T11:00:00.029Z,,,,UPI,upi-apps,2023,Feb,,,,en
2302,49,PhonePe,3519.12,620121.97,-,-,-,-,-,-,3519.12,620121.97,2025-01-07T04:38:21.610Z,2025-04-29T11:00:00.110Z,,,,UPI,upi-apps,2023,Feb,,,,en
2303,50,Punjab National Bank Apps,0.33,90.01,-,-,-,-,-,-,0.33,90.01,2025-01-07T04:38:21.610Z,2025-04-29T11:00:00.190Z,,,,UPI,upi-apps,2023,Feb,,,,en
2304,51,Punjab Sind Bank Apps,0.04,12.34,-,-,-,-,-,-,0.04,12.34,2025-01-07T04:38:21.610Z,2025-04-29T11:00:00.269Z,,,,UPI,upi-apps,2023,Feb,,,,en
2305,52,RBL Bank Apps,1.65,487.72,-,-,0.10,1.72,-,-,1.74,489.45,2025-01-07T04:38:21.610Z,2025-04-29T11:00:00.350Z,,,,UPI,upi-apps,2023,Feb,,,,en
2306,53,Samsung Pay,5.24,488.33,-,-,-,-,-,-,5.24,488.33,2025-01-07T04:38:21.610Z,2025-04-29T11:00:00.430Z,,,,UPI,upi-apps,2023,Feb,,,,en
2307,54,Slash,0.01,0.49,-,-,-,-,-,-,0.01,0.49,2025-01-07T04:38:21.610Z,2025-04-29T11:00:00.511Z,,,,UPI,upi-apps,2023,Feb,,,,en
2308,55,slice,0.47,117.78,-,-,-,-,-,-,0.47,117.78,2025-01-07T04:38:21.610Z,2025-04-29T11:00:00.591Z,,,,UPI,upi-apps,2023,Feb,,,,en
2309,56,South Indian Bank Apps,0.20,54.81,-,-,-,-,-,-,0.20,54.81,2025-01-07T04:38:21.610Z,2025-04-29T11:00:00.672Z,,,,UPI,upi-apps,2023,Feb,,,,en
2310,57,Standard Chartered Bank Apps,0.14,82.79,-,-,-,-,-,-,0.14,82.79,2025-01-07T04:38:21.610Z,2025-04-29T11:00:00.752Z,,,,UPI,upi-apps,2023,Feb,,,,en
2311,58,State Bank of India Apps,3.72,1753.88,-,-,-,0.05,-,-,3.72,1753.93,2025-01-07T04:38:21.610Z,2025-04-29T11:00:00.835Z,,,,UPI,upi-apps,2023,Feb,,,,en
2312,59,Tamilnad Mercantile Bank Apps,0.06,10.21,-,-,-,-,-,-,0.06,10.21,2025-01-07T04:38:21.610Z,2025-04-29T11:00:00.914Z,,,,UPI,upi-apps,2023,Feb,,,,en
2313,60,TataNeu,0.13,14.54,-,-,-,-,-,-,0.13,14.54,2025-01-07T04:38:21.610Z,2025-04-29T11:00:00.994Z,,,,UPI,upi-apps,2023,Feb,,,,en
2314,61,UCO Bank Apps,0.31,97.44,-,-,-,-,-,-,0.31,97.44,2025-01-07T04:38:21.610Z,2025-04-29T11:00:01.075Z,,,,UPI,upi-apps,2023,Feb,,,,en
2315,62,Ultracash,0.03,1.67,-,-,-,-,-,-,0.03,1.67,2025-01-07T04:38:21.610Z,2025-04-29T11:00:01.156Z,,,,UPI,upi-apps,2023,Feb,,,,en
2316,63,Union Bank Apps,0.71,280.27,-,-,-,-,-,-,0.71,280.27,2025-01-07T04:38:21.610Z,2025-04-29T11:00:01.237Z,,,,UPI,upi-apps,2023,Feb,,,,en
2317,64,Utkarsh Small Finance Bank Apps,0.02,9.01,-,-,-,-,-,-,0.02,9.01,2025-01-07T04:38:21.610Z,2025-04-29T11:00:01.317Z,,,,UPI,upi-apps,2023,Feb,,,,en
2318,65,WhatsApp,11.63,970.67,-,-,-,-,-,-,11.63,970.67,2025-01-07T04:38:21.610Z,2025-04-29T11:00:01.401Z,,,,UPI,upi-apps,2023,Feb,,,,en
2319,66,Yes Bank Apps,25.89,7481.18,-,-,0.66,37.06,-,-,26.55,7518.24,2025-01-07T04:38:21.610Z,2025-04-29T11:00:01.482Z,,,,UPI,upi-apps,2023,Feb,,,,en
2320,67,Others,0.03,9.01,-,-,-,-,-,-,0.03,9.01,2025-01-07T04:38:21.610Z,2025-04-29T11:00:01.562Z,,,,UPI,upi-apps,2023,Feb,,,,en
2321,1,Airtel Payments Bank Apps,10.66,761.39,-,-,-,-,-,0.11,10.66,761.51,2025-01-07T04:39:20.074Z,2025-04-29T11:00:01.651Z,,,,UPI,upi-apps,2023,Mar,,,,en
2322,2,Allahabad Bank Apps,0.03,8.33,-,-,-,-,-,-,0.03,8.33,2025-01-07T04:39:20.074Z,2025-04-29T11:00:01.730Z,,,,UPI,upi-apps,2023,Mar,,,,en
2323,3,Amazon Pay,50.56,5360.90,-,-,-,-,-,-,50.56,5360.90,2025-01-07T04:39:20.074Z,2025-04-29T11:00:01.813Z,,,,UPI,upi-apps,2023,Mar,,,,en
2324,4,AU Small Finance Bank Apps,0.62,186.48,-,-,-,-,-,-,0.62,186.48,2025-01-07T04:39:20.074Z,2025-04-29T11:00:01.898Z,,,,UPI,upi-apps,2023,Mar,,,,en
2325,5,Axis Bank Apps,9.31,1700.48,48.90,273.18,0.03,3.00,-,-,58.24,1976.67,2025-01-07T04:39:20.074Z,2025-04-29T11:00:01.978Z,,,,UPI,upi-apps,2023,Mar,,,,en
2326,6,Bajaj Finserv,6.70,965.35,-,-,-,-,-,-,6.70,965.35,2025-01-07T04:39:20.074Z,2025-04-29T11:00:02.059Z,,,,UPI,upi-apps,2023,Mar,,,,en
2327,7,Bajaj Finserv PPI,0.05,12.22,-,-,-,-,-,-,0.05,12.22,2025-01-07T04:39:20.074Z,2025-04-29T11:00:02.143Z,,,,UPI,upi-apps,2023,Mar,,,,en
2328,8,Bajaj Markets,0.01,0.35,-,-,-,-,-,-,0.01,0.35,2025-01-07T04:39:20.074Z,2025-04-29T11:00:02.227Z,,,,UPI,upi-apps,2023,Mar,,,,en
2329,9,Bandhan Bank Apps,0.01,1.50,-,-,-,-,-,-,0.01,1.50,2025-01-07T04:39:20.074Z,2025-04-29T11:00:02.311Z,,,,UPI,upi-apps,2023,Mar,,,,en
2330,10,Bank of America Apps,0.01,2.06,-,-,-,-,-,-,0.01,2.07,2025-01-07T04:39:20.074Z,2025-04-29T11:00:02.394Z,,,,UPI,upi-apps,2023,Mar,,,,en
2331,11,Bank of Baroda Apps,1.16,446.84,-,-,-,0.42,-,-,1.16,447.25,2025-01-07T04:39:20.074Z,2025-04-29T11:00:02.475Z,,,,UPI,upi-apps,2023,Mar,,,,en
2332,12,Bank of India Apps,0.23,71.14,-,-,-,-,-,-,0.23,71.14,2025-01-07T04:39:20.074Z,2025-04-29T11:00:02.555Z,,,,UPI,upi-apps,2023,Mar,,,,en
2333,13,Bank of Maharashtra Apps,0.06,21.29,-,-,-,-,-,-,0.06,21.29,2025-01-07T04:39:20.074Z,2025-04-29T11:00:02.636Z,,,,UPI,upi-apps,2023,Mar,,,,en
2334,14,BHIM,23.68,7498.24,-,-,-,-,-,-,23.68,7498.24,2025-01-07T04:39:20.074Z,2025-04-29T11:00:02.715Z,,,,UPI,upi-apps,2023,Mar,,,,en
2335,15,Canara Bank Apps,1.39,374.43,-,-,-,-,-,-,1.39,374.43,2025-01-07T04:39:20.074Z,2025-04-29T11:00:02.800Z,,,,UPI,upi-apps,2023,Mar,,,,en
2336,16,Central Bank of India Apps,0.36,83.48,-,-,-,0.09,-,-,0.36,83.56,2025-01-07T04:39:20.074Z,2025-04-29T11:00:02.875Z,,,,UPI,upi-apps,2023,Mar,,,,en
2337,17,Citi Bank Apps,0.12,67.55,-,-,-,0.01,-,-,0.12,67.55,2025-01-07T04:39:20.074Z,2025-04-29T11:00:02.955Z,,,,UPI,upi-apps,2023,Mar,,,,en
2338,18,City Union Bank Apps,0.06,18.93,-,-,-,-,-,-,0.06,18.93,2025-01-07T04:39:20.074Z,2025-04-29T11:00:03.036Z,,,,UPI,upi-apps,2023,Mar,,,,en
2339,19,Cointab,0.04,19.07,-,-,-,-,-,-,0.04,19.07,2025-01-07T04:39:20.074Z,2025-04-29T11:00:03.117Z,,,,UPI,upi-apps,2023,Mar,,,,en
2340,20,Cred,42.84,21056.31,-,-,-,-,-,-,42.84,21056.31,2025-01-07T04:39:20.074Z,2025-04-29T11:00:03.198Z,,,,UPI,upi-apps,2023,Mar,,,,en
2341,21,DBS Digibank Apps,0.41,177.88,-,-,-,-,-,-,0.41,177.88,2025-01-07T04:39:20.074Z,2025-04-29T11:00:03.279Z,,,,UPI,upi-apps,2023,Mar,,,,en
2342,22,Deutsche Bank Apps,1.72,167.84,-,-,0.02,19.27,-,-,1.73,187.11,2025-01-07T04:39:20.074Z,2025-04-29T11:00:03.360Z,,,,UPI,upi-apps,2023,Mar,,,,en
2343,23,Dhanlaxmi Bank Apps,0.01,3.21,-,-,-,-,-,-,0.01,3.21,2025-01-07T04:39:20.074Z,2025-04-29T11:00:03.441Z,,,,UPI,upi-apps,2023,Mar,,,,en
2344,24,Equitas Small Finance Bank Apps,0.02,13.57,-,-,-,-,-,-,0.02,13.57,2025-01-07T04:39:20.074Z,2025-04-29T11:00:03.522Z,,,,UPI,upi-apps,2023,Mar,,,,en
2345,25,Eroute,0.27,19.25,-,-,-,-,-,-,0.27,19.25,2025-01-07T04:39:20.074Z,2025-04-29T11:00:03.603Z,,,,UPI,upi-apps,2023,Mar,,,,en
2346,26,Fampay PPI,9.49,124.59,-,-,-,-,-,-,9.49,124.59,2025-01-07T04:39:20.074Z,2025-04-29T11:00:03.685Z,,,,UPI,upi-apps,2023,Mar,,,,en
2347,27,Fave,0.08,6.40,-,-,-,-,-,-,0.08,6.40,2025-01-07T04:39:20.074Z,2025-04-29T11:00:03.767Z,,,,UPI,upi-apps,2023,Mar,,,,en
2348,28,Federal Bank Apps,5.25,648.50,-,-,-,-,-,-,5.25,648.51,2025-01-07T04:39:20.074Z,2025-04-29T11:00:03.850Z,,,,UPI,upi-apps,2023,Mar,,,,en
2349,29,Fino Payments bank Apps,0.13,8.18,-,-,-,-,-,-,0.13,8.18,2025-01-07T04:39:20.074Z,2025-04-29T11:00:03.931Z,,,,UPI,upi-apps,2023,Mar,,,,en
2350,30,Google Pay,3054.44,482896.69,-,-,-,-,-,-,3054.44,482896.69,2025-01-07T04:39:20.074Z,2025-04-29T11:00:04.015Z,,,,UPI,upi-apps,2023,Mar,,,,en
2351,31,Groww,0.18,137.64,-,-,-,-,-,-,0.18,137.64,2025-01-07T04:39:20.074Z,2025-04-29T11:00:04.096Z,,,,UPI,upi-apps,2023,Mar,,,,en
2352,32,HDFC Bank Apps,14.22,3644.87,-,-,-,0.01,-,-,14.22,3644.88,2025-01-07T04:39:20.074Z,2025-04-29T11:00:04.177Z,,,,UPI,upi-apps,2023,Mar,,,,en
2353,33,HSBC Bank Apps,0.14,89.69,-,0.03,-,-,-,-,0.14,89.71,2025-01-07T04:39:20.074Z,2025-04-29T11:00:04.259Z,,,,UPI,upi-apps,2023,Mar,,,,en
2354,34,ICICI Bank Apps,29.46,8773.27,4.87,348.16,7.26,8502.71,-,-,41.59,17624.14,2025-01-07T04:39:20.074Z,2025-04-29T11:00:04.340Z,,,,UPI,upi-apps,2023,Mar,,,,en
2355,35,IDBI Bank Apps,0.07,32.38,-,-,-,-,-,-,0.07,32.38,2025-01-07T04:39:20.074Z,2025-04-29T11:00:04.420Z,,,,UPI,upi-apps,2023,Mar,,,,en
2356,36,IDFC Bank Apps,13.36,2665.21,-,-,0.67,640.96,-,-,14.02,3306.18,2025-01-07T04:39:20.074Z,2025-04-29T11:00:04.501Z,,,,UPI,upi-apps,2023,Mar,,,,en
2357,37,India Post Payments Bank Apps,4.44,667.69,-,-,-,-,-,-,4.44,667.69,2025-01-07T04:39:20.074Z,2025-04-29T11:00:04.581Z,,,,UPI,upi-apps,2023,Mar,,,,en
2358,38,Indian Bank Apps,0.26,75.85,-,-,-,16.56,-,-,0.26,92.41,2025-01-07T04:39:20.074Z,2025-04-29T11:00:04.662Z,,,,UPI,upi-apps,2023,Mar,,,,en
2359,39,Indian Overseas Bank Apps,0.02,4.47,-,-,-,-,-,-,0.02,4.47,2025-01-07T04:39:20.074Z,2025-04-29T11:00:04.739Z,,,,UPI,upi-apps,2023,Mar,,,,en
2360,40,IndusInd Bank Apps,0.93,950.35,-,-,-,-,-,-,0.93,950.35,2025-01-07T04:39:20.074Z,2025-04-29T11:00:04.820Z,,,,UPI,upi-apps,2023,Mar,,,,en
2361,41,Janata Sahakari Bank Apps,0.01,3.74,-,-,-,-,-,-,0.01,3.74,2025-01-07T04:39:20.074Z,2025-04-29T11:00:04.898Z,,,,UPI,upi-apps,2023,Mar,,,,en
2362,42,Jio Payments Bank Apps,1.68,118.72,-,-,-,-,-,-,1.68,118.72,2025-01-07T04:39:20.074Z,2025-04-29T11:00:04.979Z,,,,UPI,upi-apps,2023,Mar,,,,en
2363,43,Jupiter,2.66,358.12,-,-,-,-,-,-,2.66,358.12,2025-01-07T04:39:20.074Z,2025-04-29T11:00:05.059Z,,,,UPI,upi-apps,2023,Mar,,,,en
2364,44,Karnataka Bank Apps,0.42,91.53,-,-,-,-,-,-,0.42,91.53,2025-01-07T04:39:20.074Z,2025-04-29T11:00:05.138Z,,,,UPI,upi-apps,2023,Mar,,,,en
2365,45,Karur Vysya Bank Apps,0.04,15.84,-,-,-,-,-,-,0.04,15.84,2025-01-07T04:39:20.074Z,2025-04-29T11:00:05.220Z,,,,UPI,upi-apps,2023,Mar,,,,en
2366,46,Kotak Mahindra Bank Apps,13.77,2854.64,-,-,-,0.01,-,-,13.77,2854.65,2025-01-07T04:39:20.074Z,2025-04-29T11:00:05.298Z,,,,UPI,upi-apps,2023,Mar,,,,en
2367,47,LivQuick PPI,0.01,0.64,-,-,-,-,-,-,0.01,0.64,2025-01-07T04:39:20.074Z,2025-04-29T11:00:05.378Z,,,,UPI,upi-apps,2023,Mar,,,,en
2368,48,MakeMyTrip,0.05,23.50,-,-,-,-,-,-,0.05,23.50,2025-01-07T04:39:20.074Z,2025-04-29T11:00:05.459Z,,,,UPI,upi-apps,2023,Mar,,,,en
2369,49,Mobikwik,3.64,937.98,-,-,-,-,-,-,3.64,937.98,2025-01-07T04:39:20.074Z,2025-04-29T11:00:05.538Z,,,,UPI,upi-apps,2023,Mar,,,,en
2370,50,NSDL Payments Bank Apps,0.03,3.47,-,-,-,-,-,-,0.03,3.47,2025-01-07T04:39:20.074Z,2025-04-29T11:00:05.617Z,,,,UPI,upi-apps,2023,Mar,,,,en
2371,51,Paytm,1169.63,133167.49,12.95,20.36,0.55,782.71,105.25,20459.85,1288.38,154430.40,2025-01-07T04:39:20.074Z,2025-04-29T11:00:05.696Z,,,,UPI,upi-apps,2023,Mar,,,,en
2372,52,PhonePe,4076.32,707410.47,-,-,-,-,-,-,4076.32,707410.47,2025-01-07T04:39:20.074Z,2025-04-29T11:00:05.777Z,,,,UPI,upi-apps,2023,Mar,,,,en
2373,53,Punjab National Bank Apps,0.43,110.59,-,-,-,-,-,-,0.43,110.59,2025-01-07T04:39:20.074Z,2025-04-29T11:00:05.860Z,,,,UPI,upi-apps,2023,Mar,,,,en
2374,54,Punjab Sind Bank Apps,0.04,13.74,-,-,-,-,-,-,0.04,13.74,2025-01-07T04:39:20.074Z,2025-04-29T11:00:05.944Z,,,,UPI,upi-apps,2023,Mar,,,,en
2375,55,RBL Bank Apps,1.79,544.09,-,-,0.09,1.89,-,-,1.88,545.98,2025-01-07T04:39:20.074Z,2025-04-29T11:00:06.026Z,,,,UPI,upi-apps,2023,Mar,,,,en
2376,56,Samsung Pay,5.68,528.09,-,-,-,-,-,-,5.68,528.09,2025-01-07T04:39:20.074Z,2025-04-29T11:00:06.108Z,,,,UPI,upi-apps,2023,Mar,,,,en
2377,57,South Indian Bank Apps,0.22,66.08,-,-,-,-,-,-,0.22,66.08,2025-01-07T04:39:20.074Z,2025-04-29T11:00:06.191Z,,,,UPI,upi-apps,2023,Mar,,,,en
2378,58,Standard Chartered Bank Apps,0.15,94.14,-,-,-,-,-,-,0.15,94.14,2025-01-07T04:39:20.074Z,2025-04-29T11:00:06.274Z,,,,UPI,upi-apps,2023,Mar,,,,en
2379,59,State Bank of India Apps,4.36,2011.57,-,-,-,0.08,-,-,4.36,2011.65,2025-01-07T04:39:20.074Z,2025-04-29T11:00:06.357Z,,,,UPI,upi-apps,2023,Mar,,,,en
2380,60,Tamilnad Mercantile Bank Apps,0.07,12.42,-,-,-,-,-,-,0.07,12.42,2025-01-07T04:39:20.074Z,2025-04-29T11:00:06.438Z,,,,UPI,upi-apps,2023,Mar,,,,en
2381,61,TataNeu,0.12,15.00,-,-,-,-,-,-,0.12,15.00,2025-01-07T04:39:20.074Z,2025-04-29T11:00:06.519Z,,,,UPI,upi-apps,2023,Mar,,,,en
2382,62,Transerv PPI,0.06,8.11,-,-,-,-,-,-,0.06,8.11,2025-01-07T04:39:20.074Z,2025-04-29T11:00:06.601Z,,,,UPI,upi-apps,2023,Mar,,,,en
2383,63,UCO Bank Apps,0.36,116.66,-,-,-,-,-,-,0.36,116.66,2025-01-07T04:39:20.074Z,2025-04-29T11:00:06.681Z,,,,UPI,upi-apps,2023,Mar,,,,en
2384,64,Ultracash,0.04,2.61,-,-,-,-,-,-,0.04,2.61,2025-01-07T04:39:20.074Z,2025-04-29T11:00:06.762Z,,,,UPI,upi-apps,2023,Mar,,,,en
2385,65,Union Bank Apps,0.75,310.24,-,-,-,-,-,-,0.75,310.24,2025-01-07T04:39:20.074Z,2025-04-29T11:00:06.844Z,,,,UPI,upi-apps,2023,Mar,,,,en
2386,66,Utkarsh Small Finance Bank Apps,0.02,6.35,-,-,-,-,-,-,0.02,6.35,2025-01-07T04:39:20.074Z,2025-04-29T11:00:06.924Z,,,,UPI,upi-apps,2023,Mar,,,,en
2387,67,WhatsApp,13.35,1144.76,-,-,-,-,-,-,13.35,1144.76,2025-01-07T04:39:20.074Z,2025-04-29T11:00:07.006Z,,,,UPI,upi-apps,2023,Mar,,,,en
2388,68,Yes Bank Apps,30.78,10038.78,-,-,0.68,55.12,-,-,31.47,10093.90,2025-01-07T04:39:20.074Z,2025-04-29T11:00:07.089Z,,,,UPI,upi-apps,2023,Mar,,,,en
2389,69,Others,0.02,5.18,-,-,-,-,-,-,0.02,5.18,2025-01-07T04:39:20.074Z,2025-04-29T11:00:07.166Z,,,,UPI,upi-apps,2023,Mar,,,,en
2390,1,Airtel Payments Bank Apps,9.04,640.16,-,-,-,-,-,0.06,9.04,640.22,2025-01-07T04:41:39.458Z,2025-04-29T11:00:07.246Z,,,,UPI,upi-apps,2023,Apr,,,,en
2391,2,Allahabad Bank Apps,0.03,8.96,-,-,-,-,-,-,0.03,8.96,2025-01-07T04:41:39.458Z,2025-04-29T11:00:07.327Z,,,,UPI,upi-apps,2023,Apr,,,,en
2392,3,Amazon Pay,53.44,5351.07,-,-,-,-,-,-,53.44,5351.07,2025-01-07T04:41:39.458Z,2025-04-29T11:00:07.408Z,,,,UPI,upi-apps,2023,Apr,,,,en
2394,4,AU Small Finance Bank Apps,0.63,184.93,-,-,-,-,-,-,0.63,184.93,2025-01-07T04:41:39.458Z,2025-04-29T11:00:07.570Z,,,,UPI,upi-apps,2023,Apr,,,,en
2393,5,Axis Bank Apps,9.36,1584.45,42.35,282.63,0.03,2.81,-,-,51.74,1869.89,2025-01-07T04:41:39.458Z,2025-04-29T11:00:07.489Z,,,,UPI,upi-apps,2023,Apr,,,,en
2395,6,Bajaj Finserv,7.68,1053.08,-,-,-,-,-,-,7.68,1053.08,2025-01-07T04:41:39.458Z,2025-04-29T11:00:07.650Z,,,,UPI,upi-apps,2023,Apr,,,,en
2396,7,Bandhan Bank Apps,0.01,1.44,-,-,-,-,-,-,0.01,1.44,2025-01-07T04:41:39.458Z,2025-04-29T11:00:07.730Z,,,,UPI,upi-apps,2023,Apr,,,,en
2397,8,Bank of Baroda Apps,1.06,392.74,-,-,-,-,-,-,1.06,392.74,2025-01-07T04:41:39.458Z,2025-04-29T11:00:07.808Z,,,,UPI,upi-apps,2023,Apr,,,,en
2398,9,Bank of India Apps,0.22,66.93,-,-,-,-,-,-,0.22,66.93,2025-01-07T04:41:39.458Z,2025-04-29T11:00:07.888Z,,,,UPI,upi-apps,2023,Apr,,,,en
2399,10,Bank of Maharashtra Apps,0.06,19.83,-,-,-,-,-,-,0.06,19.83,2025-01-07T04:41:39.458Z,2025-04-29T11:00:07.968Z,,,,UPI,upi-apps,2023,Apr,,,,en
2400,11,BHIM,23.77,7368.61,-,-,-,-,-,-,23.77,7368.61,2025-01-07T04:41:39.458Z,2025-04-29T11:00:08.048Z,,,,UPI,upi-apps,2023,Apr,,,,en
2401,12,BPAYWALLET,0.05,9.91,-,-,-,-,-,-,0.05,9.91,2025-01-07T04:41:39.458Z,2025-04-29T11:00:08.126Z,,,,UPI,upi-apps,2023,Apr,,,,en
2402,13,Canara Bank Apps,1.40,383.46,-,-,-,-,-,-,1.40,383.46,2025-01-07T04:41:39.458Z,2025-04-29T11:00:08.205Z,,,,UPI,upi-apps,2023,Apr,,,,en
2403,14,Central Bank of India Apps,0.41,91.19,-,-,-,0.08,-,-,0.41,91.27,2025-01-07T04:41:39.458Z,2025-04-29T11:00:08.284Z,,,,UPI,upi-apps,2023,Apr,,,,en
2404,15,Citi Bank Apps,0.10,58.17,-,-,-,-,-,-,0.10,58.17,2025-01-07T04:41:39.458Z,2025-04-29T11:00:08.364Z,,,,UPI,upi-apps,2023,Apr,,,,en
2405,16,City Union Bank Apps,0.06,18.31,-,-,-,-,-,-,0.06,18.31,2025-01-07T04:41:39.458Z,2025-04-29T11:00:08.443Z,,,,UPI,upi-apps,2023,Apr,,,,en
2406,17,Cointab,0.02,10.61,-,-,-,-,-,-,0.02,10.61,2025-01-07T04:41:39.458Z,2025-04-29T11:00:08.523Z,,,,UPI,upi-apps,2023,Apr,,,,en
2407,18,Cred,45.70,20729.56,-,-,-,-,-,-,45.70,20729.56,2025-01-07T04:41:39.458Z,2025-04-29T11:00:08.604Z,,,,UPI,upi-apps,2023,Apr,,,,en
2408,19,DBS Digibank Apps,0.41,173.13,-,-,-,-,-,-,0.41,173.13,2025-01-07T04:41:39.458Z,2025-04-29T11:00:08.686Z,,,,UPI,upi-apps,2023,Apr,,,,en
2409,20,Deutsche Bank Apps,1.65,142.80,-,-,-,0.86,-,-,1.65,143.66,2025-01-07T04:41:39.458Z,2025-04-29T11:00:08.766Z,,,,UPI,upi-apps,2023,Apr,,,,en
2410,21,DHANI,0.08,9.21,-,-,-,-,-,-,0.08,9.21,2025-01-07T04:41:39.458Z,2025-04-29T11:00:08.846Z,,,,UPI,upi-apps,2023,Apr,,,,en
2411,22,Dhanlaxmi Bank Apps,0.01,2.80,-,-,-,-,-,-,0.01,2.80,2025-01-07T04:41:39.458Z,2025-04-29T11:00:08.927Z,,,,UPI,upi-apps,2023,Apr,,,,en
2412,23,Equitas Small Finance Bank Apps,0.02,13.86,-,-,-,-,-,-,0.02,13.86,2025-01-07T04:41:39.458Z,2025-04-29T11:00:09.007Z,,,,UPI,upi-apps,2023,Apr,,,,en
2413,24,FAM,11.78,146.58,-,-,-,-,-,-,11.78,146.58,2025-01-07T04:41:39.458Z,2025-04-29T11:00:09.090Z,,,,UPI,upi-apps,2023,Apr,,,,en
2414,25,Fave,0.03,3.27,-,-,-,-,-,-,0.03,3.27,2025-01-07T04:41:39.458Z,2025-04-29T11:00:09.170Z,,,,UPI,upi-apps,2023,Apr,,,,en
2415,26,Federal Bank Apps,5.18,624.64,-,-,-,-,-,-,5.18,624.64,2025-01-07T04:41:39.458Z,2025-04-29T11:00:09.249Z,,,,UPI,upi-apps,2023,Apr,,,,en
2416,27,Fino Payments bank Apps,0.08,5.67,-,-,-,-,-,-,0.08,5.67,2025-01-07T04:41:39.458Z,2025-04-29T11:00:09.330Z,,,,UPI,upi-apps,2023,Apr,,,,en
2417,28,Google Pay,3109.24,474049.90,-,-,-,-,-,-,3109.24,474049.90,2025-01-07T04:41:39.458Z,2025-04-29T11:00:09.409Z,,,,UPI,upi-apps,2023,Apr,,,,en
2418,29,Groww,0.11,80.85,-,-,-,-,-,-,0.11,80.85,2025-01-07T04:41:39.458Z,2025-04-29T11:00:09.490Z,,,,UPI,upi-apps,2023,Apr,,,,en
2419,30,HDFC Bank Apps,14.48,3685.33,-,-,-,16.48,-,-,14.48,3701.81,2025-01-07T04:41:39.458Z,2025-04-29T11:00:09.569Z,,,,UPI,upi-apps,2023,Apr,,,,en
2420,31,HSBC Bank Apps,0.14,90.10,-,0.03,-,-,-,-,0.14,90.13,2025-01-07T04:41:39.458Z,2025-04-29T11:00:09.648Z,,,,UPI,upi-apps,2023,Apr,,,,en
2421,32,ICICI Bank Apps,30.69,8941.59,5.34,323.96,5.95,7439.02,-,-,41.98,16704.57,2025-01-07T04:41:39.458Z,2025-04-29T11:00:09.728Z,,,,UPI,upi-apps,2023,Apr,,,,en
2422,33,IDBI Bank Apps,0.07,32.02,-,-,-,-,-,-,0.07,32.02,2025-01-07T04:41:39.458Z,2025-04-29T11:00:09.807Z,,,,UPI,upi-apps,2023,Apr,,,,en
2423,34,IDFC Bank Apps,11.96,2274.12,-,-,0.71,591.19,-,-,12.66,2865.32,2025-01-07T04:41:39.458Z,2025-04-29T11:00:09.889Z,,,,UPI,upi-apps,2023,Apr,,,,en
2424,35,India Post Payments Bank Apps,5.24,746.48,-,-,-,-,-,-,5.24,746.48,2025-01-07T04:41:39.458Z,2025-04-29T11:00:09.971Z,,,,UPI,upi-apps,2023,Apr,,,,en
2425,36,Indian Bank Apps,0.27,75.66,-,-,-,10.71,-,-,0.27,86.37,2025-01-07T04:41:39.458Z,2025-04-29T11:00:10.051Z,,,,UPI,upi-apps,2023,Apr,,,,en
2426,37,Indian Overseas Bank Apps,0.03,7.76,-,-,-,-,-,-,0.03,7.76,2025-01-07T04:41:39.458Z,2025-04-29T11:00:10.131Z,,,,UPI,upi-apps,2023,Apr,,,,en
2427,38,IndusInd Bank Apps,0.80,877.27,-,-,-,-,-,-,0.80,877.27,2025-01-07T04:41:39.458Z,2025-04-29T11:00:10.211Z,,,,UPI,upi-apps,2023,Apr,,,,en
2428,39,Jio Payments Bank Apps,1.49,112.21,-,-,-,-,-,-,1.49,112.21,2025-01-07T04:41:39.458Z,2025-04-29T11:00:10.291Z,,,,UPI,upi-apps,2023,Apr,,,,en
2429,40,Jupiter,2.72,380.27,-,-,-,-,-,-,2.72,380.27,2025-01-07T04:41:39.458Z,2025-04-29T11:00:10.371Z,,,,UPI,upi-apps,2023,Apr,,,,en
2430,41,Akudo & Muvin (Livquik),0.11,4.25,-,-,-,-,-,-,0.11,4.25,2025-01-07T04:41:39.458Z,2025-04-29T11:00:10.451Z,,,,UPI,upi-apps,2023,Apr,,,,en
2431,42,Karnataka Bank Apps,0.51,110.35,-,-,-,-,-,-,0.51,110.35,2025-01-07T04:41:39.458Z,2025-04-29T11:00:10.529Z,,,,UPI,upi-apps,2023,Apr,,,,en
2432,43,Karur Vysya Bank Apps,0.04,14.19,-,-,-,-,-,-,0.04,14.19,2025-01-07T04:41:39.458Z,2025-04-29T11:00:10.612Z,,,,UPI,upi-apps,2023,Apr,,,,en
2433,44,Kotak Mahindra Bank Apps,13.98,2845.64,-,-,-,0.01,-,-,13.98,2845.65,2025-01-07T04:41:39.458Z,2025-04-29T11:00:10.692Z,,,,UPI,upi-apps,2023,Apr,,,,en
2434,45,MakeMyTrip,0.02,12.91,-,-,-,-,-,-,0.02,12.91,2025-01-07T04:41:39.458Z,2025-04-29T11:00:10.771Z,,,,UPI,upi-apps,2023,Apr,,,,en
2435,46,Mobikwik,3.48,923.59,-,-,-,-,-,-,3.48,923.59,2025-01-07T04:41:39.458Z,2025-04-29T11:00:10.852Z,,,,UPI,upi-apps,2023,Apr,,,,en
2436,47,NSDL Payments Bank Apps,0.02,3.42,-,-,-,-,-,-,0.02,3.42,2025-01-07T04:41:39.458Z,2025-04-29T11:00:10.937Z,,,,UPI,upi-apps,2023,Apr,,,,en
2437,48,OMNI,0.26,6.74,-,-,-,-,-,-,0.26,6.74,2025-01-07T04:41:39.458Z,2025-04-29T11:00:11.024Z,,,,UPI,upi-apps,2023,Apr,,,,en
2438,49,Paytm,1184.38,135343.96,8.83,14.25,0.53,793.27,105.52,19560.25,1299.25,155711.73,2025-01-07T04:41:39.458Z,2025-04-29T11:00:11.103Z,,,,UPI,upi-apps,2023,Apr,,,,en
2439,50,PhonePe,4216.99,710178.44,-,-,-,-,-,-,4216.99,710178.44,2025-01-07T04:41:39.458Z,2025-04-29T11:00:11.182Z,,,,UPI,upi-apps,2023,Apr,,,,en
2440,51,PINELABS,0.02,1.31,-,-,-,-,-,-,0.02,1.31,2025-01-07T04:41:39.458Z,2025-04-29T11:00:11.262Z,,,,UPI,upi-apps,2023,Apr,,,,en
2441,52,Punjab National Bank Apps,1.03,148.27,-,-,-,0.01,-,-,1.03,148.28,2025-01-07T04:41:39.458Z,2025-04-29T11:00:11.340Z,,,,UPI,upi-apps,2023,Apr,,,,en
2442,53,Punjab Sind Bank Apps,0.04,14.04,-,-,-,-,-,-,0.04,14.04,2025-01-07T04:41:39.458Z,2025-04-29T11:00:11.424Z,,,,UPI,upi-apps,2023,Apr,,,,en
2443,54,RBL Bank Apps,1.56,489.63,-,-,0.10,2.70,-,-,1.66,492.33,2025-01-07T04:41:39.458Z,2025-04-29T11:00:11.504Z,,,,UPI,upi-apps,2023,Apr,,,,en
2444,55,Samsung Pay,5.67,511.04,-,-,-,-,-,-,5.67,511.04,2025-01-07T04:41:39.458Z,2025-04-29T11:00:11.583Z,,,,UPI,upi-apps,2023,Apr,,,,en
2445,56,Slash,0.01,0.32,-,-,-,-,-,-,0.01,0.32,2025-01-07T04:41:39.458Z,2025-04-29T11:00:11.664Z,,,,UPI,upi-apps,2023,Apr,,,,en
2446,57,slice,0.66,170.62,-,-,-,-,-,-,0.66,170.62,2025-01-07T04:41:39.458Z,2025-04-29T11:00:11.743Z,,,,UPI,upi-apps,2023,Apr,,,,en
2447,58,South Indian Bank Apps,0.22,63.81,-,-,-,-,-,-,0.22,63.81,2025-01-07T04:41:39.458Z,2025-04-29T11:00:11.824Z,,,,UPI,upi-apps,2023,Apr,,,,en
2448,59,Standard Chartered Bank Apps,0.16,94.21,-,-,-,-,-,-,0.16,94.22,2025-01-07T04:41:39.458Z,2025-04-29T11:00:11.904Z,,,,UPI,upi-apps,2023,Apr,,,,en
2449,60,State Bank of India Apps,4.09,1910.04,-,-,-,0.11,-,-,4.09,1910.15,2025-01-07T04:41:39.458Z,2025-04-29T11:00:11.984Z,,,,UPI,upi-apps,2023,Apr,,,,en
2450,61,Tamilnad Mercantile Bank Apps,0.06,13.15,-,-,-,-,-,-,0.06,13.15,2025-01-07T04:41:39.458Z,2025-04-29T11:00:12.067Z,,,,UPI,upi-apps,2023,Apr,,,,en
2451,62,TataNeu,0.15,16.46,-,-,-,-,-,-,0.15,16.46,2025-01-07T04:41:39.458Z,2025-04-29T11:00:12.147Z,,,,UPI,upi-apps,2023,Apr,,,,en
2452,63,UCO Bank Apps,0.34,111.87,-,-,-,-,-,-,0.34,111.87,2025-01-07T04:41:39.458Z,2025-04-29T11:00:12.228Z,,,,UPI,upi-apps,2023,Apr,,,,en
2453,64,Ultracash,0.03,2.10,-,-,-,-,-,-,0.03,2.10,2025-01-07T04:41:39.458Z,2025-04-29T11:00:12.309Z,,,,UPI,upi-apps,2023,Apr,,,,en
2454,65,Union Bank Apps,0.74,301.17,-,-,-,-,-,-,0.74,301.17,2025-01-07T04:41:39.458Z,2025-04-29T11:00:12.390Z,,,,UPI,upi-apps,2023,Apr,,,,en
2455,66,Utkarsh Small Finance Bank Apps,0.02,6.43,-,-,-,-,-,-,0.02,6.43,2025-01-07T04:41:39.458Z,2025-04-29T11:00:12.470Z,,,,UPI,upi-apps,2023,Apr,,,,en
2456,67,WhatsApp,14.83,1319.01,-,-,-,-,-,-,14.83,1319.01,2025-01-07T04:41:39.458Z,2025-04-29T11:00:12.551Z,,,,UPI,upi-apps,2023,Apr,,,,en
2457,68,Yes Bank Apps,34.45,12151.00,-,-,0.88,303.98,-,-,35.33,12454.98,2025-01-07T04:41:39.458Z,2025-04-29T11:00:12.630Z,,,,UPI,upi-apps,2023,Apr,,,,en
2458,69,Others,0.03,8.54,-,-,-,-,-,-,0.03,8.54,2025-01-07T04:41:39.458Z,2025-04-29T11:00:12.711Z,,,,UPI,upi-apps,2023,Apr,,,,en
2459,1,Airtel Payments Bank Apps,9.17,627.09,-,-,-,-,-,0.08,9.17,627.17,2025-01-07T04:42:43.683Z,2025-04-29T11:00:12.793Z,,,,UPI,upi-apps,2023,May,,,,en
2460,2,Allahabad Bank Apps,0.03,8.87,-,-,-,-,-,-,0.03,8.87,2025-01-07T04:42:43.683Z,2025-04-29T11:00:12.876Z,,,,UPI,upi-apps,2023,May,,,,en
2461,3,Amazon Pay,57.08,5772.68,-,-,-,-,-,-,57.08,5772.68,2025-01-07T04:42:43.683Z,2025-04-29T11:00:12.955Z,,,,UPI,upi-apps,2023,May,,,,en
2462,4,AU Small Finance Bank Apps,0.65,193.87,-,-,-,-,-,-,0.65,193.87,2025-01-07T04:42:43.683Z,2025-04-29T11:00:13.039Z,,,,UPI,upi-apps,2023,May,,,,en
2463,5,Axis Bank Apps,10.19,1697.23,37.00,217.00,0.03,3.00,-,-,47.38,1916.44,2025-01-07T04:42:43.683Z,2025-04-29T11:00:13.120Z,,,,UPI,upi-apps,2023,May,,,,en
2464,6,Bajaj Finserv,9.12,1189.82,-,-,-,-,-,-,9.12,1189.82,2025-01-07T04:42:43.683Z,2025-04-29T11:00:13.202Z,,,,UPI,upi-apps,2023,May,,,,en
2465,7,Bank of Baroda Apps,1.11,412.02,-,-,-,-,-,-,1.11,412.03,2025-01-07T04:42:43.683Z,2025-04-29T11:00:13.282Z,,,,UPI,upi-apps,2023,May,,,,en
2466,8,Bank of India Apps,0.22,69.86,-,-,-,-,-,-,0.22,69.87,2025-01-07T04:42:43.683Z,2025-04-29T11:00:13.364Z,,,,UPI,upi-apps,2023,May,,,,en
2467,9,BHIM,22.96,7209.87,-,-,-,-,-,-,22.96,7209.87,2025-01-07T04:42:43.683Z,2025-04-29T11:00:13.445Z,,,,UPI,upi-apps,2023,May,,,,en
2468,10,BPAYWALLET,0.06,9.65,-,-,-,-,-,-,0.06,9.65,2025-01-07T04:42:43.683Z,2025-04-29T11:00:13.527Z,,,,UPI,upi-apps,2023,May,,,,en
2469,11,Canara Bank Apps,1.48,431.27,-,-,-,-,-,-,1.48,431.27,2025-01-07T04:42:43.683Z,2025-04-29T11:00:13.608Z,,,,UPI,upi-apps,2023,May,,,,en
2470,12,Central Bank of India Apps,0.43,95.52,-,-,-,-,-,-,0.43,95.58,2025-01-07T04:42:43.683Z,2025-04-29T11:00:13.692Z,,,,UPI,upi-apps,2023,May,,,,en
2471,13,Citi Bank Apps,0.09,55.38,-,-,-,-,-,-,0.09,55.38,2025-01-07T04:42:43.683Z,2025-04-29T11:00:13.772Z,,,,UPI,upi-apps,2023,May,,,,en
2472,14,City Union Bank Apps,0.06,20.02,-,-,-,-,-,-,0.06,20.02,2025-01-07T04:42:43.683Z,2025-04-29T11:00:13.853Z,,,,UPI,upi-apps,2023,May,,,,en
2473,15,Cointab,0.01,4.24,-,-,-,-,-,-,0.01,4.24,2025-01-07T04:42:43.683Z,2025-04-29T11:00:13.937Z,,,,UPI,upi-apps,2023,May,,,,en
2474,16,Cred,61.04,23426.74,-,-,-,-,-,-,61.04,23426.74,2025-01-07T04:42:43.683Z,2025-04-29T11:00:14.019Z,,,,UPI,upi-apps,2023,May,,,,en
2475,17,DBS Digibank Apps,0.42,174.75,-,-,-,-,-,-,0.42,174.75,2025-01-07T04:42:43.683Z,2025-04-29T11:00:14.099Z,,,,UPI,upi-apps,2023,May,,,,en
2476,18,Deutsche Bank Apps,1.89,174.25,-,-,-,-,-,-,1.89,174.27,2025-01-07T04:42:43.683Z,2025-04-29T11:00:14.183Z,,,,UPI,upi-apps,2023,May,,,,en
2477,19,DHANI,0.04,7.55,-,-,-,-,-,-,0.04,7.55,2025-01-07T04:42:43.683Z,2025-04-29T11:00:14.269Z,,,,UPI,upi-apps,2023,May,,,,en
2478,20,Dhanlaxmi Bank Apps,0.01,2.93,-,-,-,-,-,-,0.01,2.93,2025-01-07T04:42:43.683Z,2025-04-29T11:00:14.347Z,,,,UPI,upi-apps,2023,May,,,,en
2479,21,Equitas Small Finance Bank Apps,0.03,16.31,-,-,-,-,-,-,0.03,16.31,2025-01-07T04:42:43.683Z,2025-04-29T11:00:14.428Z,,,,UPI,upi-apps,2023,May,,,,en
2480,22,FAM,13.78,166.50,-,-,-,-,-,-,13.78,166.50,2025-01-07T04:42:43.683Z,2025-04-29T11:00:14.513Z,,,,UPI,upi-apps,2023,May,,,,en
2481,23,Fave,0.02,1.68,-,-,-,-,-,-,0.02,1.68,2025-01-07T04:42:43.683Z,2025-04-29T11:00:14.589Z,,,,UPI,upi-apps,2023,May,,,,en
2482,24,Federal Bank Apps,5.12,643.60,-,-,-,-,-,-,5.12,643.62,2025-01-07T04:42:43.683Z,2025-04-29T11:00:14.669Z,,,,UPI,upi-apps,2023,May,,,,en
2483,25,Fino Payments bank Apps,0.09,6.60,-,-,-,-,-,-,0.09,6.60,2025-01-07T04:42:43.683Z,2025-04-29T11:00:14.749Z,,,,UPI,upi-apps,2023,May,,,,en
2484,26,Google Pay,3274.69,497748.17,-,-,-,-,-,-,3274.69,497748.17,2025-01-07T04:42:43.683Z,2025-04-29T11:00:14.826Z,,,,UPI,upi-apps,2023,May,,,,en
2485,27,Groww,0.47,287.97,-,-,-,-,-,-,0.47,287.97,2025-01-07T04:42:43.683Z,2025-04-29T11:00:14.905Z,,,,UPI,upi-apps,2023,May,,,,en
2486,28,HDFC Bank Apps,16.07,3979.33,-,-,-,3.00,-,-,16.07,3982.69,2025-01-07T04:42:43.683Z,2025-04-29T11:00:14.983Z,,,,UPI,upi-apps,2023,May,,,,en
2487,29,HSBC Bank Apps,0.14,87.42,-,-,-,-,-,-,0.14,87.50,2025-01-07T04:42:43.683Z,2025-04-29T11:00:15.063Z,,,,UPI,upi-apps,2023,May,,,,en
2488,30,ICICI Bank Apps,33.59,9965.41,5.23,380.00,5.09,6755.00,-,-,43.92,17101.09,2025-01-07T04:42:43.683Z,2025-04-29T11:00:15.142Z,,,,UPI,upi-apps,2023,May,,,,en
2489,31,IDBI Bank Apps,0.08,34.64,-,-,-,-,-,-,0.08,34.64,2025-01-07T04:42:43.683Z,2025-04-29T11:00:15.224Z,,,,UPI,upi-apps,2023,May,,,,en
2490,32,IDFC Bank Apps,8.52,1688.60,-,-,0.04,7.00,-,-,8.56,1696.01,2025-01-07T04:42:43.683Z,2025-04-29T11:00:15.304Z,,,,UPI,upi-apps,2023,May,,,,en
2491,33,India Post Payments Bank Apps,5.04,775.77,-,-,-,-,-,-,5.04,775.77,2025-01-07T04:42:43.683Z,2025-04-29T11:00:15.384Z,,,,UPI,upi-apps,2023,May,,,,en
2492,34,Indian Bank Apps,0.28,80.31,-,-,-,4.00,-,-,0.28,84.07,2025-01-07T04:42:43.683Z,2025-04-29T11:00:15.466Z,,,,UPI,upi-apps,2023,May,,,,en
2493,35,Indian Overseas Bank Apps,0.04,10.50,-,-,-,-,-,-,0.04,10.50,2025-01-07T04:42:43.683Z,2025-04-29T11:00:15.548Z,,,,UPI,upi-apps,2023,May,,,,en
2494,36,IndusInd Bank Apps,0.81,886.10,-,-,-,-,-,-,0.81,886.10,2025-01-07T04:42:43.683Z,2025-04-29T11:00:15.629Z,,,,UPI,upi-apps,2023,May,,,,en
2495,37,Jammu and Kashmir Bank Apps,0.01,2.00,-,-,-,-,-,-,0.01,2.00,2025-01-07T04:42:43.683Z,2025-04-29T11:00:15.710Z,,,,UPI,upi-apps,2023,May,,,,en
2496,38,Jio Payments Bank Apps,1.56,119.80,-,-,-,-,-,-,1.56,119.80,2025-01-07T04:42:43.683Z,2025-04-29T11:00:15.791Z,,,,UPI,upi-apps,2023,May,,,,en
2497,39,Jupiter,2.94,415.04,-,-,-,-,-,-,2.94,415.04,2025-01-07T04:42:43.683Z,2025-04-29T11:00:15.871Z,,,,UPI,upi-apps,2023,May,,,,en
2498,40,Akudo & Muvin (Livquik),0.18,6.62,-,-,-,-,-,-,0.18,6.62,2025-01-07T04:42:43.683Z,2025-04-29T11:00:15.953Z,,,,UPI,upi-apps,2023,May,,,,en
2499,41,Karnataka Bank Apps,0.63,127.13,-,-,-,-,-,-,0.63,127.13,2025-01-07T04:42:43.683Z,2025-04-29T11:00:16.035Z,,,,UPI,upi-apps,2023,May,,,,en
2500,42,Karur Vysya Bank Apps,0.04,13.65,-,-,-,-,-,-,0.04,13.65,2025-01-07T04:42:43.683Z,2025-04-29T11:00:16.116Z,,,,UPI,upi-apps,2023,May,,,,en
2501,43,Kotak Mahindra Bank Apps,16.31,3139.04,-,-,-,-,-,-,16.31,3139.05,2025-01-07T04:42:43.683Z,2025-04-29T11:00:16.197Z,,,,UPI,upi-apps,2023,May,,,,en
2502,44,MakeMyTrip,0.02,8.01,-,-,-,-,-,-,0.02,8.01,2025-01-07T04:42:43.683Z,2025-04-29T11:00:16.278Z,,,,UPI,upi-apps,2023,May,,,,en
2503,45,Mobikwik,3.59,997.92,-,-,-,-,-,-,3.59,997.92,2025-01-07T04:42:43.683Z,2025-04-29T11:00:16.359Z,,,,UPI,upi-apps,2023,May,,,,en
2504,46,NSDL Payments Bank Apps,0.02,3.28,-,-,-,-,-,-,0.02,3.28,2025-01-07T04:42:43.683Z,2025-04-29T11:00:16.440Z,,,,UPI,upi-apps,2023,May,,,,en
2505,47,OMNI,0.39,10.10,-,-,-,-,-,-,0.39,10.10,2025-01-07T04:42:43.683Z,2025-04-29T11:00:16.520Z,,,,UPI,upi-apps,2023,May,,,,en
2506,48,Paytm,1229.38,142291.76,3.95,7.00,0.56,887.00,108.39,21658.49,1342.28,164843.79,2025-01-07T04:42:43.683Z,2025-04-29T11:00:16.601Z,,,,UPI,upi-apps,2023,May,,,,en
2507,49,PhonePe,4499.20,757276.68,-,-,-,-,-,-,4499.20,757276.68,2025-01-07T04:42:43.683Z,2025-04-29T11:00:16.681Z,,,,UPI,upi-apps,2023,May,,,,en
2508,50,PINELABS,0.06,3.25,-,-,-,-,-,-,0.06,3.25,2025-01-07T04:42:43.683Z,2025-04-29T11:00:16.762Z,,,,UPI,upi-apps,2023,May,,,,en
2509,51,Punjab National Bank Apps,1.10,177.63,-,-,-,-,-,-,1.10,177.69,2025-01-07T04:42:43.683Z,2025-04-29T11:00:16.842Z,,,,UPI,upi-apps,2023,May,,,,en
2510,52,Punjab Sind Bank Apps,0.04,13.71,-,-,-,-,-,-,0.04,13.71,2025-01-07T04:42:43.683Z,2025-04-29T11:00:16.923Z,,,,UPI,upi-apps,2023,May,,,,en
2511,53,RBL Bank Apps,1.06,484.53,-,-,0.18,5.00,-,-,1.24,489.36,2025-01-07T04:42:43.683Z,2025-04-29T11:00:17.005Z,,,,UPI,upi-apps,2023,May,,,,en
2512,54,RBLBANK,0.01,0.06,-,-,-,-,-,-,0.01,0.06,2025-01-07T04:42:43.683Z,2025-04-29T11:00:17.085Z,,,,UPI,upi-apps,2023,May,,,,en
2513,55,Samsung Pay,5.83,535.16,-,-,-,-,-,-,5.83,535.16,2025-01-07T04:42:43.683Z,2025-04-29T11:00:17.165Z,,,,UPI,upi-apps,2023,May,,,,en
2514,56,slice,0.83,194.68,-,-,-,-,-,-,0.83,194.68,2025-01-07T04:42:43.683Z,2025-04-29T11:00:17.244Z,,,,UPI,upi-apps,2023,May,,,,en
2515,57,South Indian Bank Apps,0.25,71.46,-,-,-,-,-,-,0.25,71.46,2025-01-07T04:42:43.683Z,2025-04-29T11:00:17.325Z,,,,UPI,upi-apps,2023,May,,,,en
2516,58,Standard Chartered Bank Apps,0.15,91.48,-,-,-,-,-,-,0.15,91.48,2025-01-07T04:42:43.683Z,2025-04-29T11:00:17.405Z,,,,UPI,upi-apps,2023,May,,,,en
2517,59,State Bank of India Apps,4.48,1969.72,-,-,0.01,-,-,-,4.48,1969.95,2025-01-07T04:42:43.683Z,2025-04-29T11:00:17.486Z,,,,UPI,upi-apps,2023,May,,,,en
2518,60,Tamilnad Mercantile Bank Apps,0.07,14.83,-,-,-,-,-,-,0.07,14.83,2025-01-07T04:42:43.683Z,2025-04-29T11:00:17.568Z,,,,UPI,upi-apps,2023,May,,,,en
2519,61,TataNeu,0.15,19.28,-,-,-,-,-,-,0.15,19.28,2025-01-07T04:42:43.683Z,2025-04-29T11:00:17.650Z,,,,UPI,upi-apps,2023,May,,,,en
2520,62,UCO Bank Apps,0.36,118.26,-,-,-,-,-,-,0.36,118.26,2025-01-07T04:42:43.683Z,2025-04-29T11:00:17.729Z,,,,UPI,upi-apps,2023,May,,,,en
2521,63,Ultracash,0.01,1.13,-,-,-,-,-,-,0.01,1.13,2025-01-07T04:42:43.683Z,2025-04-29T11:00:17.810Z,,,,UPI,upi-apps,2023,May,,,,en
2522,64,Union Bank Apps,0.76,306.93,-,-,-,-,-,-,0.76,306.93,2025-01-07T04:42:43.683Z,2025-04-29T11:00:17.890Z,,,,UPI,upi-apps,2023,May,,,,en
2523,65,Utkarsh Small Finance Bank Apps,0.02,6.81,-,-,-,-,-,-,0.02,6.81,2025-01-07T04:42:43.683Z,2025-04-29T11:00:17.971Z,,,,UPI,upi-apps,2023,May,,,,en
2524,66,WhatsApp,15.98,1477.06,-,-,-,-,-,-,15.98,1477.06,2025-01-07T04:42:43.683Z,2025-04-29T11:00:18.054Z,,,,UPI,upi-apps,2023,May,,,,en
2525,67,Yes Bank Apps,42.21,12934.66,-,-,0.44,72.00,-,-,42.65,13006.24,2025-01-07T04:42:43.683Z,2025-04-29T11:00:18.134Z,,,,UPI,upi-apps,2023,May,,,,en
2526,68,Zomato,0.01,0.43,-,-,-,-,-,-,0.01,0.43,2025-01-07T04:42:43.683Z,2025-04-29T11:00:18.217Z,,,,UPI,upi-apps,2023,May,,,,en
2527,69,Others,0.03,10.98,-,-,-,-,-,-,0.03,10.98,2025-01-07T04:42:43.683Z,2025-04-29T11:00:18.297Z,,,,UPI,upi-apps,2023,May,,,,en
3953,1,PhonePe,4461.40,745552.20,-,-,-,-,,,4461.36,745552.20,2025-01-09T15:30:08.914Z,2025-04-29T11:01:42.088Z,,,,UPI,upi-apps,2023,Jun,,,,en
3954,2,Google Pay,3266.80,494088.00,-,-,-,-,,,3266.83,494088.00,2025-01-09T15:30:08.914Z,2025-04-29T11:01:42.168Z,,,,UPI,upi-apps,2023,Jun,,,,en
3956,3,Paytm,1197.30,139950.10,1.40,4.20,0.60,866.80,108.10,21673.70,1307.48,162494.80,2025-01-09T15:30:08.914Z,2025-04-29T11:01:42.329Z,,,,UPI,upi-apps,2023,Jun,,,,en
3955,4,Cred,73.90,26431.80,-,-,-,-,,,73.93,26431.80,2025-01-09T15:30:08.914Z,2025-04-29T11:01:42.248Z,,,,UPI,upi-apps,2023,Jun,,,,en
3958,5,Amazon Pay,52.90,5647.90,-,-,-,-,,,52.89,5647.90,2025-01-09T15:30:08.914Z,2025-04-29T11:01:42.491Z,,,,UPI,upi-apps,2023,Jun,,,,en
3957,6,Axis Bank Apps,9.70,1692.70,37.90,537.10,-,1.90,,,47.64,2231.70,2025-01-09T15:30:08.914Z,2025-04-29T11:01:42.410Z,,,,UPI,upi-apps,2023,Jun,,,,en
3959,7,ICICI Bank Apps,27.10,8599.30,4.80,338.00,5.70,7306.50,,,37.63,16243.70,2025-01-09T15:30:08.914Z,2025-04-29T11:01:42.572Z,,,,UPI,upi-apps,2023,Jun,,,,en
3960,8,Yes Bank Apps,35.80,12721.80,-,-,0.70,275.60,,,36.46,12997.50,2025-01-09T15:30:08.914Z,2025-04-29T11:01:42.651Z,,,,UPI,upi-apps,2023,Jun,,,,en
3961,9,BHIM,23.10,7289.00,-,-,-,-,,,23.11,7289.00,2025-01-09T15:30:08.914Z,2025-04-29T11:01:42.732Z,,,,UPI,upi-apps,2023,Jun,,,,en
3962,10,HDFC Bank Apps,17.60,4168.60,-,-,-,-,,,17.56,4168.60,2025-01-09T15:30:08.914Z,2025-04-29T11:01:42.812Z,,,,UPI,upi-apps,2023,Jun,,,,en
3963,11,Kotak Mahindra Bank Apps,17.40,3202.50,-,-,-,-,,,17.38,3202.50,2025-01-09T15:30:08.914Z,2025-04-29T11:01:42.892Z,,,,UPI,upi-apps,2023,Jun,,,,en
3964,12,WhatsApp,16.00,1443.30,-,-,-,-,,,16.00,1443.30,2025-01-09T15:30:08.914Z,2025-04-29T11:01:42.971Z,,,,UPI,upi-apps,2023,Jun,,,,en
3965,13,Fampay,15.00,184.70,-,-,-,-,,,14.99,184.70,2025-01-09T15:30:08.914Z,2025-04-29T11:01:43.053Z,,,,UPI,upi-apps,2023,Jun,,,,en
3966,14,Bajaj Finserv,9.80,1312.60,-,-,-,-,,,9.76,1312.60,2025-01-09T15:30:08.914Z,2025-04-29T11:01:43.134Z,,,,UPI,upi-apps,2023,Jun,,,,en
3967,15,Airtel Payments Bank Apps,8.80,632.10,-,-,-,-,-,0.10,8.84,632.20,2025-01-09T15:30:08.914Z,2025-04-29T11:01:43.215Z,,,,UPI,upi-apps,2023,Jun,,,,en
3968,16,IDFC Bank Apps,6.30,1528.10,-,-,-,12.20,,,6.31,1540.30,2025-01-09T15:30:08.914Z,2025-04-29T11:01:43.296Z,,,,UPI,upi-apps,2023,Jun,,,,en
3969,17,Samsung Pay,5.60,522.80,-,-,-,-,,,5.61,522.80,2025-01-09T15:30:08.914Z,2025-04-29T11:01:43.377Z,,,,UPI,upi-apps,2023,Jun,,,,en
3970,18,Federal Bank Apps,4.90,630.00,-,-,-,-,,,4.86,630.00,2025-01-09T15:30:08.914Z,2025-04-29T11:01:43.457Z,,,,UPI,upi-apps,2023,Jun,,,,en
3971,19,India Post Payments Bank Apps,4.80,742.50,-,-,-,-,,,4.83,742.50,2025-01-09T15:30:08.914Z,2025-04-29T11:01:43.539Z,,,,UPI,upi-apps,2023,Jun,,,,en
3972,20,State Bank of India Apps,4.60,1959.30,-,-,-,0.40,,,4.64,1959.70,2025-01-09T15:30:08.914Z,2025-04-29T11:01:43.619Z,,,,UPI,upi-apps,2023,Jun,,,,en
3973,21,Mobikwik,3.60,1060.40,-,-,-,-,,,3.58,1060.40,2025-01-09T15:30:08.914Z,2025-04-29T11:01:43.699Z,,,,UPI,upi-apps,2023,Jun,,,,en
3974,22,Jupiter,3.00,424.80,-,-,-,-,,,2.96,424.80,2025-01-09T15:30:08.914Z,2025-04-29T11:01:43.780Z,,,,UPI,upi-apps,2023,Jun,,,,en
3975,23,Deutsche Bank Apps,1.80,125.60,-,-,-,-,,,1.81,125.60,2025-01-09T15:30:08.914Z,2025-04-29T11:01:43.862Z,,,,UPI,upi-apps,2023,Jun,,,,en
3976,24,Canara Bank Apps,1.60,462.70,-,-,-,-,,,1.58,462.70,2025-01-09T15:30:08.914Z,2025-04-29T11:01:43.942Z,,,,UPI,upi-apps,2023,Jun,,,,en
3977,25,Groww,1.50,1039.60,-,-,-,-,,,1.45,1039.60,2025-01-09T15:30:08.914Z,2025-04-29T11:01:44.023Z,,,,UPI,upi-apps,2023,Jun,,,,en
3978,26,Standard Chartered Bank Apps,1.20,522.60,-,-,0.20,150.00,,,1.40,672.60,2025-01-09T15:30:08.914Z,2025-04-29T11:01:44.107Z,,,,UPI,upi-apps,2023,Jun,,,,en
3979,27,Jio Payments Bank Apps,1.40,113.20,-,-,-,-,,,1.35,113.20,2025-01-09T15:30:08.914Z,2025-04-29T11:01:44.187Z,,,,UPI,upi-apps,2023,Jun,,,,en
3980,28,RBL Bank Apps,1.10,493.40,-,-,0.20,4.40,,,1.29,497.90,2025-01-09T15:30:08.914Z,2025-04-29T11:01:44.269Z,,,,UPI,upi-apps,2023,Jun,,,,en
3981,29,Bank of Baroda Apps,1.20,427.60,-,-,-,0.10,,,1.19,427.70,2025-01-09T15:30:08.914Z,2025-04-29T11:01:44.383Z,,,,UPI,upi-apps,2023,Jun,,,,en
3982,30,slice,0.90,272.80,-,-,-,-,,,0.88,272.80,2025-01-09T15:30:08.914Z,2025-04-29T11:01:44.539Z,,,,UPI,upi-apps,2023,Jun,,,,en
3983,31,IndusInd Bank Apps,0.80,897.60,-,-,-,-,,,0.79,897.60,2025-01-09T15:30:08.914Z,2025-04-29T11:01:44.669Z,,,,UPI,upi-apps,2023,Jun,,,,en
3984,32,Union Bank Apps,0.80,318.90,-,-,-,-,,,0.79,318.90,2025-01-09T15:30:08.914Z,2025-04-29T11:01:44.773Z,,,,UPI,upi-apps,2023,Jun,,,,en
3985,33,Punjab National Bank Apps,0.80,169.70,-,-,-,-,,,0.77,169.70,2025-01-09T15:30:08.914Z,2025-04-29T11:01:44.858Z,,,,UPI,upi-apps,2023,Jun,,,,en
3986,34,AU Small Finance Bank Apps,0.60,196.10,-,-,-,-,,,0.64,196.10,2025-01-09T15:30:08.914Z,2025-04-29T11:01:44.941Z,,,,UPI,upi-apps,2023,Jun,,,,en
3987,35,Karnataka Bank Apps,0.60,125.90,-,-,-,-,,,0.61,125.90,2025-01-09T15:30:08.914Z,2025-04-29T11:01:45.023Z,,,,UPI,upi-apps,2023,Jun,,,,en
3988,36,OmniCard,0.50,13.90,-,-,-,-,,,0.48,13.90,2025-01-09T15:30:08.914Z,2025-04-29T11:01:45.104Z,,,,UPI,upi-apps,2023,Jun,,,,en
3989,37,Central Bank of India Apps,0.40,97.40,-,-,-,0.10,,,0.44,97.60,2025-01-09T15:30:08.914Z,2025-04-29T11:01:45.185Z,,,,UPI,upi-apps,2023,Jun,,,,en
3990,38,DBS Digibank Apps,0.40,166.90,-,-,-,-,,,0.41,166.90,2025-01-09T15:30:08.914Z,2025-04-29T11:01:45.265Z,,,,UPI,upi-apps,2023,Jun,,,,en
3991,39,UCO Bank Apps,0.30,107.60,-,-,-,-,,,0.33,107.60,2025-01-09T15:30:08.914Z,2025-04-29T11:01:45.346Z,,,,UPI,upi-apps,2023,Jun,,,,en
3992,40,Indian Bank Apps,0.30,80.20,-,-,-,1.10,,,0.28,81.20,2025-01-09T15:30:08.914Z,2025-04-29T11:01:45.428Z,,,,UPI,upi-apps,2023,Jun,,,,en
3993,41,South Indian Bank Apps,0.30,70.50,-,-,-,-,,,0.25,70.50,2025-01-09T15:30:08.914Z,2025-04-29T11:01:45.509Z,,,,UPI,upi-apps,2023,Jun,,,,en
3994,42,Bank of India Apps,0.20,71.90,-,-,-,-,,,0.23,71.90,2025-01-09T15:30:08.914Z,2025-04-29T11:01:45.591Z,,,,UPI,upi-apps,2023,Jun,,,,en
3995,43,Jupiter Edge (LivQuick PPI),0.20,11.30,-,-,-,-,,,0.21,11.30,2025-01-09T15:30:08.914Z,2025-04-29T11:01:45.672Z,,,,UPI,upi-apps,2023,Jun,,,,en
3996,44,HSBC Bank Apps,0.20,89.10,-,0.10,-,-,,,0.15,89.20,2025-01-09T15:30:08.914Z,2025-04-29T11:01:45.753Z,,,,UPI,upi-apps,2023,Jun,,,,en
3997,45,Fino Payments bank Apps,0.10,9.20,-,-,-,-,,,0.13,9.20,2025-01-09T15:30:08.914Z,2025-04-29T11:01:45.835Z,,,,UPI,upi-apps,2023,Jun,,,,en
3998,46,TataNeu,0.10,17.60,-,-,-,-,,,0.12,17.60,2025-01-09T15:30:08.914Z,2025-04-29T11:01:45.917Z,,,,UPI,upi-apps,2023,Jun,,,,en
3999,47,Tamilnad Mercantile Bank Apps,0.10,18.90,-,-,-,-,,,0.08,18.90,2025-01-09T15:30:08.914Z,2025-04-29T11:01:46.000Z,,,,UPI,upi-apps,2023,Jun,,,,en
4000,48,IDBI Bank Apps,0.10,34.10,-,-,-,-,,,0.08,34.10,2025-01-09T15:30:08.914Z,2025-04-29T11:01:46.081Z,,,,UPI,upi-apps,2023,Jun,,,,en
4001,49,Citi Bank Apps,0.10,54.20,-,-,-,-,,,0.07,54.20,2025-01-09T15:30:08.914Z,2025-04-29T11:01:46.168Z,,,,UPI,upi-apps,2023,Jun,,,,en
4002,50,Fave,0.10,4.60,-,-,-,-,,,0.07,4.60,2025-01-09T15:30:08.914Z,2025-04-29T11:01:46.246Z,,,,UPI,upi-apps,2023,Jun,,,,en
4003,51,Bajaj Finserv PPI,0.10,14.30,-,-,-,-,,,0.07,14.30,2025-01-09T15:30:08.914Z,2025-04-29T11:01:46.326Z,,,,UPI,upi-apps,2023,Jun,,,,en
4004,52,PINELABS,0.10,4.20,-,-,-,-,,,0.07,4.20,2025-01-09T15:30:08.914Z,2025-04-29T11:01:46.412Z,,,,UPI,upi-apps,2023,Jun,,,,en
4005,53,City Union Bank Apps,0.10,18.30,-,-,-,-,,,0.06,18.30,2025-01-09T15:30:08.914Z,2025-04-29T11:01:46.492Z,,,,UPI,upi-apps,2023,Jun,,,,en
4006,54,Kiwi,0.10,4.10,-,-,-,-,,,0.05,4.10,2025-01-09T15:30:08.914Z,2025-04-29T11:01:46.574Z,,,,UPI,upi-apps,2023,Jun,,,,en
4007,55,Indian Overseas Bank Apps,-,13.00,-,-,-,-,,,0.05,13.00,2025-01-09T15:30:08.914Z,2025-04-29T11:01:46.657Z,,,,UPI,upi-apps,2023,Jun,,,,en
4008,56,Ultracash,-,3.10,-,-,-,-,,,0.04,3.10,2025-01-09T15:30:08.914Z,2025-04-29T11:01:46.738Z,,,,UPI,upi-apps,2023,Jun,,,,en
4009,57,Karur Vysya Bank Apps,-,14.00,-,-,-,-,,,0.04,14.00,2025-01-09T15:30:08.914Z,2025-04-29T11:01:46.820Z,,,,UPI,upi-apps,2023,Jun,,,,en
4010,58,MakeMyTrip,-,18.20,-,-,-,-,,,0.03,18.20,2025-01-09T15:30:08.914Z,2025-04-29T11:01:46.901Z,,,,UPI,upi-apps,2023,Jun,,,,en
4011,59,Punjab Sind Bank Apps,-,12.60,-,-,-,-,,,0.03,12.60,2025-01-09T15:30:08.914Z,2025-04-29T11:01:46.982Z,,,,UPI,upi-apps,2023,Jun,,,,en
4012,60,Dhani,-,7.00,-,-,-,-,,,0.03,7.00,2025-01-09T15:30:08.914Z,2025-04-29T11:01:47.065Z,,,,UPI,upi-apps,2023,Jun,,,,en
4013,61,Equitas Small Finance Bank Apps,-,17.30,-,-,-,-,,,0.03,17.30,2025-01-09T15:30:08.914Z,2025-04-29T11:01:47.147Z,,,,UPI,upi-apps,2023,Jun,,,,en
4014,62,Allahabad Bank Apps,-,8.30,-,-,-,-,,,0.03,8.30,2025-01-09T15:30:08.914Z,2025-04-29T11:01:47.231Z,,,,UPI,upi-apps,2023,Jun,,,,en
4015,63,NSDL Payments Bank Apps,-,4.10,-,-,-,-,,,0.02,4.10,2025-01-09T15:30:08.914Z,2025-04-29T11:01:47.313Z,,,,UPI,upi-apps,2023,Jun,,,,en
4016,64,GoNiyo PPI,-,0.50,-,-,-,-,,,0.02,0.50,2025-01-09T15:30:08.914Z,2025-04-29T11:01:47.394Z,,,,UPI,upi-apps,2023,Jun,,,,en
4017,65,Utkarsh Small Finance Bank Apps,-,6.30,-,-,-,-,,,0.02,6.30,2025-01-09T15:30:08.914Z,2025-04-29T11:01:47.477Z,,,,UPI,upi-apps,2023,Jun,,,,en
4018,66,Jammu and Kashmir Bank Apps,-,2.40,-,-,-,-,,,0.01,2.40,2025-01-09T15:30:08.914Z,2025-04-29T11:01:47.559Z,,,,UPI,upi-apps,2023,Jun,,,,en
4019,67,Bandhan Bank Apps,-,3.10,-,-,-,-,,,0.01,3.10,2025-01-09T15:30:08.914Z,2025-04-29T11:01:47.638Z,,,,UPI,upi-apps,2023,Jun,,,,en
4020,68,Zomato,-,1.70,-,-,-,-,,,0.01,1.70,2025-01-09T15:30:08.914Z,2025-04-29T11:01:47.719Z,,,,UPI,upi-apps,2023,Jun,,,,en
4021,69,Dhanlaxmi Bank Apps,-,3.20,-,-,-,-,,,0.01,3.20,2025-01-09T15:30:08.914Z,2025-04-29T11:01:47.799Z,,,,UPI,upi-apps,2023,Jun,,,,en
4022,70,Bank of Maharashtra Apps,-,0.80,-,-,-,-,,,0.01,0.80,2025-01-09T15:30:08.914Z,2025-04-29T11:01:47.879Z,,,,UPI,upi-apps,2023,Jun,,,,en
4023,71,Others,-,11.80,-,-,-,-,-,-,-,11.80,2025-01-09T15:30:08.914Z,2025-04-29T11:01:47.959Z,,,,UPI,upi-apps,2023,Jun,,,,en
2599,1,PhonePe,4743.66,761247.87,-,-,-,-,,,4743.66,761247.87,2025-01-07T04:44:16.810Z,2025-04-29T11:00:18.378Z,,,,UPI,upi-apps,2023,Jul,,,,en
2600,2,Google Pay,3494.64,518095.10,-,-,-,-,,,3494.64,518095.10,2025-01-07T04:44:16.810Z,2025-04-29T11:00:18.459Z,,,,UPI,upi-apps,2023,Jul,,,,en
2601,3,Paytm,1278.96,147723.30,1.40,4.19,0.57,887.53,112.74,22152.33,1393.66,170767.35,2025-01-07T04:44:16.810Z,2025-04-29T11:00:18.540Z,,,,UPI,upi-apps,2023,Jul,,,,en
2602,4,Cred,80.34,30999.71,-,-,-,-,,,80.34,30999.71,2025-01-07T04:44:16.810Z,2025-04-29T11:00:18.621Z,,,,UPI,upi-apps,2023,Jul,,,,en
2604,5,Axis Bank Apps,9.77,1767.83,54.52,1447.04,0.01,2.16,,,64.30,3217.03,2025-01-07T04:44:16.810Z,2025-04-29T11:00:18.783Z,,,,UPI,upi-apps,2023,Jul,,,,en
2603,6,Amazon Pay,57.60,6163.84,-,-,-,-,,,57.60,6163.84,2025-01-07T04:44:16.810Z,2025-04-29T11:00:18.703Z,,,,UPI,upi-apps,2023,Jul,,,,en
2605,7,ICICI Bank Apps,24.47,8077.88,4.14,312.80,7.31,9379.69,,,35.92,17770.37,2025-01-07T04:44:16.810Z,2025-04-29T11:00:18.863Z,,,,UPI,upi-apps,2023,Jul,,,,en
2606,8,Yes Bank Apps,31.53,11419.73,-,-,0.48,83.07,,,32.01,11502.79,2025-01-07T04:44:16.810Z,2025-04-29T11:00:18.944Z,,,,UPI,upi-apps,2023,Jul,,,,en
2607,9,BHIM,24.94,8244.91,-,-,-,-,,,24.94,8244.91,2025-01-07T04:44:16.810Z,2025-04-29T11:00:19.025Z,,,,UPI,upi-apps,2023,Jul,,,,en
2608,10,Kotak Mahindra Bank Apps,18.56,3480.59,-,-,-,0.01,,,18.56,3480.60,2025-01-07T04:44:16.810Z,2025-04-29T11:00:19.105Z,,,,UPI,upi-apps,2023,Jul,,,,en
2609,11,WhatsApp,17.84,1598.67,-,-,-,-,,,17.84,1598.67,2025-01-07T04:44:16.810Z,2025-04-29T11:00:19.185Z,,,,UPI,upi-apps,2023,Jul,,,,en
2610,12,HDFC Bank Apps,17.77,4410.51,-,-,-,-,,,17.77,4410.51,2025-01-07T04:44:16.810Z,2025-04-29T11:00:19.267Z,,,,UPI,upi-apps,2023,Jul,,,,en
2611,13,Fampay,16.79,206.43,-,-,-,-,,,16.79,206.43,2025-01-07T04:44:16.810Z,2025-04-29T11:00:19.347Z,,,,UPI,upi-apps,2023,Jul,,,,en
2612,14,Bajaj Finserv,12.11,1740.97,-,-,-,-,,,12.11,1740.97,2025-01-07T04:44:16.810Z,2025-04-29T11:00:19.428Z,,,,UPI,upi-apps,2023,Jul,,,,en
2613,15,Airtel Payments Bank Apps,9.65,665.97,-,-,-,0.01,-,0.07,9.65,666.04,2025-01-07T04:44:16.810Z,2025-04-29T11:00:19.540Z,,,,UPI,upi-apps,2023,Jul,,,,en
2614,16,Samsung Pay,5.81,544.13,-,-,-,-,,,5.81,544.13,2025-01-07T04:44:16.810Z,2025-04-29T11:00:19.709Z,,,,UPI,upi-apps,2023,Jul,,,,en
2615,17,India Post Payments Bank Apps,5.43,587.75,-,-,-,-,,,5.43,587.75,2025-01-07T04:44:16.810Z,2025-04-29T11:00:19.789Z,,,,UPI,upi-apps,2023,Jul,,,,en
2616,18,Federal Bank Apps,5.19,665.11,-,-,-,-,,,5.19,665.11,2025-01-07T04:44:16.810Z,2025-04-29T11:00:19.869Z,,,,UPI,upi-apps,2023,Jul,,,,en
2617,19,State Bank of India Apps,4.99,2094.63,-,-,0.02,0.52,,,5.01,2095.15,2025-01-07T04:44:16.810Z,2025-04-29T11:00:19.949Z,,,,UPI,upi-apps,2023,Jul,,,,en
2618,20,IDFC Bank Apps,4.17,1121.41,-,-,-,-,,,4.17,1121.41,2025-01-07T04:44:16.810Z,2025-04-29T11:00:20.030Z,,,,UPI,upi-apps,2023,Jul,,,,en
2619,21,Standard Chartered Bank Apps,3.54,1606.29,-,-,0.60,523.09,,,4.14,2129.38,2025-01-07T04:44:16.810Z,2025-04-29T11:00:20.111Z,,,,UPI,upi-apps,2023,Jul,,,,en
2620,22,Mobikwik,3.79,1140.63,-,-,-,-,,,3.79,1140.63,2025-01-07T04:44:16.810Z,2025-04-29T11:00:20.191Z,,,,UPI,upi-apps,2023,Jul,,,,en
2621,23,Jupiter,3.27,466.39,-,-,-,-,,,3.27,466.39,2025-01-07T04:44:16.810Z,2025-04-29T11:00:20.270Z,,,,UPI,upi-apps,2023,Jul,,,,en
2622,24,Groww,2.81,2075.98,-,-,-,-,,,2.81,2075.98,2025-01-07T04:44:16.810Z,2025-04-29T11:00:20.356Z,,,,UPI,upi-apps,2023,Jul,,,,en
2623,25,Deutsche Bank Apps,1.83,175.50,-,-,-,0.02,,,1.83,175.52,2025-01-07T04:44:16.810Z,2025-04-29T11:00:20.435Z,,,,UPI,upi-apps,2023,Jul,,,,en
2624,26,Canara Bank Apps,1.73,514.02,-,-,-,-,,,1.73,514.02,2025-01-07T04:44:16.810Z,2025-04-29T11:00:20.515Z,,,,UPI,upi-apps,2023,Jul,,,,en
2625,27,Kiwi,1.53,52.51,-,-,-,-,,,1.53,52.51,2025-01-07T04:44:16.810Z,2025-04-29T11:00:20.599Z,,,,UPI,upi-apps,2023,Jul,,,,en
2626,28,Bank of Baroda Apps,1.34,477.16,-,-,-,-,,,1.34,477.16,2025-01-07T04:44:16.810Z,2025-04-29T11:00:20.677Z,,,,UPI,upi-apps,2023,Jul,,,,en
2627,29,Jio Payments Bank Apps,1.34,114.12,-,-,-,-,,,1.34,114.12,2025-01-07T04:44:16.810Z,2025-04-29T11:00:20.758Z,,,,UPI,upi-apps,2023,Jul,,,,en
2628,30,RBL Bank Apps,1.13,523.22,-,0.01,0.14,6.35,,,1.28,529.58,2025-01-07T04:44:16.810Z,2025-04-29T11:00:20.838Z,,,,UPI,upi-apps,2023,Jul,,,,en
2629,31,slice,0.94,301.00,-,-,-,-,,,0.94,301.00,2025-01-07T04:44:16.810Z,2025-04-29T11:00:20.918Z,,,,UPI,upi-apps,2023,Jul,,,,en
2630,32,Union Bank Apps,0.88,349.19,-,-,-,-,,,0.88,349.19,2025-01-07T04:44:16.810Z,2025-04-29T11:00:20.998Z,,,,UPI,upi-apps,2023,Jul,,,,en
2631,33,IndusInd Bank Apps,0.84,723.32,-,-,-,-,,,0.84,723.32,2025-01-07T04:44:16.810Z,2025-04-29T11:00:21.078Z,,,,UPI,upi-apps,2023,Jul,,,,en
2632,34,Punjab National Bank Apps,0.79,181.50,-,-,-,-,,,0.79,181.50,2025-01-07T04:44:16.810Z,2025-04-29T11:00:21.159Z,,,,UPI,upi-apps,2023,Jul,,,,en
2633,35,AU Small Finance Bank Apps,0.68,209.86,-,-,-,-,,,0.68,209.86,2025-01-07T04:44:16.810Z,2025-04-29T11:00:21.240Z,,,,UPI,upi-apps,2023,Jul,,,,en
2634,36,Omnicard,0.62,19.49,-,-,-,-,,,0.62,19.49,2025-01-07T04:44:16.810Z,2025-04-29T11:00:21.321Z,,,,UPI,upi-apps,2023,Jul,,,,en
2635,37,Karnataka Bank Apps,0.61,124.34,-,-,-,-,,,0.61,124.34,2025-01-07T04:44:16.810Z,2025-04-29T11:00:21.403Z,,,,UPI,upi-apps,2023,Jul,,,,en
2636,38,DBS Digibank Apps,0.44,179.34,-,-,-,0.37,,,0.44,179.72,2025-01-07T04:44:16.810Z,2025-04-29T11:00:21.482Z,,,,UPI,upi-apps,2023,Jul,,,,en
2637,39,Central Bank of India Apps,0.44,97.52,-,-,-,0.23,,,0.44,97.75,2025-01-07T04:44:16.810Z,2025-04-29T11:00:21.564Z,,,,UPI,upi-apps,2023,Jul,,,,en
2638,40,UCO Bank Apps,0.36,116.31,-,-,-,-,,,0.36,116.31,2025-01-07T04:44:16.810Z,2025-04-29T11:00:21.643Z,,,,UPI,upi-apps,2023,Jul,,,,en
2639,41,Indian Bank Apps,0.31,92.29,-,-,-,0.35,,,0.31,92.64,2025-01-07T04:44:16.810Z,2025-04-29T11:00:21.723Z,,,,UPI,upi-apps,2023,Jul,,,,en
2640,42,South Indian Bank Apps,0.25,73.83,-,-,-,-,,,0.25,73.83,2025-01-07T04:44:16.810Z,2025-04-29T11:00:21.804Z,,,,UPI,upi-apps,2023,Jul,,,,en
2641,43,Bank of India Apps,0.25,78.83,-,-,-,-,,,0.25,78.83,2025-01-07T04:44:16.810Z,2025-04-29T11:00:21.885Z,,,,UPI,upi-apps,2023,Jul,,,,en
2642,44,Fino Payments bank Apps,0.17,13.36,-,-,-,-,,,0.17,13.36,2025-01-07T04:44:16.810Z,2025-04-29T11:00:21.967Z,,,,UPI,upi-apps,2023,Jul,,,,en
2643,45,HSBC Bank Apps,0.16,96.44,-,0.08,-,-,,,0.16,96.52,2025-01-07T04:44:16.810Z,2025-04-29T11:00:22.048Z,,,,UPI,upi-apps,2023,Jul,,,,en
2644,46,Fave,0.12,7.56,-,-,-,-,,,0.12,7.56,2025-01-07T04:44:16.810Z,2025-04-29T11:00:22.129Z,,,,UPI,upi-apps,2023,Jul,,,,en
2645,47,Bajaj Finserv PPI,0.11,25.80,-,-,-,-,,,0.11,25.80,2025-01-07T04:44:16.810Z,2025-04-29T11:00:22.211Z,,,,UPI,upi-apps,2023,Jul,,,,en
2646,48,TataNeu,0.10,16.70,-,-,-,-,,,0.10,16.70,2025-01-07T04:44:16.810Z,2025-04-29T11:00:22.291Z,,,,UPI,upi-apps,2023,Jul,,,,en
2647,49,Tamilnad Mercantile Bank Apps,0.10,23.50,-,-,-,-,,,0.10,23.50,2025-01-07T04:44:16.810Z,2025-04-29T11:00:22.371Z,,,,UPI,upi-apps,2023,Jul,,,,en
2648,50,IDBI Bank Apps,0.07,37.40,-,-,-,-,,,0.07,37.40,2025-01-07T04:44:16.810Z,2025-04-29T11:00:22.452Z,,,,UPI,upi-apps,2023,Jul,,,,en
2649,51,Citi Bank Apps,0.07,61.36,-,-,-,-,,,0.07,61.36,2025-01-07T04:44:16.810Z,2025-04-29T11:00:22.533Z,,,,UPI,upi-apps,2023,Jul,,,,en
2650,52,Ultracash,0.07,5.01,-,-,-,-,,,0.07,5.01,2025-01-07T04:44:16.810Z,2025-04-29T11:00:22.612Z,,,,UPI,upi-apps,2023,Jul,,,,en
2651,53,City Union Bank Apps,0.07,20.96,-,-,-,-,,,0.07,20.96,2025-01-07T04:44:16.810Z,2025-04-29T11:00:22.692Z,,,,UPI,upi-apps,2023,Jul,,,,en
2652,54,Indian Overseas Bank Apps,0.07,18.01,-,-,-,-,,,0.07,18.01,2025-01-07T04:44:16.810Z,2025-04-29T11:00:22.772Z,,,,UPI,upi-apps,2023,Jul,,,,en
2653,55,Karur Vysya Bank Apps,0.04,16.34,-,-,-,-,,,0.04,16.34,2025-01-07T04:44:16.810Z,2025-04-29T11:00:22.851Z,,,,UPI,upi-apps,2023,Jul,,,,en
2654,56,MakeMyTrip,0.04,19.92,-,-,-,-,,,0.04,19.92,2025-01-07T04:44:16.810Z,2025-04-29T11:00:22.932Z,,,,UPI,upi-apps,2023,Jul,,,,en
2655,57,Dhani,0.03,7.81,-,-,-,-,,,0.03,7.81,2025-01-07T04:44:16.810Z,2025-04-29T11:00:23.012Z,,,,UPI,upi-apps,2023,Jul,,,,en
2656,58,Equitas Small Finance Bank Apps,0.03,18.90,-,-,-,-,,,0.03,18.90,2025-01-07T04:44:16.810Z,2025-04-29T11:00:23.768Z,,,,UPI,upi-apps,2023,Jul,,,,en
2657,59,Bank of Maharashtra Apps,0.03,5.66,-,-,-,-,,,0.03,5.66,2025-01-07T04:44:16.810Z,2025-04-29T11:00:23.918Z,,,,UPI,upi-apps,2023,Jul,,,,en
2658,60,Allahabad Bank Apps,0.03,8.73,-,-,-,-,,,0.03,8.73,2025-01-07T04:44:16.810Z,2025-04-29T11:00:24.002Z,,,,UPI,upi-apps,2023,Jul,,,,en
2659,61,Punjab Sind Bank Apps,0.03,12.72,-,-,-,-,,,0.03,12.72,2025-01-07T04:44:16.810Z,2025-04-29T11:00:24.082Z,,,,UPI,upi-apps,2023,Jul,,,,en
2660,62,NSDL Payments Bank Apps,0.03,4.56,-,-,-,-,,,0.03,4.56,2025-01-07T04:44:16.810Z,2025-04-29T11:00:24.162Z,,,,UPI,upi-apps,2023,Jul,,,,en
2661,63,Utkarsh Small Finance Bank Apps,0.02,6.24,-,-,-,-,,,0.02,6.24,2025-01-07T04:44:16.810Z,2025-04-29T11:00:24.243Z,,,,UPI,upi-apps,2023,Jul,,,,en
2662,64,Mobikwik PPI,0.02,3.63,-,-,-,-,,,0.02,3.63,2025-01-07T04:44:16.810Z,2025-04-29T11:00:24.324Z,,,,UPI,upi-apps,2023,Jul,,,,en
2663,65,Jammu and Kashmir Bank Apps,0.01,2.29,-,-,-,-,,,0.01,2.29,2025-01-07T04:44:16.810Z,2025-04-29T11:00:24.407Z,,,,UPI,upi-apps,2023,Jul,,,,en
2664,66,Zomato,0.01,0.66,-,-,-,-,,,0.01,0.66,2025-01-07T04:44:16.810Z,2025-04-29T11:00:24.491Z,,,,UPI,upi-apps,2023,Jul,,,,en
2665,67,Dhanlaxmi Bank Apps,0.01,2.87,-,-,-,-,,,0.01,2.87,2025-01-07T04:44:16.810Z,2025-04-29T11:00:24.575Z,,,,UPI,upi-apps,2023,Jul,,,,en
2666,68,Bandhan Bank Apps,0.01,0.98,-,-,-,-,,,0.01,0.98,2025-01-07T04:44:16.810Z,2025-04-29T11:00:24.655Z,,,,UPI,upi-apps,2023,Jul,,,,en
2667,69,Shriram,0.01,0.21,-,-,-,-,,,0.01,0.21,2025-01-07T04:44:16.810Z,2025-04-29T11:00:24.736Z,,,,UPI,upi-apps,2023,Jul,,,,en
2668,70,Others,0.03,11.05,-,-,-,-,,,0.03,11.05,2025-01-07T04:44:16.810Z,2025-04-29T11:00:24.816Z,,,,UPI,upi-apps,2023,Jul,,,,en
2669,1,PhonePe,4987.33,775265.57,-,-,-,-,-,-,4987.33,775265.57,2025-01-07T04:46:33.754Z,2025-04-29T11:00:24.895Z,,,,UPI,upi-apps,2023,Aug,,,,en
2670,2,Google Pay,3767.68,538113.42,-,-,-,-,-,-,3767.68,538113.42,2025-01-07T04:46:33.754Z,2025-04-29T11:00:24.974Z,,,,UPI,upi-apps,2023,Aug,,,,en
2671,3,Paytm,1363.05,153577.58,1.86,5.06,0.59,939.00,119.32,22282.87,1484.82,176804.51,2025-01-07T04:46:33.754Z,2025-04-29T11:00:25.055Z,,,,UPI,upi-apps,2023,Aug,,,,en
2672,4,Cred,85.13,31926.20,-,-,-,-,-,-,85.13,31926.20,2025-01-07T04:46:33.754Z,2025-04-29T11:00:25.136Z,,,,UPI,upi-apps,2023,Aug,,,,en
2673,5,Axis Bank Apps,9.37,1753.27,60.00,1275.96,0.05,7.88,-,-,69.43,3037.11,2025-01-07T04:46:33.754Z,2025-04-29T11:00:25.215Z,,,,UPI,upi-apps,2023,Aug,,,,en
2675,6,Amazon Pay,54.02,5836.99,-,-,-,-,-,-,54.02,5836.99,2025-01-07T04:46:33.754Z,2025-04-29T11:00:25.375Z,,,,UPI,upi-apps,2023,Aug,,,,en
2674,7,ICICI Bank Apps,25.85,9721.96,4.29,333.25,8.42,10943.90,-,-,38.57,20999.12,2025-01-07T04:46:33.754Z,2025-04-29T11:00:25.295Z,,,,UPI,upi-apps,2023,Aug,,,,en
2676,8,Yes Bank Apps,28.51,11154.68,-,-,0.44,100.09,-,-,28.94,11254.77,2025-01-07T04:46:33.754Z,2025-04-29T11:00:25.456Z,,,,UPI,upi-apps,2023,Aug,,,,en
2677,9,BHIM,24.61,7793.58,-,-,-,-,-,-,24.61,7793.58,2025-01-07T04:46:33.754Z,2025-04-29T11:00:25.537Z,,,,UPI,upi-apps,2023,Aug,,,,en
2678,10,Kotak Mahindra Bank Apps,21.16,3675.16,-,-,0.01,2.88,-,-,21.17,3678.04,2025-01-07T04:46:33.754Z,2025-04-29T11:00:25.619Z,,,,UPI,upi-apps,2023,Aug,,,,en
2679,11,FAM,20.27,235.89,-,-,-,-,-,-,20.27,235.89,2025-01-07T04:46:33.754Z,2025-04-29T11:00:25.698Z,,,,UPI,upi-apps,2023,Aug,,,,en
2680,12,WhatsApp,19.70,1677.53,-,-,-,-,-,-,19.70,1677.53,2025-01-07T04:46:33.754Z,2025-04-29T11:00:25.777Z,,,,UPI,upi-apps,2023,Aug,,,,en
2681,13,HDFC Bank Apps,18.94,4671.76,-,-,-,-,-,-,18.94,4671.76,2025-01-07T04:46:33.754Z,2025-04-29T11:00:25.858Z,,,,UPI,upi-apps,2023,Aug,,,,en
2682,14,Bajaj Finserv,13.22,1995.11,-,-,-,-,-,-,13.22,1995.11,2025-01-07T04:46:33.754Z,2025-04-29T11:00:25.937Z,,,,UPI,upi-apps,2023,Aug,,,,en
2683,15,Airtel Payments Bank Apps,10.20,699.21,-,-,-,-,-,0.06,10.20,699.27,2025-01-07T04:46:33.754Z,2025-04-29T11:00:26.019Z,,,,UPI,upi-apps,2023,Aug,,,,en
2684,16,Samsung Pay,6.00,538.48,-,-,-,-,-,-,6.00,538.48,2025-01-07T04:46:33.754Z,2025-04-29T11:00:26.098Z,,,,UPI,upi-apps,2023,Aug,,,,en
2685,17,Federal Bank Apps,5.70,700.65,-,-,-,0.01,-,-,5.70,700.66,2025-01-07T04:46:33.754Z,2025-04-29T11:00:26.898Z,,,,UPI,upi-apps,2023,Aug,,,,en
2686,18,India Post Payments Bank Apps,5.56,498.37,-,-,-,-,-,-,5.56,498.37,2025-01-07T04:46:33.754Z,2025-04-29T11:00:26.979Z,,,,UPI,upi-apps,2023,Aug,,,,en
2687,19,State Bank of India Apps,5.36,2104.14,-,-,0.02,0.67,-,-,5.39,2104.81,2025-01-07T04:46:33.754Z,2025-04-29T11:00:27.057Z,,,,UPI,upi-apps,2023,Aug,,,,en
2688,20,Groww,4.74,2911.09,-,-,-,-,-,-,4.74,2911.09,2025-01-07T04:46:33.754Z,2025-04-29T11:00:27.138Z,,,,UPI,upi-apps,2023,Aug,,,,en
2689,21,IDFC Bank Apps,4.36,1107.81,-,-,-,-,-,-,4.36,1107.81,2025-01-07T04:46:33.754Z,2025-04-29T11:00:27.219Z,,,,UPI,upi-apps,2023,Aug,,,,en
2690,22,Mobikwik,3.96,1203.54,-,-,-,-,-,-,3.96,1203.54,2025-01-07T04:46:33.754Z,2025-04-29T11:00:27.299Z,,,,UPI,upi-apps,2023,Aug,,,,en
2691,23,Jupiter,3.94,500.95,-,-,-,-,-,-,3.94,500.95,2025-01-07T04:46:33.754Z,2025-04-29T11:00:27.380Z,,,,UPI,upi-apps,2023,Aug,,,,en
2692,24,Standard Chartered Bank Apps,3.31,369.55,-,-,0.28,144.89,-,-,3.59,514.44,2025-01-07T04:46:33.754Z,2025-04-29T11:00:27.466Z,,,,UPI,upi-apps,2023,Aug,,,,en
2693,25,Deutsche Bank Apps,2.08,359.84,-,-,-,0.01,-,-,2.08,359.86,2025-01-07T04:46:33.754Z,2025-04-29T11:00:27.547Z,,,,UPI,upi-apps,2023,Aug,,,,en
2694,26,Canara Bank Apps,1.64,492.29,-,-,-,-,-,-,1.64,492.29,2025-01-07T04:46:33.754Z,2025-04-29T11:00:27.627Z,,,,UPI,upi-apps,2023,Aug,,,,en
2695,27,Jio Payments Bank Apps,1.42,113.65,-,-,-,-,-,-,1.42,113.65,2025-01-07T04:46:33.754Z,2025-04-29T11:00:27.705Z,,,,UPI,upi-apps,2023,Aug,,,,en
2696,28,RBL Bank Apps,1.20,540.67,-,0.02,0.19,7.62,-,-,1.38,548.31,2025-01-07T04:46:33.754Z,2025-04-29T11:00:27.784Z,,,,UPI,upi-apps,2023,Aug,,,,en
2697,29,Bank of Baroda Apps,1.27,462.61,-,-,-,4.23,-,-,1.27,466.84,2025-01-07T04:46:33.754Z,2025-04-29T11:00:27.863Z,,,,UPI,upi-apps,2023,Aug,,,,en
2698,30,slice,0.96,306.89,-,-,-,-,-,-,0.96,306.89,2025-01-07T04:46:33.754Z,2025-04-29T11:00:27.942Z,,,,UPI,upi-apps,2023,Aug,,,,en
2699,31,Union Bank Apps,0.90,324.77,-,-,-,-,-,-,0.90,324.77,2025-01-07T04:46:33.754Z,2025-04-29T11:00:28.023Z,,,,UPI,upi-apps,2023,Aug,,,,en
2700,32,Punjab National Bank Apps,0.86,179.75,-,-,-,-,-,-,0.86,179.75,2025-01-07T04:46:33.754Z,2025-04-29T11:00:28.107Z,,,,UPI,upi-apps,2023,Aug,,,,en
2701,33,IndusInd Bank Apps,0.85,391.31,-,-,-,-,-,-,0.85,391.31,2025-01-07T04:46:33.754Z,2025-04-29T11:00:28.186Z,,,,UPI,upi-apps,2023,Aug,,,,en
2702,34,OMNI,0.77,25.20,-,-,-,-,-,-,0.77,25.20,2025-01-07T04:46:33.754Z,2025-04-29T11:00:28.268Z,,,,UPI,upi-apps,2023,Aug,,,,en
2703,35,AU Small Finance Bank Apps,0.71,218.16,-,-,-,-,-,-,0.71,218.16,2025-01-07T04:46:33.754Z,2025-04-29T11:00:28.350Z,,,,UPI,upi-apps,2023,Aug,,,,en
2704,36,KIWI,0.69,69.86,-,-,-,-,-,-,0.69,69.86,2025-01-07T04:46:33.754Z,2025-04-29T11:00:28.429Z,,,,UPI,upi-apps,2023,Aug,,,,en
2705,37,Karnataka Bank Apps,0.65,127.83,-,-,-,-,-,-,0.65,127.83,2025-01-07T04:46:33.754Z,2025-04-29T11:00:28.511Z,,,,UPI,upi-apps,2023,Aug,,,,en
2706,38,DBS Digibank Apps,0.46,173.89,-,-,-,0.18,-,-,0.46,174.06,2025-01-07T04:46:33.754Z,2025-04-29T11:00:28.592Z,,,,UPI,upi-apps,2023,Aug,,,,en
2707,39,Central Bank of India Apps,0.45,96.12,-,-,-,0.29,-,-,0.45,96.41,2025-01-07T04:46:33.754Z,2025-04-29T11:00:28.672Z,,,,UPI,upi-apps,2023,Aug,,,,en
2708,40,UCO Bank Apps,0.38,132.77,-,-,-,-,-,-,0.38,132.77,2025-01-07T04:46:33.754Z,2025-04-29T11:00:28.752Z,,,,UPI,upi-apps,2023,Aug,,,,en
2709,41,Indian Bank Apps,0.33,88.52,-,-,-,3.17,-,-,0.33,91.69,2025-01-07T04:46:33.754Z,2025-04-29T11:00:28.832Z,,,,UPI,upi-apps,2023,Aug,,,,en
2710,42,Bank of India Apps,0.29,85.09,-,-,-,-,-,-,0.29,85.09,2025-01-07T04:46:33.754Z,2025-04-29T11:00:28.912Z,,,,UPI,upi-apps,2023,Aug,,,,en
2711,43,South Indian Bank Apps,0.28,77.42,-,-,-,-,-,-,0.28,77.42,2025-01-07T04:46:33.754Z,2025-04-29T11:00:28.992Z,,,,UPI,upi-apps,2023,Aug,,,,en
2712,44,Fino Payments bank Apps,0.21,15.43,-,-,-,-,-,-,0.21,15.43,2025-01-07T04:46:33.754Z,2025-04-29T11:00:29.073Z,,,,UPI,upi-apps,2023,Aug,,,,en
2713,45,HSBC Bank Apps,0.17,98.09,-,0.10,-,-,-,-,0.17,98.19,2025-01-07T04:46:33.754Z,2025-04-29T11:00:29.153Z,,,,UPI,upi-apps,2023,Aug,,,,en
2714,46,BPAYWALLET,0.15,32.07,-,-,-,-,-,-,0.15,32.07,2025-01-07T04:46:33.754Z,2025-04-29T11:00:29.233Z,,,,UPI,upi-apps,2023,Aug,,,,en
2715,47,Fave,0.12,7.54,-,-,-,-,-,-,0.12,7.54,2025-01-07T04:46:33.754Z,2025-04-29T11:00:29.313Z,,,,UPI,upi-apps,2023,Aug,,,,en
2716,48,TataNeu,0.10,16.09,-,-,-,-,-,-,0.10,16.09,2025-01-07T04:46:33.754Z,2025-04-29T11:00:29.396Z,,,,UPI,upi-apps,2023,Aug,,,,en
2717,49,Tamilnad Mercantile Bank Apps,0.10,25.45,-,-,-,-,-,-,0.10,25.45,2025-01-07T04:46:33.754Z,2025-04-29T11:00:29.475Z,,,,UPI,upi-apps,2023,Aug,,,,en
2718,50,Ultracash,0.09,6.17,-,-,-,-,-,-,0.09,6.17,2025-01-07T04:46:33.755Z,2025-04-29T11:00:29.558Z,,,,UPI,upi-apps,2023,Aug,,,,en
2719,51,Citi Bank Apps,0.08,58.11,-,-,-,-,-,-,0.08,58.11,2025-01-07T04:46:33.755Z,2025-04-29T11:00:29.637Z,,,,UPI,upi-apps,2023,Aug,,,,en
2720,52,Indian Overseas Bank Apps,0.07,19.01,-,-,-,-,-,-,0.07,19.01,2025-01-07T04:46:33.755Z,2025-04-29T11:00:29.719Z,,,,UPI,upi-apps,2023,Aug,,,,en
2721,53,City Union Bank Apps,0.07,19.79,-,-,-,-,-,-,0.07,19.79,2025-01-07T04:46:33.755Z,2025-04-29T11:00:29.799Z,,,,UPI,upi-apps,2023,Aug,,,,en
2722,54,IDBI Bank Apps,0.06,31.69,-,-,-,-,-,-,0.06,31.69,2025-01-07T04:46:33.755Z,2025-04-29T11:00:29.878Z,,,,UPI,upi-apps,2023,Aug,,,,en
2723,55,INDIE,0.05,12.60,-,-,-,-,-,-,0.05,12.60,2025-01-07T04:46:33.755Z,2025-04-29T11:00:29.958Z,,,,UPI,upi-apps,2023,Aug,,,,en
2724,56,Bank of Maharashtra Apps,0.05,8.18,-,-,-,-,-,-,0.05,8.18,2025-01-07T04:46:33.755Z,2025-04-29T11:00:30.037Z,,,,UPI,upi-apps,2023,Aug,,,,en
2725,57,Karur Vysya Bank Apps,0.05,16.11,-,-,-,-,-,-,0.05,16.11,2025-01-07T04:46:33.755Z,2025-04-29T11:00:30.119Z,,,,UPI,upi-apps,2023,Aug,,,,en
2726,58,MakeMyTrip,0.04,20.49,-,-,-,-,-,-,0.04,20.49,2025-01-07T04:46:33.755Z,2025-04-29T11:00:30.200Z,,,,UPI,upi-apps,2023,Aug,,,,en
2727,59,Shriram One,0.04,2.33,-,-,-,-,-,-,0.04,2.33,2025-01-07T04:46:33.755Z,2025-04-29T11:00:30.280Z,,,,UPI,upi-apps,2023,Aug,,,,en
2728,60,Equitas Small Finance Bank Apps,0.03,19.23,-,-,-,-,-,-,0.03,19.23,2025-01-07T04:46:33.755Z,2025-04-29T11:00:30.359Z,,,,UPI,upi-apps,2023,Aug,,,,en
2729,61,NSDL Payments Bank Apps,0.03,5.39,-,-,-,-,-,-,0.03,5.39,2025-01-07T04:46:33.755Z,2025-04-29T11:00:30.440Z,,,,UPI,upi-apps,2023,Aug,,,,en
2730,62,Allahabad Bank Apps,0.03,7.81,-,-,-,-,-,-,0.03,7.81,2025-01-07T04:46:33.755Z,2025-04-29T11:00:30.520Z,,,,UPI,upi-apps,2023,Aug,,,,en
2731,63,Punjab Sind Bank Apps,0.03,12.74,-,-,-,-,-,-,0.03,12.74,2025-01-07T04:46:33.755Z,2025-04-29T11:00:30.600Z,,,,UPI,upi-apps,2023,Aug,,,,en
2732,64,DHANI,0.03,4.20,-,-,-,-,-,-,0.03,4.20,2025-01-07T04:46:33.755Z,2025-04-29T11:00:30.681Z,,,,UPI,upi-apps,2023,Aug,,,,en
2733,65,Utkarsh Small Finance Bank Apps,0.02,6.67,-,-,-,-,-,-,0.02,6.67,2025-01-07T04:46:33.755Z,2025-04-29T11:00:30.761Z,,,,UPI,upi-apps,2023,Aug,,,,en
2734,66,Jammu and Kashmir Bank Apps,0.01,2.80,-,-,-,-,-,-,0.01,2.80,2025-01-07T04:46:33.755Z,2025-04-29T11:00:30.843Z,,,,UPI,upi-apps,2023,Aug,,,,en
2735,67,DIGIKHATA,0.01,3.81,-,-,-,-,-,-,0.01,3.81,2025-01-07T04:46:33.755Z,2025-04-29T11:00:30.922Z,,,,UPI,upi-apps,2023,Aug,,,,en
2736,68,ZOICICI,0.01,1.00,-,-,-,-,-,-,0.01,1.00,2025-01-07T04:46:33.755Z,2025-04-29T11:00:31.003Z,,,,UPI,upi-apps,2023,Aug,,,,en
2737,69,Dhanlaxmi Bank Apps,0.01,3.02,-,-,-,-,-,-,0.01,3.02,2025-01-07T04:46:33.755Z,2025-04-29T11:00:31.085Z,,,,UPI,upi-apps,2023,Aug,,,,en
2738,70,GoIbibo,0.01,2.99,-,-,-,-,-,-,0.01,2.99,2025-01-07T04:46:33.755Z,2025-04-29T11:00:31.163Z,,,,UPI,upi-apps,2023,Aug,,,,en
2739,71,SURYODAY,0.01,0.03,-,-,-,-,-,-,0.01,0.03,2025-01-07T04:46:33.755Z,2025-04-29T11:00:31.240Z,,,,UPI,upi-apps,2023,Aug,,,,en
2740,72,Bandhan Bank Apps,0.01,0.87,-,-,-,-,-,-,0.01,0.87,2025-01-07T04:46:33.755Z,2025-04-29T11:00:31.317Z,,,,UPI,upi-apps,2023,Aug,,,,en
2741,73,Others,0.03,8.45,-,-,-,0.01,-,-,0.03,8.46,2025-01-07T04:46:33.755Z,2025-04-29T11:00:31.396Z,,,,UPI,upi-apps,2023,Aug,,,,en
3881,1,PhonePe,4972.81,774845.98,-,-,-,-,-,-,4972.81,774845.98,2025-01-09T15:18:19.847Z,2025-04-29T11:01:34.817Z,,,,UPI,upi-apps,2023,Sep,,,,en
3882,2,Google Pay,3780.89,541624.06,-,-,-,-,-,-,3780.89,541624.06,2025-01-09T15:18:19.847Z,2025-04-29T11:01:34.911Z,,,,UPI,upi-apps,2023,Sep,,,,en
3883,3,Paytm,1333.38,153708.60,3.47,8.06,0.58,935.71,114.56,22213.09,1451.99,176865.46,2025-01-09T15:18:19.847Z,2025-04-29T11:01:35.326Z,,,,UPI,upi-apps,2023,Sep,,,,en
3884,4,Cred,86.50,31558.20,-,-,-,-,-,-,86.50,31558.20,2025-01-09T15:18:19.847Z,2025-04-29T11:01:35.611Z,,,,UPI,upi-apps,2023,Sep,,,,en
3885,5,Axis Bank Apps,8.93,1721.75,59.77,1856.50,0.06,6.66,-,-,68.76,3584.91,2025-01-09T15:18:19.847Z,2025-04-29T11:01:35.696Z,,,,UPI,upi-apps,2023,Sep,,,,en
3886,6,Amazon Pay,48.78,5386.29,-,-,-,-,-,-,48.78,5386.29,2025-01-09T15:18:19.847Z,2025-04-29T11:01:35.799Z,,,,UPI,upi-apps,2023,Sep,,,,en
3887,7,ICICI Bank Apps,25.90,9874.70,4.05,359.88,7.58,9818.34,-,-,37.52,20052.91,2025-01-09T15:18:19.847Z,2025-04-29T11:01:35.883Z,,,,UPI,upi-apps,2023,Sep,,,,en
3888,8,Yes Bank Apps,28.09,10794.85,-,-,0.41,53.11,-,-,28.49,10847.96,2025-01-09T15:18:19.847Z,2025-04-29T11:01:35.964Z,,,,UPI,upi-apps,2023,Sep,,,,en
3889,9,BHIM,24.15,8005.18,-,-,-,-,-,-,24.15,8005.18,2025-01-09T15:18:19.847Z,2025-04-29T11:01:36.047Z,,,,UPI,upi-apps,2023,Sep,,,,en
3890,10,FAM,22.88,263.37,-,-,-,-,-,-,22.88,263.37,2025-01-09T15:18:19.847Z,2025-04-29T11:01:36.127Z,,,,UPI,upi-apps,2023,Sep,,,,en
3891,11,Kotak Mahindra Bank Apps,21.57,3737.25,-,-,-,0.01,-,-,21.57,3737.26,2025-01-09T15:18:19.847Z,2025-04-29T11:01:36.212Z,,,,UPI,upi-apps,2023,Sep,,,,en
3892,12,WhatsApp,20.55,1732.15,-,-,-,-,-,-,20.55,1732.15,2025-01-09T15:18:19.847Z,2025-04-29T11:01:36.293Z,,,,UPI,upi-apps,2023,Sep,,,,en
3893,13,HDFC Bank Apps,18.87,4739.38,-,-,-,-,-,-,18.87,4739.39,2025-01-09T15:18:19.847Z,2025-04-29T11:01:36.373Z,,,,UPI,upi-apps,2023,Sep,,,,en
3894,14,Bajaj Finserv,14.14,2069.98,-,-,-,-,-,-,14.14,2069.98,2025-01-09T15:18:19.847Z,2025-04-29T11:01:36.457Z,,,,UPI,upi-apps,2023,Sep,,,,en
3895,15,Airtel Payments Bank Apps,10.45,747.05,-,-,-,0.04,-,0.12,10.46,747.21,2025-01-09T15:18:19.847Z,2025-04-29T11:01:36.537Z,,,,UPI,upi-apps,2023,Sep,,,,en
3896,16,Groww,6.50,3596.95,-,-,-,-,-,-,6.50,3596.95,2025-01-09T15:18:19.847Z,2025-04-29T11:01:36.618Z,,,,UPI,upi-apps,2023,Sep,,,,en
3897,17,Samsung Pay,5.81,528.20,-,-,-,-,-,-,5.81,528.20,2025-01-09T15:18:19.847Z,2025-04-29T11:01:36.702Z,,,,UPI,upi-apps,2023,Sep,,,,en
3898,18,Federal Bank Apps,5.54,692.03,-,-,-,-,-,-,5.54,692.03,2025-01-09T15:18:19.847Z,2025-04-29T11:01:36.854Z,,,,UPI,upi-apps,2023,Sep,,,,en
3899,19,State Bank of India Apps,5.40,2130.26,-,-,0.02,0.64,-,-,5.42,2130.89,2025-01-09T15:18:19.847Z,2025-04-29T11:01:37.184Z,,,,UPI,upi-apps,2023,Sep,,,,en
3900,20,India Post Payments Bank Apps,5.28,447.37,-,-,-,-,-,-,5.28,447.37,2025-01-09T15:18:19.847Z,2025-04-29T11:01:37.336Z,,,,UPI,upi-apps,2023,Sep,,,,en
3901,21,IDFC Bank Apps,4.42,1109.67,-,-,-,-,-,-,4.42,1109.67,2025-01-09T15:18:19.847Z,2025-04-29T11:01:37.560Z,,,,UPI,upi-apps,2023,Sep,,,,en
3902,22,Jupiter,4.05,529.64,-,-,-,-,-,-,4.05,529.64,2025-01-09T15:18:19.847Z,2025-04-29T11:01:37.672Z,,,,UPI,upi-apps,2023,Sep,,,,en
3903,23,Mobikwik,3.92,1182.65,-,-,-,-,-,-,3.92,1182.65,2025-01-09T15:18:19.847Z,2025-04-29T11:01:37.887Z,,,,UPI,upi-apps,2023,Sep,,,,en
3904,24,Standard Chartered Bank Apps,1.72,148.27,-,-,0.31,182.94,-,-,2.03,331.21,2025-01-09T15:18:19.847Z,2025-04-29T11:01:37.967Z,,,,UPI,upi-apps,2023,Sep,,,,en
3905,25,Deutsche Bank Apps,1.93,315.27,-,-,-,0.02,-,-,1.93,315.29,2025-01-09T15:18:19.847Z,2025-04-29T11:01:38.049Z,,,,UPI,upi-apps,2023,Sep,,,,en
3906,26,Canara Bank Apps,1.89,569.48,-,-,-,-,-,-,1.89,569.48,2025-01-09T15:18:19.847Z,2025-04-29T11:01:38.131Z,,,,UPI,upi-apps,2023,Sep,,,,en
3907,27,RBL Bank Apps,1.34,565.87,-,-,0.26,9.74,-,-,1.60,575.61,2025-01-09T15:18:19.847Z,2025-04-29T11:01:38.212Z,,,,UPI,upi-apps,2023,Sep,,,,en
3908,28,Jio Payments Bank Apps,1.44,108.84,-,-,-,-,-,-,1.44,108.84,2025-01-09T15:18:19.847Z,2025-04-29T11:01:38.292Z,,,,UPI,upi-apps,2023,Sep,,,,en
3909,29,Bank of Baroda Apps,1.22,470.91,-,-,-,5.52,-,-,1.22,476.43,2025-01-09T15:18:19.847Z,2025-04-29T11:01:38.373Z,,,,UPI,upi-apps,2023,Sep,,,,en
3910,30,slice,1.06,310.90,-,-,-,-,-,-,1.06,310.90,2025-01-09T15:18:19.847Z,2025-04-29T11:01:38.456Z,,,,UPI,upi-apps,2023,Sep,,,,en
3911,31,Punjab National Bank Apps,1.00,197.93,-,-,-,-,-,-,1.00,197.93,2025-01-09T15:18:19.847Z,2025-04-29T11:01:38.538Z,,,,UPI,upi-apps,2023,Sep,,,,en
3912,32,OMNI,0.98,36.12,-,-,-,-,-,-,0.98,36.12,2025-01-09T15:18:19.847Z,2025-04-29T11:01:38.619Z,,,,UPI,upi-apps,2023,Sep,,,,en
3913,33,IndusInd Bank Apps,0.89,182.26,-,-,-,-,-,-,0.89,182.26,2025-01-09T15:18:19.847Z,2025-04-29T11:01:38.700Z,,,,UPI,upi-apps,2023,Sep,,,,en
3914,34,Union Bank Apps,0.87,324.39,-,-,-,-,-,-,0.87,324.39,2025-01-09T15:18:19.847Z,2025-04-29T11:01:38.781Z,,,,UPI,upi-apps,2023,Sep,,,,en
3915,35,AU Small Finance Bank Apps,0.66,214.25,-,-,-,-,-,-,0.66,214.25,2025-01-09T15:18:19.847Z,2025-04-29T11:01:38.863Z,,,,UPI,upi-apps,2023,Sep,,,,en
3916,36,GOAXB,0.64,74.94,-,-,-,-,-,-,0.64,74.94,2025-01-09T15:18:19.847Z,2025-04-29T11:01:38.942Z,,,,UPI,upi-apps,2023,Sep,,,,en
3917,37,Karnataka Bank Apps,0.62,125.70,-,-,-,-,-,-,0.62,125.70,2025-01-09T15:18:19.847Z,2025-04-29T11:01:39.023Z,,,,UPI,upi-apps,2023,Sep,,,,en
3918,38,DBS Digibank Apps,0.45,178.89,-,-,-,0.53,-,-,0.45,179.42,2025-01-09T15:18:19.847Z,2025-04-29T11:01:39.105Z,,,,UPI,upi-apps,2023,Sep,,,,en
3919,39,Central Bank of India Apps,0.40,94.84,-,-,-,0.38,-,-,0.40,95.22,2025-01-09T15:18:19.847Z,2025-04-29T11:01:39.236Z,,,,UPI,upi-apps,2023,Sep,,,,en
3920,40,UCO Bank Apps,0.37,127.06,-,-,-,-,-,-,0.37,127.06,2025-01-09T15:18:19.847Z,2025-04-29T11:01:39.324Z,,,,UPI,upi-apps,2023,Sep,,,,en
3921,41,Indian Bank Apps,0.32,89.16,-,-,0.01,60.16,-,-,0.33,149.32,2025-01-09T15:18:19.847Z,2025-04-29T11:01:39.432Z,,,,UPI,upi-apps,2023,Sep,,,,en
3922,42,Bank of India Apps,0.28,86.17,-,-,-,-,-,-,0.28,86.17,2025-01-09T15:18:19.847Z,2025-04-29T11:01:39.546Z,,,,UPI,upi-apps,2023,Sep,,,,en
3923,43,NAVIAXIS,0.27,17.75,-,-,-,-,-,-,0.27,17.75,2025-01-09T15:18:19.847Z,2025-04-29T11:01:39.654Z,,,,UPI,upi-apps,2023,Sep,,,,en
3924,44,South Indian Bank Apps,0.26,72.90,-,-,-,-,-,-,0.26,72.90,2025-01-09T15:18:19.847Z,2025-04-29T11:01:39.736Z,,,,UPI,upi-apps,2023,Sep,,,,en
3925,45,Fino Payments bank Apps,0.22,15.99,-,-,-,-,-,-,0.22,15.99,2025-01-09T15:18:19.847Z,2025-04-29T11:01:39.817Z,,,,UPI,upi-apps,2023,Sep,,,,en
3926,46,BPAYWALLET,0.19,42.31,-,-,-,-,-,-,0.19,42.31,2025-01-09T15:18:19.847Z,2025-04-29T11:01:39.899Z,,,,UPI,upi-apps,2023,Sep,,,,en
3927,47,HSBC Bank Apps,0.16,101.08,-,0.12,-,-,-,-,0.16,101.20,2025-01-09T15:18:19.847Z,2025-04-29T11:01:39.982Z,,,,UPI,upi-apps,2023,Sep,,,,en
3928,48,Tamilnad Mercantile Bank Apps,0.10,26.99,-,-,-,-,-,-,0.10,26.99,2025-01-09T15:18:19.847Z,2025-04-29T11:01:40.065Z,,,,UPI,upi-apps,2023,Sep,,,,en
3929,49,TataNeu,0.09,14.82,-,-,-,-,-,-,0.09,14.82,2025-01-09T15:18:19.847Z,2025-04-29T11:01:40.148Z,,,,UPI,upi-apps,2023,Sep,,,,en
3930,50,Fave,0.09,6.34,-,-,-,-,-,-,0.09,6.34,2025-01-09T15:18:19.847Z,2025-04-29T11:01:40.229Z,,,,UPI,upi-apps,2023,Sep,,,,en
3931,51,Ultracash,0.08,4.77,-,-,-,-,-,-,0.08,4.77,2025-01-09T15:18:19.847Z,2025-04-29T11:01:40.310Z,,,,UPI,upi-apps,2023,Sep,,,,en
3932,52,Citi Bank Apps,0.08,61.34,-,-,-,-,-,-,0.08,61.34,2025-01-09T15:18:19.847Z,2025-04-29T11:01:40.390Z,,,,UPI,upi-apps,2023,Sep,,,,en
3933,53,INDIE,0.07,16.09,-,-,-,-,-,-,0.07,16.09,2025-01-09T15:18:19.847Z,2025-04-29T11:01:40.472Z,,,,UPI,upi-apps,2023,Sep,,,,en
3934,54,Indian Overseas Bank Apps,0.07,19.12,-,-,-,-,-,-,0.07,19.12,2025-01-09T15:18:19.847Z,2025-04-29T11:01:40.557Z,,,,UPI,upi-apps,2023,Sep,,,,en
3935,55,City Union Bank Apps,0.07,20.60,-,-,-,-,-,-,0.07,20.60,2025-01-09T15:18:19.847Z,2025-04-29T11:01:40.639Z,,,,UPI,upi-apps,2023,Sep,,,,en
3936,56,IDBI Bank Apps,0.06,32.31,-,-,-,-,-,-,0.06,32.31,2025-01-09T15:18:19.847Z,2025-04-29T11:01:40.722Z,,,,UPI,upi-apps,2023,Sep,,,,en
3937,57,Bank of Maharashtra Apps,0.05,8.55,-,-,-,-,-,-,0.05,8.55,2025-01-09T15:18:19.847Z,2025-04-29T11:01:40.803Z,,,,UPI,upi-apps,2023,Sep,,,,en
3938,58,Karur Vysya Bank Apps,0.04,15.87,-,-,-,-,-,-,0.04,15.87,2025-01-09T15:18:19.847Z,2025-04-29T11:01:40.884Z,,,,UPI,upi-apps,2023,Sep,,,,en
3939,59,MakeMyTrip,0.04,21.32,-,-,-,-,-,-,0.04,21.32,2025-01-09T15:18:19.847Z,2025-04-29T11:01:40.965Z,,,,UPI,upi-apps,2023,Sep,,,,en
3940,60,SHRIRAM,0.03,2.80,-,-,-,-,-,-,0.03,2.80,2025-01-09T15:18:19.847Z,2025-04-29T11:01:41.046Z,,,,UPI,upi-apps,2023,Sep,,,,en
3941,61,NSDL Payments Bank Apps,0.03,5.78,-,-,-,-,-,-,0.03,5.78,2025-01-09T15:18:19.847Z,2025-04-29T11:01:41.128Z,,,,UPI,upi-apps,2023,Sep,,,,en
3942,62,Equitas Small Finance Bank Apps,0.03,19.39,-,-,-,-,-,-,0.03,19.39,2025-01-09T15:18:19.847Z,2025-04-29T11:01:41.210Z,,,,UPI,upi-apps,2023,Sep,,,,en
3943,63,DIGIKHATA,0.03,10.80,-,-,-,-,-,-,0.03,10.80,2025-01-09T15:18:19.847Z,2025-04-29T11:01:41.290Z,,,,UPI,upi-apps,2023,Sep,,,,en
3944,64,SLICE,0.03,3.80,-,-,-,-,-,-,0.03,3.80,2025-01-09T15:18:19.847Z,2025-04-29T11:01:41.369Z,,,,UPI,upi-apps,2023,Sep,,,,en
3945,65,Allahabad Bank Apps,0.03,7.15,-,-,-,-,-,-,0.03,7.15,2025-01-09T15:18:19.847Z,2025-04-29T11:01:41.448Z,,,,UPI,upi-apps,2023,Sep,,,,en
3946,66,Punjab Sind Bank Apps,0.03,12.32,-,-,-,-,-,-,0.03,12.32,2025-01-09T15:18:19.847Z,2025-04-29T11:01:41.528Z,,,,UPI,upi-apps,2023,Sep,,,,en
3947,67,DHANI,0.02,2.58,-,-,-,-,-,-,0.02,2.58,2025-01-09T15:18:19.847Z,2025-04-29T11:01:41.613Z,,,,UPI,upi-apps,2023,Sep,,,,en
3948,68,Utkarsh Small Finance Bank Apps,0.02,6.63,-,-,-,-,-,-,0.02,6.63,2025-01-09T15:18:19.847Z,2025-04-29T11:01:41.693Z,,,,UPI,upi-apps,2023,Sep,,,,en
3949,69,Jammu and Kashmir Bank Apps,0.01,2.56,-,-,-,-,-,-,0.01,2.56,2025-01-09T15:18:19.847Z,2025-04-29T11:01:41.771Z,,,,UPI,upi-apps,2023,Sep,,,,en
3950,70,Dhanlaxmi Bank Apps,0.01,3.46,-,-,-,-,-,-,0.01,3.46,2025-01-09T15:18:19.847Z,2025-04-29T11:01:41.851Z,,,,UPI,upi-apps,2023,Sep,,,,en
3951,71,GoIbibo,0.01,2.34,-,-,-,-,-,-,0.01,2.34,2025-01-09T15:18:19.847Z,2025-04-29T11:01:41.930Z,,,,UPI,upi-apps,2023,Sep,,,,en
3952,72,Others,0.06,10.18,-,-,-,0.06,-,-,0.06,10.25,2025-01-09T15:18:19.847Z,2025-04-29T11:01:42.009Z,,,,UPI,upi-apps,2023,Sep,,,,en
2814,1,Airtel Payments Bank Apps,11.32,778.26,-,-,-,-,0.31,32.39,11.62,810.65,2025-01-07T04:48:50.657Z,2025-04-29T11:00:31.472Z,,,,UPI,upi-apps,2023,Oct,,,,en
2815,2,Allahabad Bank Apps,0.03,7.30,-,-,-,-,NaN,NaN,0.03,7.30,2025-01-07T04:48:50.657Z,2025-04-29T11:00:31.550Z,,,,UPI,upi-apps,2023,Oct,,,,en
2816,3,Amazon Pay,54.39,6297.17,-,-,-,-,NaN,NaN,54.39,6297.17,2025-01-07T04:48:50.657Z,2025-04-29T11:00:31.628Z,,,,UPI,upi-apps,2023,Oct,,,,en
2817,4,AU Small Finance Bank Apps,0.71,235.99,-,-,-,-,NaN,NaN,0.71,235.99,2025-01-07T04:48:50.657Z,2025-04-29T11:00:31.706Z,,,,UPI,upi-apps,2023,Oct,,,,en
2818,5,Axis Bank Apps,12.10,2202.41,62.24,2721.47,0.08,7.63,NaN,NaN,74.42,4931.50,2025-01-07T04:48:50.657Z,2025-04-29T11:00:31.786Z,,,,UPI,upi-apps,2023,Oct,,,,en
2819,6,Bajaj Finserv,14.19,2373.17,-,-,-,-,NaN,NaN,14.19,2373.17,2025-01-07T04:48:50.657Z,2025-04-29T11:00:31.866Z,,,,UPI,upi-apps,2023,Oct,,,,en
2820,7,Bajaj Finserv PPI,0.23,48.79,-,-,-,-,NaN,NaN,0.23,48.79,2025-01-07T04:48:50.657Z,2025-04-29T11:00:31.945Z,,,,UPI,upi-apps,2023,Oct,,,,en
2821,8,Bank of Baroda Apps,0.93,393.21,-,-,-,4.28,NaN,NaN,0.93,397.49,2025-01-07T04:48:50.657Z,2025-04-29T11:00:32.028Z,,,,UPI,upi-apps,2023,Oct,,,,en
2822,9,Bank of India Apps,0.27,93.46,-,-,-,-,NaN,NaN,0.27,93.46,2025-01-07T04:48:50.657Z,2025-04-29T11:00:32.109Z,,,,UPI,upi-apps,2023,Oct,,,,en
2823,10,Bank of Maharashtra Apps,0.06,10.85,-,-,-,-,NaN,NaN,0.06,10.85,2025-01-07T04:48:50.657Z,2025-04-29T11:00:32.189Z,,,,UPI,upi-apps,2023,Oct,,,,en
2824,11,BHIM,25.74,8174.71,-,-,-,-,NaN,NaN,25.74,8174.71,2025-01-07T04:48:50.657Z,2025-04-29T11:00:32.267Z,,,,UPI,upi-apps,2023,Oct,,,,en
2825,12,Canara Bank Apps,2.21,665.24,-,-,0.01,0.19,NaN,NaN,2.22,665.43,2025-01-07T04:48:50.657Z,2025-04-29T11:00:32.347Z,,,,UPI,upi-apps,2023,Oct,,,,en
2826,13,Central Bank of India Apps,0.52,114.69,-,-,-,0.24,NaN,NaN,0.52,114.94,2025-01-07T04:48:50.657Z,2025-04-29T11:00:32.427Z,,,,UPI,upi-apps,2023,Oct,,,,en
2827,14,Citi Bank Apps,0.08,66.07,-,-,-,-,NaN,NaN,0.08,66.07,2025-01-07T04:48:50.657Z,2025-04-29T11:00:32.506Z,,,,UPI,upi-apps,2023,Oct,,,,en
2828,15,City Union Bank Apps,0.07,21.55,-,-,-,-,NaN,NaN,0.07,21.55,2025-01-07T04:48:50.657Z,2025-04-29T11:00:32.585Z,,,,UPI,upi-apps,2023,Oct,,,,en
2829,16,Cred,94.52,34691.49,-,-,-,-,NaN,NaN,94.52,34691.49,2025-01-07T04:48:50.657Z,2025-04-29T11:00:32.663Z,,,,UPI,upi-apps,2023,Oct,,,,en
2830,17,DBS Digibank Apps,0.50,197.14,-,-,-,0.56,NaN,NaN,0.51,197.70,2025-01-07T04:48:50.657Z,2025-04-29T11:00:32.745Z,,,,UPI,upi-apps,2023,Oct,,,,en
2831,18,Deutsche Bank Apps,2.37,350.45,-,-,-,0.02,NaN,NaN,2.37,350.47,2025-01-07T04:48:50.657Z,2025-04-29T11:00:32.824Z,,,,UPI,upi-apps,2023,Oct,,,,en
2832,19,Dhani PPI,0.02,1.49,-,-,-,-,NaN,NaN,0.02,1.49,2025-01-07T04:48:50.657Z,2025-04-29T11:00:32.903Z,,,,UPI,upi-apps,2023,Oct,,,,en
2833,20,Digikhata PPI,0.04,15.33,-,-,-,-,NaN,NaN,0.04,15.33,2025-01-07T04:48:50.657Z,2025-04-29T11:00:32.984Z,,,,UPI,upi-apps,2023,Oct,,,,en
2834,21,Equitas Small Finance Bank Apps,0.03,21.65,-,-,-,-,NaN,NaN,0.03,21.65,2025-01-07T04:48:50.657Z,2025-04-29T11:00:33.064Z,,,,UPI,upi-apps,2023,Oct,,,,en
2835,22,Fampay PPI,27.54,314.13,-,-,-,-,NaN,NaN,27.54,314.13,2025-01-07T04:48:50.657Z,2025-04-29T11:00:33.145Z,,,,UPI,upi-apps,2023,Oct,,,,en
2836,23,Fave,0.11,10.38,-,-,-,-,NaN,NaN,0.11,10.38,2025-01-07T04:48:50.657Z,2025-04-29T11:00:33.223Z,,,,UPI,upi-apps,2023,Oct,,,,en
2837,24,Federal Bank Apps,5.89,720.68,-,-,-,-,NaN,NaN,5.89,720.68,2025-01-07T04:48:50.657Z,2025-04-29T11:00:33.303Z,,,,UPI,upi-apps,2023,Oct,,,,en
2838,25,Fino Payments bank Apps,0.27,20.01,-,-,-,-,NaN,NaN,0.27,20.01,2025-01-07T04:48:50.657Z,2025-04-29T11:00:33.381Z,,,,UPI,upi-apps,2023,Oct,,,,en
2839,26,GoKiwi,0.76,79.21,-,-,-,-,NaN,NaN,0.76,79.21,2025-01-07T04:48:50.657Z,2025-04-29T11:00:33.464Z,,,,UPI,upi-apps,2023,Oct,,,,en
2840,27,Google Pay,4139.92,589299.18,-,-,-,-,NaN,NaN,4139.92,589299.18,2025-01-07T04:48:50.657Z,2025-04-29T11:00:33.541Z,,,,UPI,upi-apps,2023,Oct,,,,en
2841,28,Groww,5.89,3354.83,-,-,-,-,NaN,NaN,5.89,3354.83,2025-01-07T04:48:50.657Z,2025-04-29T11:00:33.618Z,,,,UPI,upi-apps,2023,Oct,,,,en
2842,29,HDFC Bank Apps,21.35,5453.76,-,-,-,-,NaN,NaN,21.35,5453.76,2025-01-07T04:48:50.657Z,2025-04-29T11:00:33.696Z,,,,UPI,upi-apps,2023,Oct,,,,en
2843,30,HSBC Bank Apps,0.18,105.98,-,0.08,-,-,NaN,NaN,0.18,106.07,2025-01-07T04:48:50.657Z,2025-04-29T11:00:33.777Z,,,,UPI,upi-apps,2023,Oct,,,,en
2844,31,ICICI Bank Apps,27.54,11273.30,4.82,437.19,6.52,9607.29,NaN,NaN,38.88,21317.78,2025-01-07T04:48:50.657Z,2025-04-29T11:00:33.858Z,,,,UPI,upi-apps,2023,Oct,,,,en
2845,32,IDBI Bank Apps,0.07,36.89,-,-,-,-,NaN,NaN,0.07,36.89,2025-01-07T04:48:50.657Z,2025-04-29T11:00:33.939Z,,,,UPI,upi-apps,2023,Oct,,,,en
2846,33,IDFC Bank Apps,5.26,1312.45,-,-,-,0.01,NaN,NaN,5.26,1312.46,2025-01-07T04:48:50.657Z,2025-04-29T11:00:34.022Z,,,,UPI,upi-apps,2023,Oct,,,,en
2847,34,India Post Payments Bank Apps,5.54,464.95,-,-,-,-,NaN,NaN,5.54,464.95,2025-01-07T04:48:50.657Z,2025-04-29T11:00:34.101Z,,,,UPI,upi-apps,2023,Oct,,,,en
2848,35,Indian Bank Apps,0.36,90.37,-,-,-,20.56,NaN,NaN,0.36,110.93,2025-01-07T04:48:50.657Z,2025-04-29T11:00:34.180Z,,,,UPI,upi-apps,2023,Oct,,,,en
2849,36,Indian Overseas Bank Apps,0.09,23.85,-,-,-,-,NaN,NaN,0.09,23.85,2025-01-07T04:48:50.657Z,2025-04-29T11:00:34.263Z,,,,UPI,upi-apps,2023,Oct,,,,en
2850,37,IndusInd Bank Apps,1.07,217.98,-,-,-,-,NaN,NaN,1.07,217.98,2025-01-07T04:48:50.657Z,2025-04-29T11:00:34.342Z,,,,UPI,upi-apps,2023,Oct,,,,en
2851,38,Jammu and Kashmir Bank Apps,0.01,3.39,-,-,-,-,NaN,NaN,0.01,3.39,2025-01-07T04:48:50.657Z,2025-04-29T11:00:34.422Z,,,,UPI,upi-apps,2023,Oct,,,,en
2852,39,Jio Payments Bank Apps,1.35,112.84,-,-,-,-,NaN,NaN,1.35,112.84,2025-01-07T04:48:50.657Z,2025-04-29T11:00:34.501Z,,,,UPI,upi-apps,2023,Oct,,,,en
2853,40,Jupiter,4.45,571.06,-,-,-,-,NaN,NaN,4.45,571.06,2025-01-07T04:48:50.658Z,2025-04-29T11:00:34.580Z,,,,UPI,upi-apps,2023,Oct,,,,en
2854,41,Karnataka Bank Apps,0.69,138.58,-,-,-,-,NaN,NaN,0.69,138.58,2025-01-07T04:48:50.658Z,2025-04-29T11:00:34.663Z,,,,UPI,upi-apps,2023,Oct,,,,en
2855,42,Karur Vysya Bank Apps,0.04,16.95,-,-,-,-,NaN,NaN,0.04,16.95,2025-01-07T04:48:50.658Z,2025-04-29T11:00:34.742Z,,,,UPI,upi-apps,2023,Oct,,,,en
2856,43,Kotak Mahindra Bank Apps,23.83,4205.76,-,-,-,-,NaN,NaN,23.83,4205.77,2025-01-07T04:48:50.658Z,2025-04-29T11:00:34.821Z,,,,UPI,upi-apps,2023,Oct,,,,en
2857,44,MakeMyTrip,0.04,21.47,-,-,-,-,NaN,NaN,0.04,21.47,2025-01-07T04:48:50.658Z,2025-04-29T11:00:34.901Z,,,,UPI,upi-apps,2023,Oct,,,,en
2858,45,Mobikwik,4.43,1378.88,-,-,-,-,NaN,NaN,4.43,1378.88,2025-01-07T04:48:50.658Z,2025-04-29T11:00:34.980Z,,,,UPI,upi-apps,2023,Oct,,,,en
2859,46,Mobikwik PPI,0.02,2.15,-,-,-,-,NaN,NaN,0.02,2.15,2025-01-07T04:48:50.658Z,2025-04-29T11:00:35.060Z,,,,UPI,upi-apps,2023,Oct,,,,en
2860,47,Navi,0.53,33.92,-,-,-,-,NaN,NaN,0.53,33.92,2025-01-07T04:48:50.658Z,2025-04-29T11:00:35.138Z,,,,UPI,upi-apps,2023,Oct,,,,en
2861,48,NSDL Payments Bank Apps,0.04,5.79,-,-,-,-,NaN,NaN,0.04,5.79,2025-01-07T04:48:50.658Z,2025-04-29T11:00:35.218Z,,,,UPI,upi-apps,2023,Oct,,,,en
2862,49,Omnicard PPI,1.20,45.90,-,-,-,-,NaN,NaN,1.20,45.90,2025-01-07T04:48:50.658Z,2025-04-29T11:00:35.294Z,,,,UPI,upi-apps,2023,Oct,,,,en
2863,50,Paytm,1417.81,167819.30,3.36,6.88,0.74,1244.89,122.51,23903.73,1544.41,192974.80,2025-01-07T04:48:50.658Z,2025-04-29T11:00:35.373Z,,,,UPI,upi-apps,2023,Oct,,,,en
2864,51,PhonePe,5337.96,838371.70,-,-,-,-,NaN,NaN,5337.96,838371.70,2025-01-07T04:48:50.658Z,2025-04-29T11:00:35.450Z,,,,UPI,upi-apps,2023,Oct,,,,en
2865,52,Punjab National Bank Apps,0.99,211.45,-,-,-,-,NaN,NaN,0.99,211.45,2025-01-07T04:48:50.658Z,2025-04-29T11:00:35.530Z,,,,UPI,upi-apps,2023,Oct,,,,en
2866,53,Punjab Sind Bank Apps,0.03,12.94,-,-,-,-,NaN,NaN,0.03,12.94,2025-01-07T04:48:50.658Z,2025-04-29T11:00:35.614Z,,,,UPI,upi-apps,2023,Oct,,,,en
2867,54,RBL Bank Apps,1.87,642.63,-,0.02,0.27,16.09,NaN,NaN,2.14,658.74,2025-01-07T04:48:50.658Z,2025-04-29T11:00:35.695Z,,,,UPI,upi-apps,2023,Oct,,,,en
2868,55,Samsung Pay,6.17,562.28,-,-,-,-,NaN,NaN,6.17,562.28,2025-01-07T04:48:50.658Z,2025-04-29T11:00:35.774Z,,,,UPI,upi-apps,2023,Oct,,,,en
2869,56,Shriram One,0.15,9.43,-,-,-,-,NaN,NaN,0.15,9.43,2025-01-07T04:48:50.658Z,2025-04-29T11:00:35.857Z,,,,UPI,upi-apps,2023,Oct,,,,en
2870,57,slice,1.33,340.40,-,-,-,-,NaN,NaN,1.33,340.40,2025-01-07T04:48:50.658Z,2025-04-29T11:00:35.938Z,,,,UPI,upi-apps,2023,Oct,,,,en
2871,58,slice PPI,0.33,18.41,-,-,-,-,NaN,NaN,0.33,18.41,2025-01-07T04:48:50.658Z,2025-04-29T11:00:36.020Z,,,,UPI,upi-apps,2023,Oct,,,,en
2872,59,South Indian Bank Apps,0.22,69.36,-,-,-,-,NaN,NaN,0.22,69.36,2025-01-07T04:48:50.658Z,2025-04-29T11:00:36.101Z,,,,UPI,upi-apps,2023,Oct,,,,en
2873,60,Standard Chartered Bank Apps,4.41,240.59,-,-,2.61,1462.00,NaN,NaN,7.02,1702.59,2025-01-07T04:48:50.658Z,2025-04-29T11:00:36.183Z,,,,UPI,upi-apps,2023,Oct,,,,en
2874,61,State Bank of India Apps,5.51,2185.45,-,-,0.02,0.60,NaN,NaN,5.53,2186.05,2025-01-07T04:48:50.658Z,2025-04-29T11:00:36.264Z,,,,UPI,upi-apps,2023,Oct,,,,en
2875,62,Tamilnad Mercantile Bank Apps,0.10,29.14,-,-,-,-,NaN,NaN,0.10,29.14,2025-01-07T04:48:50.658Z,2025-04-29T11:00:36.346Z,,,,UPI,upi-apps,2023,Oct,,,,en
2876,63,TataNeu,0.09,14.51,-,-,-,-,NaN,NaN,0.09,14.51,2025-01-07T04:48:50.658Z,2025-04-29T11:00:36.429Z,,,,UPI,upi-apps,2023,Oct,,,,en
2877,64,UCO Bank Apps,0.28,85.33,-,-,-,-,NaN,NaN,0.28,85.33,2025-01-07T04:48:50.658Z,2025-04-29T11:00:36.511Z,,,,UPI,upi-apps,2023,Oct,,,,en
2878,65,Ultracash,0.09,5.60,-,-,-,-,NaN,NaN,0.09,5.60,2025-01-07T04:48:50.658Z,2025-04-29T11:00:36.593Z,,,,UPI,upi-apps,2023,Oct,,,,en
2879,66,Union Bank Apps,0.89,360.41,-,-,-,-,NaN,NaN,0.89,360.42,2025-01-07T04:48:50.658Z,2025-04-29T11:00:36.674Z,,,,UPI,upi-apps,2023,Oct,,,,en
2880,67,Utkarsh Small Finance Bank Apps,0.02,7.44,-,-,-,-,NaN,NaN,0.02,7.44,2025-01-07T04:48:50.658Z,2025-04-29T11:00:36.754Z,,,,UPI,upi-apps,2023,Oct,,,,en
2881,68,WhatsApp,22.72,1903.10,-,-,-,-,NaN,NaN,22.72,1903.10,2025-01-07T04:48:50.658Z,2025-04-29T11:00:36.834Z,,,,UPI,upi-apps,2023,Oct,,,,en
2882,69,Yes Bank Apps,27.97,11183.85,-,-,0.30,75.25,NaN,NaN,28.27,11259.10,2025-01-07T04:48:50.658Z,2025-04-29T11:00:36.919Z,,,,UPI,upi-apps,2023,Oct,,,,en
2883,70,Others,0.06,14.29,-,-,-,-,-,-,0.06,14.29,2025-01-07T04:48:50.658Z,2025-04-29T11:00:37.000Z,,,,UPI,upi-apps,2023,Oct,,,,en
2884,1,PhonePe,5281.68,854939.06,-,-,-,-,NaN,NaN,5281.68,854939.06,2025-01-07T04:50:12.380Z,2025-04-29T11:00:37.079Z,,,,UPI,upi-apps,2023,Nov,,,,en
2885,2,Google Pay,4099.08,599748.64,-,-,-,-,NaN,NaN,4099.08,599748.64,2025-01-07T04:50:12.380Z,2025-04-29T11:00:37.159Z,,,,UPI,upi-apps,2023,Nov,,,,en
2886,3,Paytm,1360.45,166257.62,4.68,8.00,0.73,1314.75,113.61,23569.92,1479.47,191150.29,2025-01-07T04:50:12.380Z,2025-04-29T11:00:37.241Z,,,,UPI,upi-apps,2023,Nov,,,,en
2887,4,Cred,93.31,34541.32,-,-,-,-,NaN,NaN,93.31,34541.32,2025-01-07T04:50:12.380Z,2025-04-29T11:00:37.322Z,,,,UPI,upi-apps,2023,Nov,,,,en
2888,5,Axis Bank Apps,11.52,2305.08,54.43,1453.30,0.07,7.27,NaN,NaN,66.02,3765.68,2025-01-07T04:50:12.380Z,2025-04-29T11:00:37.404Z,,,,UPI,upi-apps,2023,Nov,,,,en
2889,6,Amazon Pay,48.62,5737.75,-,-,-,-,NaN,NaN,48.62,5737.75,2025-01-07T04:50:12.380Z,2025-04-29T11:00:37.485Z,,,,UPI,upi-apps,2023,Nov,,,,en
2890,7,ICICI Bank Apps,27.41,11134.92,4.79,456.40,8.55,12088.53,NaN,NaN,40.75,23679.82,2025-01-07T04:50:12.380Z,2025-04-29T11:00:37.565Z,,,,UPI,upi-apps,2023,Nov,,,,en
2891,8,Fampay,28.43,336.92,-,-,-,-,NaN,NaN,28.43,336.92,2025-01-07T04:50:12.380Z,2025-04-29T11:00:37.647Z,,,,UPI,upi-apps,2023,Nov,,,,en
2892,9,Yes Bank Apps,25.77,11004.32,-,-,0.28,66.93,NaN,NaN,26.06,11071.25,2025-01-07T04:50:12.380Z,2025-04-29T11:00:37.729Z,,,,UPI,upi-apps,2023,Nov,,,,en
2893,10,Kotak Mahindra Bank Apps,23.88,4341.61,-,-,-,-,NaN,NaN,23.88,4341.61,2025-01-07T04:50:12.380Z,2025-04-29T11:00:37.810Z,,,,UPI,upi-apps,2023,Nov,,,,en
2894,11,BHIM,23.49,7957.46,-,-,-,-,NaN,NaN,23.49,7957.46,2025-01-07T04:50:12.380Z,2025-04-29T11:00:37.892Z,,,,UPI,upi-apps,2023,Nov,,,,en
2895,12,WhatsApp,22.29,1917.47,-,-,-,-,NaN,NaN,22.29,1917.47,2025-01-07T04:50:12.380Z,2025-04-29T11:00:37.974Z,,,,UPI,upi-apps,2023,Nov,,,,en
2896,13,HDFC Bank Apps,20.68,5511.35,-,-,-,-,NaN,NaN,20.68,5511.35,2025-01-07T04:50:12.380Z,2025-04-29T11:00:38.057Z,,,,UPI,upi-apps,2023,Nov,,,,en
2897,14,Bajaj Finserv,15.95,2406.06,-,-,-,-,NaN,NaN,15.95,2406.06,2025-01-07T04:50:12.380Z,2025-04-29T11:00:38.141Z,,,,UPI,upi-apps,2023,Nov,,,,en
2898,15,Airtel Payments Bank Apps,11.06,795.35,-,-,-,-,0.28,31.71,11.34,827.06,2025-01-07T04:50:12.380Z,2025-04-29T11:00:38.222Z,,,,UPI,upi-apps,2023,Nov,,,,en
2899,16,Samsung Pay,5.84,557.36,-,-,-,-,NaN,NaN,5.84,557.36,2025-01-07T04:50:12.380Z,2025-04-29T11:00:38.303Z,,,,UPI,upi-apps,2023,Nov,,,,en
2900,17,Federal Bank Apps,5.51,698.05,-,-,-,0.01,NaN,NaN,5.51,698.06,2025-01-07T04:50:12.380Z,2025-04-29T11:00:38.381Z,,,,UPI,upi-apps,2023,Nov,,,,en
2901,18,State Bank of India Apps,5.36,2162.43,-,-,0.02,0.66,NaN,NaN,5.38,2163.09,2025-01-07T04:50:12.380Z,2025-04-29T11:00:38.462Z,,,,UPI,upi-apps,2023,Nov,,,,en
2902,19,India Post Payments Bank Apps,5.27,532.66,-,-,-,-,NaN,NaN,5.27,532.66,2025-01-07T04:50:12.380Z,2025-04-29T11:00:38.542Z,,,,UPI,upi-apps,2023,Nov,,,,en
2903,20,IDFC Bank Apps,4.96,1306.91,-,-,-,-,NaN,NaN,4.96,1306.91,2025-01-07T04:50:12.380Z,2025-04-29T11:00:38.624Z,,,,UPI,upi-apps,2023,Nov,,,,en
2904,21,Groww,4.59,2528.81,-,-,-,-,NaN,NaN,4.59,2528.81,2025-01-07T04:50:12.380Z,2025-04-29T11:00:38.708Z,,,,UPI,upi-apps,2023,Nov,,,,en
2905,22,Mobikwik,4.52,1467.04,-,-,-,-,NaN,NaN,4.52,1467.04,2025-01-07T04:50:12.380Z,2025-04-29T11:00:38.788Z,,,,UPI,upi-apps,2023,Nov,,,,en
2906,23,Standard Chartered Bank Apps,3.82,262.18,-,-,0.57,244.75,NaN,NaN,4.39,506.93,2025-01-07T04:50:12.380Z,2025-04-29T11:00:38.867Z,,,,UPI,upi-apps,2023,Nov,,,,en
2907,24,Jupiter,4.29,577.81,-,-,-,-,NaN,NaN,4.29,577.81,2025-01-07T04:50:12.380Z,2025-04-29T11:00:38.949Z,,,,UPI,upi-apps,2023,Nov,,,,en
2908,25,Deutsche Bank Apps,3.26,268.83,-,-,-,0.02,NaN,NaN,3.26,268.85,2025-01-07T04:50:12.380Z,2025-04-29T11:00:39.030Z,,,,UPI,upi-apps,2023,Nov,,,,en
2909,26,Canara Bank Apps,2.29,667.04,-,-,-,-,NaN,NaN,2.29,667.04,2025-01-07T04:50:12.380Z,2025-04-29T11:00:39.110Z,,,,UPI,upi-apps,2023,Nov,,,,en
2910,27,RBL Bank Apps,1.85,621.67,-,-,0.37,18.30,NaN,NaN,2.23,639.97,2025-01-07T04:50:12.380Z,2025-04-29T11:00:39.190Z,,,,UPI,upi-apps,2023,Nov,,,,en
2911,28,slice,1.58,359.47,-,-,-,-,NaN,NaN,1.58,359.47,2025-01-07T04:50:12.380Z,2025-04-29T11:00:39.270Z,,,,UPI,upi-apps,2023,Nov,,,,en
2912,29,Jio Payments Bank Apps,1.26,117.05,-,-,-,-,NaN,NaN,1.26,117.05,2025-01-07T04:50:12.380Z,2025-04-29T11:00:39.351Z,,,,UPI,upi-apps,2023,Nov,,,,en
2913,30,Omnicard,1.09,37.85,-,-,-,-,NaN,NaN,1.09,37.85,2025-01-07T04:50:12.380Z,2025-04-29T11:00:39.430Z,,,,UPI,upi-apps,2023,Nov,,,,en
2914,31,Punjab National Bank Apps,1.04,214.29,-,-,-,-,NaN,NaN,1.04,214.29,2025-01-07T04:50:12.380Z,2025-04-29T11:00:39.510Z,,,,UPI,upi-apps,2023,Nov,,,,en
2915,32,Union Bank Apps,0.95,376.07,-,-,-,-,NaN,NaN,0.95,376.07,2025-01-07T04:50:12.380Z,2025-04-29T11:00:39.588Z,,,,UPI,upi-apps,2023,Nov,,,,en
2916,33,Bank of Baroda Apps,0.95,412.54,-,-,-,7.13,NaN,NaN,0.95,419.67,2025-01-07T04:50:12.380Z,2025-04-29T11:00:39.669Z,,,,UPI,upi-apps,2023,Nov,,,,en
2917,34,IndusInd Bank Apps,0.90,193.07,-,-,-,-,NaN,NaN,0.90,193.07,2025-01-07T04:50:12.380Z,2025-04-29T11:00:39.750Z,,,,UPI,upi-apps,2023,Nov,,,,en
2918,35,GoKiwi,0.76,93.99,-,-,-,-,NaN,NaN,0.76,93.99,2025-01-07T04:50:12.380Z,2025-04-29T11:00:39.831Z,,,,UPI,upi-apps,2023,Nov,,,,en
2919,36,SLICE,0.69,27.42,-,-,-,-,NaN,NaN,0.69,27.42,2025-01-07T04:50:12.380Z,2025-04-29T11:00:39.911Z,,,,UPI,upi-apps,2023,Nov,,,,en
2920,37,Karnataka Bank Apps,0.68,138.91,-,-,-,0.01,NaN,NaN,0.68,138.92,2025-01-07T04:50:12.380Z,2025-04-29T11:00:39.992Z,,,,UPI,upi-apps,2023,Nov,,,,en
2921,38,AU Small Finance Bank Apps,0.66,239.22,-,-,-,-,NaN,NaN,0.66,239.22,2025-01-07T04:50:12.380Z,2025-04-29T11:00:40.074Z,,,,UPI,upi-apps,2023,Nov,,,,en
2922,39,Navi,0.60,37.44,-,-,-,-,NaN,NaN,0.60,37.44,2025-01-07T04:50:12.380Z,2025-04-29T11:00:40.156Z,,,,UPI,upi-apps,2023,Nov,,,,en
2923,40,DBS Digibank Apps,0.52,196.26,-,-,-,0.61,NaN,NaN,0.52,196.87,2025-01-07T04:50:12.380Z,2025-04-29T11:00:40.237Z,,,,UPI,upi-apps,2023,Nov,,,,en
2924,41,Central Bank of India Apps,0.51,117.17,-,-,-,0.27,NaN,NaN,0.51,117.44,2025-01-07T04:50:12.380Z,2025-04-29T11:00:40.317Z,,,,UPI,upi-apps,2023,Nov,,,,en
2925,42,Indian Bank Apps,0.36,89.84,-,-,-,4.10,NaN,NaN,0.36,93.94,2025-01-07T04:50:12.380Z,2025-04-29T11:00:40.400Z,,,,UPI,upi-apps,2023,Nov,,,,en
2926,43,Fino Payments bank Apps,0.27,25.00,-,-,-,-,NaN,NaN,0.27,25.00,2025-01-07T04:50:12.380Z,2025-04-29T11:00:40.480Z,,,,UPI,upi-apps,2023,Nov,,,,en
2927,44,UCO Bank Apps,0.26,81.93,-,-,-,-,NaN,NaN,0.26,81.93,2025-01-07T04:50:12.380Z,2025-04-29T11:00:40.561Z,,,,UPI,upi-apps,2023,Nov,,,,en
2928,45,Bajaj Pay Wallet,0.26,62.02,-,-,-,-,NaN,NaN,0.26,62.02,2025-01-07T04:50:12.380Z,2025-04-29T11:00:40.641Z,,,,UPI,upi-apps,2023,Nov,,,,en
2929,46,South Indian Bank Apps,0.25,74.07,-,-,-,-,NaN,NaN,0.25,74.07,2025-01-07T04:50:12.380Z,2025-04-29T11:00:40.721Z,,,,UPI,upi-apps,2023,Nov,,,,en
2930,47,Bank of India Apps,0.24,88.76,-,-,-,-,NaN,NaN,0.24,88.76,2025-01-07T04:50:12.380Z,2025-04-29T11:00:40.800Z,,,,UPI,upi-apps,2023,Nov,,,,en
2931,48,HSBC Bank Apps,0.18,110.45,-,0.10,-,-,NaN,NaN,0.18,110.56,2025-01-07T04:50:12.380Z,2025-04-29T11:00:40.879Z,,,,UPI,upi-apps,2023,Nov,,,,en
2932,49,INDIE - Indus Ind,0.16,30.77,-,-,-,-,NaN,NaN,0.16,30.77,2025-01-07T04:50:12.380Z,2025-04-29T11:00:40.959Z,,,,UPI,upi-apps,2023,Nov,,,,en
2933,50,Tamilnad Mercantile Bank Apps,0.10,29.13,-,-,-,-,NaN,NaN,0.10,29.13,2025-01-07T04:50:12.380Z,2025-04-29T11:00:41.041Z,,,,UPI,upi-apps,2023,Nov,,,,en
2934,51,Indian Overseas Bank Apps,0.09,24.83,-,-,-,-,NaN,NaN,0.09,24.83,2025-01-07T04:50:12.380Z,2025-04-29T11:00:41.126Z,,,,UPI,upi-apps,2023,Nov,,,,en
2935,52,Fave,0.09,8.29,-,-,-,-,NaN,NaN,0.09,8.29,2025-01-07T04:50:12.380Z,2025-04-29T11:00:41.208Z,,,,UPI,upi-apps,2023,Nov,,,,en
2936,53,Shriram One,0.09,10.06,-,-,-,-,NaN,NaN,0.09,10.06,2025-01-07T04:50:12.380Z,2025-04-29T11:00:41.289Z,,,,UPI,upi-apps,2023,Nov,,,,en
2937,54,Ultracash,0.08,5.50,-,-,-,-,NaN,NaN,0.08,5.50,2025-01-07T04:50:12.380Z,2025-04-29T11:00:41.371Z,,,,UPI,upi-apps,2023,Nov,,,,en
2938,55,TataNeu,0.08,11.36,-,-,-,-,NaN,NaN,0.08,11.36,2025-01-07T04:50:12.380Z,2025-04-29T11:00:41.456Z,,,,UPI,upi-apps,2023,Nov,,,,en
2939,56,City Union Bank Apps,0.07,22.07,-,-,-,-,NaN,NaN,0.07,22.07,2025-01-07T04:50:12.380Z,2025-04-29T11:00:41.552Z,,,,UPI,upi-apps,2023,Nov,,,,en
2940,57,IDBI Bank Apps,0.07,35.22,-,-,-,-,NaN,NaN,0.07,35.22,2025-01-07T04:50:12.380Z,2025-04-29T11:00:41.652Z,,,,UPI,upi-apps,2023,Nov,,,,en
2941,58,Citi Bank Apps,0.07,60.24,-,-,-,-,NaN,NaN,0.07,60.24,2025-01-07T04:50:12.380Z,2025-04-29T11:00:41.759Z,,,,UPI,upi-apps,2023,Nov,,,,en
2942,59,Mobikwik,0.06,8.71,-,-,-,-,NaN,NaN,0.06,8.71,2025-01-07T04:50:12.380Z,2025-04-29T11:00:41.840Z,,,,UPI,upi-apps,2023,Nov,,,,en
2943,60,DIGIKHATA,0.05,20.12,-,-,-,-,NaN,NaN,0.05,20.12,2025-01-07T04:50:12.380Z,2025-04-29T11:00:41.937Z,,,,UPI,upi-apps,2023,Nov,,,,en
2944,61,Bank of Maharashtra Apps,0.04,8.79,-,-,-,-,NaN,NaN,0.04,8.79,2025-01-07T04:50:12.380Z,2025-04-29T11:00:42.029Z,,,,UPI,upi-apps,2023,Nov,,,,en
2945,62,MakeMyTrip,0.04,22.58,-,-,-,-,NaN,NaN,0.04,22.58,2025-01-07T04:50:12.380Z,2025-04-29T11:00:42.112Z,,,,UPI,upi-apps,2023,Nov,,,,en
2946,63,Karur Vysya Bank Apps,0.04,14.83,-,-,-,-,NaN,NaN,0.04,14.83,2025-01-07T04:50:12.380Z,2025-04-29T11:00:42.194Z,,,,UPI,upi-apps,2023,Nov,,,,en
2947,64,Timepay,0.04,1.20,-,-,-,-,NaN,NaN,0.04,1.20,2025-01-07T04:50:12.380Z,2025-04-29T11:00:42.275Z,,,,UPI,upi-apps,2023,Nov,,,,en
2948,65,NSDL Payments Bank Apps,0.03,5.89,-,-,-,-,NaN,NaN,0.03,5.89,2025-01-07T04:50:12.380Z,2025-04-29T11:00:42.358Z,,,,UPI,upi-apps,2023,Nov,,,,en
2949,66,Equitas Small Finance Bank Apps,0.03,19.96,-,-,-,-,NaN,NaN,0.03,19.96,2025-01-07T04:50:12.380Z,2025-04-29T11:00:42.441Z,,,,UPI,upi-apps,2023,Nov,,,,en
2950,67,Punjab Sind Bank Apps,0.03,14.19,-,-,-,-,NaN,NaN,0.03,14.19,2025-01-07T04:50:12.380Z,2025-04-29T11:00:42.527Z,,,,UPI,upi-apps,2023,Nov,,,,en
2951,68,Allahabad Bank Apps,0.03,6.93,-,-,-,-,NaN,NaN,0.03,6.93,2025-01-07T04:50:12.380Z,2025-04-29T11:00:42.611Z,,,,UPI,upi-apps,2023,Nov,,,,en
2952,69,CBDC Apps,0.20,8.49,-,-,0.01,0.46,NaN,NaN,0.22,8.95,2025-01-07T04:50:12.380Z,2025-04-29T11:00:42.695Z,,,,UPI,upi-apps,2023,Nov,,,,en
2953,70,Others,0.11,26.81,-,-,-,-,NaN,NaN,0.11,26.81,2025-01-07T04:50:12.380Z,2025-04-29T11:00:42.779Z,,,,UPI,upi-apps,2023,Nov,,,,en
2954,1,PhonePe,5642.66,901006.65,-,-,-,-,-,-,5642.66,901006.65,2025-01-07T04:51:20.132Z,2025-04-29T11:00:42.860Z,,,,UPI,upi-apps,2023,Dec,,,,en
2956,2,Google Pay,4375.29,629285.36,-,-,-,-,-,-,4375.29,629285.36,2025-01-07T04:51:20.132Z,2025-04-29T11:00:43.024Z,,,,UPI,upi-apps,2023,Dec,,,,en
2955,3,Paytm,1442.58,165694.96,4.38,8.39,0.75,1342.34,125.89,24510.03,1573.61,191555.71,2025-01-07T04:51:20.132Z,2025-04-29T11:00:42.941Z,,,,UPI,upi-apps,2023,Dec,,,,en
2957,4,Cred,105.31,37293.27,-,-,-,-,-,-,105.31,37293.27,2025-01-07T04:51:20.132Z,2025-04-29T11:00:43.108Z,,,,UPI,upi-apps,2023,Dec,,,,en
2958,5,Axis Bank Apps,13.29,2657.21,73.58,3439.12,0.03,3.68,-,-,86.90,6100.01,2025-01-07T04:51:20.132Z,2025-04-29T11:00:43.192Z,,,,UPI,upi-apps,2023,Dec,,,,en
2960,6,Amazon Pay,54.16,5982.84,-,-,-,-,-,-,54.16,5982.84,2025-01-07T04:51:20.132Z,2025-04-29T11:00:43.356Z,,,,UPI,upi-apps,2023,Dec,,,,en
2959,7,ICICI Bank Apps,28.73,11167.31,4.46,534.86,6.90,9182.39,-,-,40.09,20884.56,2025-01-07T04:51:20.132Z,2025-04-29T11:00:43.273Z,,,,UPI,upi-apps,2023,Dec,,,,en
2961,8,Fampay,34.23,392.53,-,-,-,-,-,-,34.23,392.53,2025-01-07T04:51:20.132Z,2025-04-29T11:00:43.438Z,,,,UPI,upi-apps,2023,Dec,,,,en
2962,9,Yes Bank Apps,27.99,12305.58,-,-,0.37,63.28,-,-,28.37,12368.87,2025-01-07T04:51:20.132Z,2025-04-29T11:00:43.520Z,,,,UPI,upi-apps,2023,Dec,,,,en
2963,10,Kotak Mahindra Bank Apps,26.36,4738.20,-,-,-,-,-,-,26.36,4738.20,2025-01-07T04:51:20.132Z,2025-04-29T11:00:43.601Z,,,,UPI,upi-apps,2023,Dec,,,,en
2964,11,WhatsApp,25.25,2113.01,-,-,-,-,-,-,25.25,2113.01,2025-01-07T04:51:20.132Z,2025-04-29T11:00:43.686Z,,,,UPI,upi-apps,2023,Dec,,,,en
2965,12,BHIM,24.30,8431.47,-,-,-,-,-,-,24.30,8431.47,2025-01-07T04:51:20.132Z,2025-04-29T11:00:43.768Z,,,,UPI,upi-apps,2023,Dec,,,,en
2966,13,HDFC Bank Apps,23.68,6095.52,-,-,-,0.03,-,-,23.68,6095.54,2025-01-07T04:51:20.132Z,2025-04-29T11:00:43.850Z,,,,UPI,upi-apps,2023,Dec,,,,en
2967,14,Bajaj Finserv,18.08,2580.43,-,-,-,-,-,-,18.08,2580.43,2025-01-07T04:51:20.132Z,2025-04-29T11:00:43.931Z,,,,UPI,upi-apps,2023,Dec,,,,en
2968,15,Airtel Payments Bank Apps,12.26,851.64,-,-,-,-,0.28,31.71,12.54,883.36,2025-01-07T04:51:20.132Z,2025-04-29T11:00:44.013Z,,,,UPI,upi-apps,2023,Dec,,,,en
2969,16,Groww,6.58,4039.81,-,-,-,-,-,-,6.58,4039.81,2025-01-07T04:51:20.132Z,2025-04-29T11:00:44.094Z,,,,UPI,upi-apps,2023,Dec,,,,en
2970,17,State Bank of India Apps,6.13,2362.05,-,-,0.03,0.85,-,-,6.16,2362.90,2025-01-07T04:51:20.132Z,2025-04-29T11:00:44.174Z,,,,UPI,upi-apps,2023,Dec,,,,en
2971,18,Samsung Pay,6.08,557.26,-,-,-,-,-,-,6.08,557.26,2025-01-07T04:51:20.132Z,2025-04-29T11:00:44.257Z,,,,UPI,upi-apps,2023,Dec,,,,en
2972,19,Federal Bank Apps,5.95,745.40,-,-,-,0.01,-,-,5.95,745.41,2025-01-07T04:51:20.132Z,2025-04-29T11:00:44.337Z,,,,UPI,upi-apps,2023,Dec,,,,en
2973,20,IDFC Bank Apps,5.24,1306.50,-,-,-,-,-,-,5.24,1306.50,2025-01-07T04:51:20.132Z,2025-04-29T11:00:44.417Z,,,,UPI,upi-apps,2023,Dec,,,,en
2974,21,Mobikwik,4.95,1580.30,-,-,-,-,-,-,4.95,1580.30,2025-01-07T04:51:20.132Z,2025-04-29T11:00:44.497Z,,,,UPI,upi-apps,2023,Dec,,,,en
2975,22,India Post Payments Bank Apps,4.87,454.50,-,-,-,-,-,-,4.87,454.50,2025-01-07T04:51:20.132Z,2025-04-29T11:00:44.577Z,,,,UPI,upi-apps,2023,Dec,,,,en
2976,23,Jupiter,4.86,656.67,-,-,-,-,-,-,4.86,656.67,2025-01-07T04:51:20.132Z,2025-04-29T11:00:44.658Z,,,,UPI,upi-apps,2023,Dec,,,,en
2977,24,Deutsche Bank Apps,3.71,223.34,-,-,-,0.03,-,-,3.71,223.36,2025-01-07T04:51:20.132Z,2025-04-29T11:00:44.737Z,,,,UPI,upi-apps,2023,Dec,,,,en
2978,25,Standard Chartered Bank Apps,3.17,249.27,-,-,0.47,157.36,-,-,3.63,406.63,2025-01-07T04:51:20.132Z,2025-04-29T11:00:44.817Z,,,,UPI,upi-apps,2023,Dec,,,,en
2979,26,Canara Bank Apps,2.55,719.50,-,-,-,-,-,-,2.55,719.50,2025-01-07T04:51:20.132Z,2025-04-29T11:00:44.898Z,,,,UPI,upi-apps,2023,Dec,,,,en
2980,27,RBL Bank Apps,1.93,697.43,-,0.01,0.21,55.79,-,-,2.14,753.23,2025-01-07T04:51:20.132Z,2025-04-29T11:00:44.978Z,,,,UPI,upi-apps,2023,Dec,,,,en
2981,28,slice,1.96,403.07,-,-,-,-,-,-,1.96,403.07,2025-01-07T04:51:20.132Z,2025-04-29T11:00:45.063Z,,,,UPI,upi-apps,2023,Dec,,,,en
2982,29,Jio Payments Bank Apps,1.35,125.06,-,-,-,-,-,-,1.35,125.06,2025-01-07T04:51:20.132Z,2025-04-29T11:00:45.144Z,,,,UPI,upi-apps,2023,Dec,,,,en
2983,30,Punjab National Bank Apps,1.26,276.47,-,-,-,-,-,-,1.26,276.47,2025-01-07T04:51:20.132Z,2025-04-29T11:00:45.224Z,,,,UPI,upi-apps,2023,Dec,,,,en
2984,31,Omnicard,1.16,36.26,-,-,-,-,-,-,1.16,36.26,2025-01-07T04:51:20.132Z,2025-04-29T11:00:45.304Z,,,,UPI,upi-apps,2023,Dec,,,,en
2985,32,Bank of Baroda Apps,1.05,453.40,-,-,-,10.68,-,-,1.05,464.08,2025-01-07T04:51:20.132Z,2025-04-29T11:00:45.385Z,,,,UPI,upi-apps,2023,Dec,,,,en
2986,33,IndusInd Bank Apps,1.05,203.58,-,-,-,-,-,-,1.05,203.58,2025-01-07T04:51:20.132Z,2025-04-29T11:00:45.473Z,,,,UPI,upi-apps,2023,Dec,,,,en
2987,34,Union Bank Apps,1.02,405.74,-,-,-,-,-,-,1.02,405.74,2025-01-07T04:51:20.132Z,2025-04-29T11:00:45.553Z,,,,UPI,upi-apps,2023,Dec,,,,en
2988,35,SLICE,0.95,32.65,-,-,-,-,-,-,0.95,32.65,2025-01-07T04:51:20.132Z,2025-04-29T11:00:45.633Z,,,,UPI,upi-apps,2023,Dec,,,,en
2989,36,DBS Digibank Apps,0.78,245.47,-,-,-,1.47,-,-,0.79,246.94,2025-01-07T04:51:20.132Z,2025-04-29T11:00:45.714Z,,,,UPI,upi-apps,2023,Dec,,,,en
2990,37,GoKiwi,0.77,104.27,-,-,-,-,-,-,0.77,104.27,2025-01-07T04:51:20.132Z,2025-04-29T11:00:45.797Z,,,,UPI,upi-apps,2023,Dec,,,,en
2991,38,Karnataka Bank Apps,0.72,144.87,-,-,-,0.01,-,-,0.72,144.89,2025-01-07T04:51:20.132Z,2025-04-29T11:00:45.881Z,,,,UPI,upi-apps,2023,Dec,,,,en
2992,39,Navi,0.69,43.86,-,-,-,-,-,-,0.69,43.86,2025-01-07T04:51:20.132Z,2025-04-29T11:00:45.963Z,,,,UPI,upi-apps,2023,Dec,,,,en
2993,40,AU Small Finance Bank Apps,0.68,252.89,-,-,-,-,-,-,0.68,252.89,2025-01-07T04:51:20.132Z,2025-04-29T11:00:46.042Z,,,,UPI,upi-apps,2023,Dec,,,,en
2994,41,Central Bank of India Apps,0.58,136.84,-,-,-,-,-,-,0.58,136.84,2025-01-07T04:51:20.132Z,2025-04-29T11:00:46.123Z,,,,UPI,upi-apps,2023,Dec,,,,en
2995,42,Indian Bank Apps,0.40,98.27,-,-,-,8.79,-,-,0.40,107.06,2025-01-07T04:51:20.132Z,2025-04-29T11:00:46.203Z,,,,UPI,upi-apps,2023,Dec,,,,en
2996,43,Shriram One,0.33,19.47,-,-,-,-,-,-,0.33,19.47,2025-01-07T04:51:20.132Z,2025-04-29T11:00:46.283Z,,,,UPI,upi-apps,2023,Dec,,,,en
2997,44,Bajaj Pay Wallet,0.32,72.38,-,-,-,-,-,-,0.32,72.38,2025-01-07T04:51:20.132Z,2025-04-29T11:00:46.363Z,,,,UPI,upi-apps,2023,Dec,,,,en
2998,45,South Indian Bank Apps,0.30,86.96,-,-,-,-,-,-,0.30,86.96,2025-01-07T04:51:20.132Z,2025-04-29T11:00:46.444Z,,,,UPI,upi-apps,2023,Dec,,,,en
2999,46,Bank of India Apps,0.29,103.82,-,-,-,-,-,-,0.29,103.82,2025-01-07T04:51:20.132Z,2025-04-29T11:00:46.524Z,,,,UPI,upi-apps,2023,Dec,,,,en
3000,47,UCO Bank Apps,0.29,94.81,-,-,-,-,-,-,0.29,94.81,2025-01-07T04:51:20.132Z,2025-04-29T11:00:46.604Z,,,,UPI,upi-apps,2023,Dec,,,,en
3001,48,Mobikwik,0.28,38.53,-,-,-,-,-,-,0.28,38.53,2025-01-07T04:51:20.132Z,2025-04-29T11:00:46.684Z,,,,UPI,upi-apps,2023,Dec,,,,en
3002,49,Fino Payments bank Apps,0.27,26.70,-,-,-,-,-,-,0.27,26.70,2025-01-07T04:51:20.132Z,2025-04-29T11:00:46.766Z,,,,UPI,upi-apps,2023,Dec,,,,en
3003,50,INDIE - Indus Ind,0.20,35.32,-,-,-,-,-,-,0.20,35.32,2025-01-07T04:51:20.132Z,2025-04-29T11:00:46.846Z,,,,UPI,upi-apps,2023,Dec,,,,en
3004,51,HSBC Bank Apps,0.20,123.63,-,0.08,-,-,-,-,0.20,123.70,2025-01-07T04:51:20.132Z,2025-04-29T11:00:46.928Z,,,,UPI,upi-apps,2023,Dec,,,,en
3005,52,Tamilnad Mercantile Bank Apps,0.11,31.47,-,-,-,-,-,-,0.11,31.47,2025-01-07T04:51:20.132Z,2025-04-29T11:00:47.009Z,,,,UPI,upi-apps,2023,Dec,,,,en
3006,53,Indian Overseas Bank Apps,0.11,27.85,-,-,-,-,-,-,0.11,27.85,2025-01-07T04:51:20.132Z,2025-04-29T11:00:47.089Z,,,,UPI,upi-apps,2023,Dec,,,,en
3007,54,Ultracash,0.08,5.06,-,-,-,-,-,-,0.08,5.06,2025-01-07T04:51:20.132Z,2025-04-29T11:00:47.168Z,,,,UPI,upi-apps,2023,Dec,,,,en
3008,55,TataNeu,0.08,10.49,-,-,-,-,-,-,0.08,10.49,2025-01-07T04:51:20.132Z,2025-04-29T11:00:47.247Z,,,,UPI,upi-apps,2023,Dec,,,,en
3009,56,IDBI Bank Apps,0.07,38.61,-,-,-,-,-,-,0.07,38.61,2025-01-07T04:51:20.132Z,2025-04-29T11:00:47.326Z,,,,UPI,upi-apps,2023,Dec,,,,en
3010,57,City Union Bank Apps,0.07,22.76,-,-,-,-,-,-,0.07,22.76,2025-01-07T04:51:20.132Z,2025-04-29T11:00:47.409Z,,,,UPI,upi-apps,2023,Dec,,,,en
3011,58,DIGIKHATA,0.07,25.80,-,-,-,-,-,-,0.07,25.80,2025-01-07T04:51:20.132Z,2025-04-29T11:00:47.487Z,,,,UPI,upi-apps,2023,Dec,,,,en
3012,59,Paytm,0.07,4.53,-,-,-,-,-,-,0.07,4.53,2025-01-07T04:51:20.132Z,2025-04-29T11:00:47.568Z,,,,UPI,upi-apps,2023,Dec,,,,en
3013,60,Citi Bank Apps,0.07,70.44,-,-,-,-,-,-,0.07,70.44,2025-01-07T04:51:20.132Z,2025-04-29T11:00:47.648Z,,,,UPI,upi-apps,2023,Dec,,,,en
3014,61,Fave,0.06,4.28,-,-,-,-,-,-,0.06,4.28,2025-01-07T04:51:20.132Z,2025-04-29T11:00:47.729Z,,,,UPI,upi-apps,2023,Dec,,,,en
3015,62,FIFEDERAL,0.05,7.12,-,-,-,-,-,-,0.05,7.12,2025-01-07T04:51:20.132Z,2025-04-29T11:00:47.810Z,,,,UPI,upi-apps,2023,Dec,,,,en
3016,63,Bank of Maharashtra Apps,0.04,8.10,-,-,-,-,-,-,0.04,8.10,2025-01-07T04:51:20.132Z,2025-04-29T11:00:47.890Z,,,,UPI,upi-apps,2023,Dec,,,,en
3017,64,MakeMyTrip,0.04,22.20,-,-,-,-,-,-,0.04,22.20,2025-01-07T04:51:20.132Z,2025-04-29T11:00:47.970Z,,,,UPI,upi-apps,2023,Dec,,,,en
3018,65,NSDL Payments Bank Apps,0.04,6.36,-,-,-,-,-,-,0.04,6.36,2025-01-07T04:51:20.132Z,2025-04-29T11:00:48.054Z,,,,UPI,upi-apps,2023,Dec,,,,en
3019,66,Karur Vysya Bank Apps,0.04,13.69,-,-,-,-,-,-,0.04,13.69,2025-01-07T04:51:20.132Z,2025-04-29T11:00:48.134Z,,,,UPI,upi-apps,2023,Dec,,,,en
3020,67,Equitas Small Finance Bank Apps,0.03,21.86,-,-,-,-,-,-,0.03,21.86,2025-01-07T04:51:20.132Z,2025-04-29T11:00:48.215Z,,,,UPI,upi-apps,2023,Dec,,,,en
3021,68,Allahabad Bank Apps,0.03,7.01,-,-,-,-,-,-,0.03,7.01,2025-01-07T04:51:20.132Z,2025-04-29T11:00:48.295Z,,,,UPI,upi-apps,2023,Dec,,,,en
3022,69,DHANI,0.03,2.01,-,-,-,-,-,-,0.03,2.01,2025-01-07T04:51:20.132Z,2025-04-29T11:00:48.375Z,,,,UPI,upi-apps,2023,Dec,,,,en
3023,70,CBDC Apps,0.72,25.12,-,-,0.05,0.80,-,-,0.77,25.91,2025-01-07T04:51:20.132Z,2025-04-29T11:00:48.457Z,,,,UPI,upi-apps,2023,Dec,,,,en
3024,71,Other,0.12,38.33,-,-,-,-,-,-,0.12,38.33,2025-01-07T04:51:20.132Z,2025-04-29T11:00:48.536Z,,,,UPI,upi-apps,2023,Dec,,,,en
279,1,PhonePe,5734.54,906793.76,-,-,-,-,-,-,5734.54,906793.76,2025-01-06T18:52:02.937Z,2025-04-29T10:58:28.850Z,,,,UPI,upi-apps,2024,Jan,,,,en
280,2,Google Pay,4442.86,635945.58,-,-,-,-,-,-,4442.86,635945.58,2025-01-06T18:52:02.937Z,2025-04-29T10:58:28.971Z,,,,UPI,upi-apps,2024,Jan,,,,en
281,3,Paytm,1442.41,164333.33,3.98,8.32,0.72,1291.06,122.53,26982.03,1569.63,192614.74,2025-01-06T18:52:02.937Z,2025-04-29T10:58:29.104Z,,,,UPI,upi-apps,2024,Jan,,,,en
282,4,Cred,108.86,38229.82,-,-,-,-,-,-,108.86,38229.82,2025-01-06T18:52:02.937Z,2025-04-29T10:58:29.188Z,,,,UPI,upi-apps,2024,Jan,,,,en
283,5,Axis Bank Apps,13.31,2775.63,66.84,2943.22,0.02,2.72,-,-,80.17,5721.57,2025-01-06T18:52:02.937Z,2025-04-29T10:58:29.270Z,,,,UPI,upi-apps,2024,Jan,,,,en
284,6,Amazon Pay,59.48,6288.95,-,-,-,-,-,-,59.48,6288.95,2025-01-06T18:52:02.937Z,2025-04-29T10:58:29.356Z,,,,UPI,upi-apps,2024,Jan,,,,en
285,7,ICICI Bank Apps,28.93,12995.05,4.68,527.09,7.01,10593.84,-,-,40.62,24115.98,2025-01-06T18:52:02.937Z,2025-04-29T10:58:29.443Z,,,,UPI,upi-apps,2024,Jan,,,,en
286,8,FAM,36.62,418.33,-,-,-,-,-,-,36.62,418.33,2025-01-06T18:52:02.937Z,2025-04-29T10:58:29.527Z,,,,UPI,upi-apps,2024,Jan,,,,en
287,9,HDFC Bank Apps,25.05,5458.04,5.92,17.83,-,0.08,-,-,30.98,5475.95,2025-01-06T18:52:02.937Z,2025-04-29T10:58:29.611Z,,,,UPI,upi-apps,2024,Jan,,,,en
288,10,BHIM,29.98,8778.61,-,-,-,-,-,-,29.98,8778.61,2025-01-06T18:52:02.937Z,2025-04-29T10:58:29.693Z,,,,UPI,upi-apps,2024,Jan,,,,en
289,11,Kotak Mahindra Bank Apps,28.24,4981.01,-,-,-,-,-,-,28.24,4981.01,2025-01-06T18:52:02.937Z,2025-04-29T10:58:29.775Z,,,,UPI,upi-apps,2024,Jan,,,,en
290,12,WhatsApp,26.08,2132.83,-,-,-,-,-,-,26.08,2132.83,2025-01-06T18:52:02.937Z,2025-04-29T10:58:29.861Z,,,,UPI,upi-apps,2024,Jan,,,,en
291,13,Yes Bank Apps,23.01,11585.54,-,-,0.27,33.23,-,-,23.28,11618.77,2025-01-06T18:52:02.937Z,2025-04-29T10:58:29.951Z,,,,UPI,upi-apps,2024,Jan,,,,en
292,14,Bajaj Finserv,19.87,2737.66,-,-,-,-,-,-,19.87,2737.66,2025-01-06T18:52:02.937Z,2025-04-29T10:58:30.037Z,,,,UPI,upi-apps,2024,Jan,,,,en
293,15,Airtel Payments Bank Apps,13.24,902.32,-,-,-,0.08,-,0.03,13.24,902.43,2025-01-06T18:52:02.937Z,2025-04-29T10:58:30.119Z,,,,UPI,upi-apps,2024,Jan,,,,en
294,16,Groww,9.41,6540.35,-,-,-,-,-,-,9.41,6540.35,2025-01-06T18:52:02.937Z,2025-04-29T10:58:30.201Z,,,,UPI,upi-apps,2024,Jan,,,,en
295,17,State Bank of India Apps,6.10,2425.87,-,-,0.03,0.87,-,-,6.13,2426.73,2025-01-06T18:52:02.937Z,2025-04-29T10:58:30.282Z,,,,UPI,upi-apps,2024,Jan,,,,en
296,18,Samsung Pay,5.73,518.32,-,-,-,-,-,-,5.73,518.32,2025-01-06T18:52:02.937Z,2025-04-29T10:58:30.364Z,,,,UPI,upi-apps,2024,Jan,,,,en
297,19,IDFC Bank Apps,5.47,1448.50,-,-,-,-,-,-,5.47,1448.50,2025-01-06T18:52:02.937Z,2025-04-29T10:58:30.448Z,,,,UPI,upi-apps,2024,Jan,,,,en
298,20,Federal Bank Apps,5.33,674.05,-,-,-,-,-,-,5.33,674.05,2025-01-06T18:52:02.937Z,2025-04-29T10:58:30.531Z,,,,UPI,upi-apps,2024,Jan,,,,en
299,21,Mobikwik,5.19,1625.48,-,-,-,-,-,-,5.19,1625.48,2025-01-06T18:52:02.937Z,2025-04-29T10:58:30.613Z,,,,UPI,upi-apps,2024,Jan,,,,en
300,22,Jupiter,4.97,665.54,-,-,-,-,-,-,4.97,665.54,2025-01-06T18:52:02.937Z,2025-04-29T10:58:30.704Z,,,,UPI,upi-apps,2024,Jan,,,,en
301,23,India Post Payments Bank Apps,4.69,461.95,-,-,-,-,-,-,4.69,461.95,2025-01-06T18:52:02.937Z,2025-04-29T10:58:30.790Z,,,,UPI,upi-apps,2024,Jan,,,,en
302,24,Deutsche Bank Apps,3.89,294.60,-,-,-,0.03,-,-,3.89,294.63,2025-01-06T18:52:02.937Z,2025-04-29T10:58:30.873Z,,,,UPI,upi-apps,2024,Jan,,,,en
303,25,Standard Chartered Bank Apps,2.61,195.77,-,-,1.07,550.69,-,-,3.68,746.46,2025-01-06T18:52:02.937Z,2025-04-29T10:58:30.959Z,,,,UPI,upi-apps,2024,Jan,,,,en
304,26,RBL Bank Apps,3.15,739.53,-,0.03,0.20,46.97,-,-,3.35,786.52,2025-01-06T18:52:02.937Z,2025-04-29T10:58:31.041Z,,,,UPI,upi-apps,2024,Jan,,,,en
305,27,Canara Bank Apps,2.62,758.31,-,-,-,-,-,-,2.62,758.31,2025-01-06T18:52:02.937Z,2025-04-29T10:58:31.123Z,,,,UPI,upi-apps,2024,Jan,,,,en
306,28,slice,2.01,407.98,-,-,-,-,-,-,2.01,407.98,2025-01-06T18:52:02.937Z,2025-04-29T10:58:31.206Z,,,,UPI,upi-apps,2024,Jan,,,,en
307,29,Jio Payments Bank Apps,1.51,137.62,-,-,-,-,-,-,1.51,137.62,2025-01-06T18:52:02.937Z,2025-04-29T10:58:31.292Z,,,,UPI,upi-apps,2024,Jan,,,,en
308,30,Punjab National Bank Apps,1.32,335.60,-,-,-,-,-,-,1.32,335.60,2025-01-06T18:52:02.937Z,2025-04-29T10:58:31.375Z,,,,UPI,upi-apps,2024,Jan,,,,en
309,31,Indian Bank Apps,1.29,311.48,-,-,-,10.91,-,-,1.29,322.39,2025-01-06T18:52:02.937Z,2025-04-29T10:58:31.462Z,,,,UPI,upi-apps,2024,Jan,,,,en
310,32,SLICE,1.26,41.97,-,-,-,-,-,-,1.26,41.97,2025-01-06T18:52:02.937Z,2025-04-29T10:58:31.549Z,,,,UPI,upi-apps,2024,Jan,,,,en
311,33,Omnicard,1.15,37.16,-,-,-,-,-,-,1.15,37.16,2025-01-06T18:52:02.937Z,2025-04-29T10:58:31.631Z,,,,UPI,upi-apps,2024,Jan,,,,en
312,34,Bank of Baroda Apps,1.14,505.93,-,-,-,10.66,-,-,1.14,516.58,2025-01-06T18:52:02.937Z,2025-04-29T10:58:31.717Z,,,,UPI,upi-apps,2024,Jan,,,,en
313,35,Union Bank Apps,1.11,451.70,-,-,-,-,-,-,1.11,451.70,2025-01-06T18:52:02.937Z,2025-04-29T10:58:31.802Z,,,,UPI,upi-apps,2024,Jan,,,,en
314,36,Navi,0.96,54.50,-,-,-,-,-,-,0.96,54.50,2025-01-06T18:52:02.937Z,2025-04-29T10:58:31.884Z,,,,UPI,upi-apps,2024,Jan,,,,en
315,37,Gokiwi,0.74,105.76,-,-,-,-,-,-,0.74,105.76,2025-01-06T18:52:02.937Z,2025-04-29T10:58:31.967Z,,,,UPI,upi-apps,2024,Jan,,,,en
316,38,DBS Digibank Apps,0.70,252.85,-,-,-,1.80,-,-,0.70,254.66,2025-01-06T18:52:02.937Z,2025-04-29T10:58:32.049Z,,,,UPI,upi-apps,2024,Jan,,,,en
317,39,Karnataka Bank Apps,0.67,144.11,-,-,-,-,-,-,0.67,144.11,2025-01-06T18:52:02.937Z,2025-04-29T10:58:32.136Z,,,,UPI,upi-apps,2024,Jan,,,,en
318,40,AU Small Finance Bank Apps,0.66,259.49,-,-,-,-,-,-,0.66,259.49,2025-01-06T18:52:02.937Z,2025-04-29T10:58:32.217Z,,,,UPI,upi-apps,2024,Jan,,,,en
319,41,Central Bank of India Apps,0.63,150.41,-,-,-,-,-,-,0.63,150.41,2025-01-06T18:52:02.937Z,2025-04-29T10:58:32.298Z,,,,UPI,upi-apps,2024,Jan,,,,en
320,42,Shriram One,0.59,31.86,-,-,-,-,-,-,0.59,31.86,2025-01-06T18:52:02.937Z,2025-04-29T10:58:32.380Z,,,,UPI,upi-apps,2024,Jan,,,,en
321,43,FIFEDERAL,0.47,57.15,-,-,-,-,-,-,0.47,57.15,2025-01-06T18:52:02.937Z,2025-04-29T10:58:32.461Z,,,,UPI,upi-apps,2024,Jan,,,,en
322,44,BPAYWALLET,0.43,88.49,-,-,-,-,-,-,0.43,88.49,2025-01-06T18:52:02.937Z,2025-04-29T10:58:32.542Z,,,,UPI,upi-apps,2024,Jan,,,,en
323,45,MBK,0.39,57.77,-,-,-,-,-,-,0.39,57.77,2025-01-06T18:52:02.937Z,2025-04-29T10:58:32.624Z,,,,UPI,upi-apps,2024,Jan,,,,en
324,46,South Indian Bank Apps,0.33,105.23,-,-,-,-,-,-,0.33,105.23,2025-01-06T18:52:02.937Z,2025-04-29T10:58:32.705Z,,,,UPI,upi-apps,2024,Jan,,,,en
325,47,Bank of India Apps,0.29,108.18,-,-,-,-,-,-,0.29,108.18,2025-01-06T18:52:02.937Z,2025-04-29T10:58:32.785Z,,,,UPI,upi-apps,2024,Jan,,,,en
326,48,Fino Payments bank Apps,0.29,31.67,-,-,-,-,-,-,0.29,31.67,2025-01-06T18:52:02.937Z,2025-04-29T10:58:32.869Z,,,,UPI,upi-apps,2024,Jan,,,,en
327,49,INDIE - Indus Ind,0.25,42.84,-,-,-,-,-,-,0.25,42.84,2025-01-06T18:52:02.937Z,2025-04-29T10:58:32.950Z,,,,UPI,upi-apps,2024,Jan,,,,en
328,50,UCO Bank Apps,0.21,76.62,-,-,-,-,-,-,0.21,76.62,2025-01-06T18:52:02.937Z,2025-04-29T10:58:33.030Z,,,,UPI,upi-apps,2024,Jan,,,,en
329,51,HSBC Bank Apps,0.20,117.97,-,0.03,-,-,-,-,0.20,118.00,2025-01-06T18:52:02.937Z,2025-04-29T10:58:33.112Z,,,,UPI,upi-apps,2024,Jan,,,,en
330,52,Tamilnad Mercantile Bank Apps,0.12,32.85,-,-,-,-,-,-,0.12,32.85,2025-01-06T18:52:02.937Z,2025-04-29T10:58:33.196Z,,,,UPI,upi-apps,2024,Jan,,,,en
331,53,Indian Overseas Bank Apps,0.11,29.92,-,-,-,-,-,-,0.11,29.92,2025-01-06T18:52:02.937Z,2025-04-29T10:58:33.277Z,,,,UPI,upi-apps,2024,Jan,,,,en
332,54,Ultracash,0.08,5.95,-,-,-,-,-,-,0.08,5.95,2025-01-06T18:52:02.937Z,2025-04-29T10:58:33.362Z,,,,UPI,upi-apps,2024,Jan,,,,en
333,55,Citi Bank Apps,0.08,79.39,-,-,-,-,-,-,0.08,79.39,2025-01-06T18:52:02.937Z,2025-04-29T10:58:33.444Z,,,,UPI,upi-apps,2024,Jan,,,,en
334,56,Digikhata,0.08,30.34,-,-,-,-,-,-,0.08,30.34,2025-01-06T18:52:02.937Z,2025-04-29T10:58:33.532Z,,,,UPI,upi-apps,2024,Jan,,,,en
335,57,TataNeu,0.08,11.48,-,-,-,-,-,-,0.08,11.48,2025-01-06T18:52:02.937Z,2025-04-29T10:58:33.614Z,,,,UPI,upi-apps,2024,Jan,,,,en
336,58,City Union Bank Apps,0.08,25.49,-,-,-,-,-,-,0.08,25.49,2025-01-06T18:52:02.937Z,2025-04-29T10:58:33.695Z,,,,UPI,upi-apps,2024,Jan,,,,en
337,59,IDBI Bank Apps,0.08,42.31,-,-,-,-,-,-,0.08,42.31,2025-01-06T18:52:02.937Z,2025-04-29T10:58:33.780Z,,,,UPI,upi-apps,2024,Jan,,,,en
338,60,Jupiter Edge (LivQuick PPI),0.05,14.71,-,-,-,-,-,-,0.05,14.71,2025-01-06T18:52:02.937Z,2025-04-29T10:58:33.861Z,,,,UPI,upi-apps,2024,Jan,,,,en
339,61,Karur Vysya Bank Apps,0.04,15.23,-,-,-,-,-,-,0.04,15.23,2025-01-06T18:52:02.937Z,2025-04-29T10:58:33.943Z,,,,UPI,upi-apps,2024,Jan,,,,en
340,62,NSDL Payments Bank Apps,0.04,5.77,-,-,-,-,-,-,0.04,5.77,2025-01-06T18:52:02.937Z,2025-04-29T10:58:34.026Z,,,,UPI,upi-apps,2024,Jan,,,,en
341,63,Bank of Maharashtra Apps,0.04,8.06,-,-,-,-,-,-,0.04,8.06,2025-01-06T18:52:02.937Z,2025-04-29T10:58:34.109Z,,,,UPI,upi-apps,2024,Jan,,,,en
342,64,DHANI,0.04,2.71,-,-,-,-,-,-,0.04,2.71,2025-01-06T18:52:02.937Z,2025-04-29T10:58:34.194Z,,,,UPI,upi-apps,2024,Jan,,,,en
343,65,Paytm,0.03,3.11,-,-,-,-,-,-,0.03,3.11,2025-01-06T18:52:02.937Z,2025-04-29T10:58:34.279Z,,,,UPI,upi-apps,2024,Jan,,,,en
344,66,MakeMyTrip,0.03,15.48,-,-,-,-,-,-,0.03,15.48,2025-01-06T18:52:02.937Z,2025-04-29T10:58:34.362Z,,,,UPI,upi-apps,2024,Jan,,,,en
345,67,Equitas Small Finance Bank Apps,0.03,23.19,-,-,-,-,-,-,0.03,23.19,2025-01-06T18:52:02.937Z,2025-04-29T10:58:34.445Z,,,,UPI,upi-apps,2024,Jan,,,,en
346,68,Timepay,0.03,0.33,-,-,-,-,-,-,0.03,0.33,2025-01-06T18:52:02.937Z,2025-04-29T10:58:34.541Z,,,,UPI,upi-apps,2024,Jan,,,,en
347,69,Allahabad Bank Apps,0.03,6.51,-,-,-,-,-,-,0.03,6.51,2025-01-06T18:52:02.937Z,2025-04-29T10:58:34.624Z,,,,UPI,upi-apps,2024,Jan,,,,en
348,70,Other Apps,0.13,31.46,-,-,-,-,-,-,0.13,31.46,2025-01-06T18:52:02.937Z,2025-04-29T10:58:34.706Z,,,,UPI,upi-apps,2024,Jan,,,,en
349,71,CBDC Apps,0.80,46.45,-,-,0.07,1.63,-,-,0.88,48.08,2025-01-06T18:52:02.938Z,2025-04-29T10:58:34.786Z,,,,UPI,upi-apps,2024,Jan,,,,en
3025,1,PhonePe,5760.01,915586.00,-,-,-,-,-,-,5760.01,915586.00,2025-01-09T13:29:31.585Z,2025-04-29T11:00:48.617Z,,,,UPI,upi-apps,2024,Feb,,,,en
3026,2,Google Pay #,4461.29,637219.40,46.83,45.25,-,-,-,-,4508.12,637264.65,2025-01-09T13:29:31.585Z,2025-04-29T11:00:48.701Z,,,,UPI,upi-apps,2024,Feb,,,,en
3027,3,Paytm,1267.27,145305.47,0.17,0.09,0.55,971.93,72.36,13291.98,1340.35,159569.47,2025-01-09T13:29:31.585Z,2025-04-29T11:00:48.782Z,,,,UPI,upi-apps,2024,Feb,,,,en
3028,4,Cred #,111.53,38649.61,-,-,-,-,-,-,111.53,38649.61,2025-01-09T13:29:31.585Z,2025-04-29T11:00:48.865Z,,,,UPI,upi-apps,2024,Feb,,,,en
3029,5,Amazon Pay #,59.71,6278.02,-,-,-,-,-,-,59.71,6278.02,2025-01-09T13:29:31.585Z,2025-04-29T11:00:48.963Z,,,,UPI,upi-apps,2024,Feb,,,,en
3030,6,BHIM,56.16,9052.16,-,-,-,-,-,-,56.16,9052.16,2025-01-09T13:29:31.585Z,2025-04-29T11:00:49.058Z,,,,UPI,upi-apps,2024,Feb,,,,en
3031,7,ICICI Bank Apps,28.95,10492.15,4.27,416.25,5.69,8779.07,-,-,38.92,19687.47,2025-01-09T13:29:31.585Z,2025-04-29T11:00:49.138Z,,,,UPI,upi-apps,2024,Feb,,,,en
3032,8,FamPay by Trio #,37.89,432.81,-,-,-,-,-,-,37.89,432.81,2025-01-09T13:29:31.585Z,2025-04-29T11:00:49.225Z,,,,UPI,upi-apps,2024,Feb,,,,en
3033,9,HDFC Bank Apps,13.51,4283.81,23.86,71.63,-,0.12,-,-,37.37,4355.55,2025-01-09T13:29:31.585Z,2025-04-29T11:00:49.307Z,,,,UPI,upi-apps,2024,Feb,,,,en
3034,10,Kotak Mahindra Bank Apps,31.50,5127.03,-,-,-,-,-,-,31.50,5127.03,2025-01-09T13:29:31.585Z,2025-04-29T11:00:49.389Z,,,,UPI,upi-apps,2024,Feb,,,,en
3035,11,Axis Bank Apps,10.08,2290.26,20.84,6427.20,0.01,1.77,-,-,30.93,8719.23,2025-01-09T13:29:31.585Z,2025-04-29T11:00:49.469Z,,,,UPI,upi-apps,2024,Feb,,,,en
3036,12,Whatsapp #,26.76,2175.12,-,-,-,-,-,-,26.76,2175.12,2025-01-09T13:29:31.585Z,2025-04-29T11:00:49.552Z,,,,UPI,upi-apps,2024,Feb,,,,en
3037,13,Yes Bank Apps,21.24,11308.74,-,-,0.33,36.07,-,-,21.57,11344.81,2025-01-09T13:29:31.585Z,2025-04-29T11:00:49.635Z,,,,UPI,upi-apps,2024,Feb,,,,en
3038,14,Bajaj Finserv #,19.22,2984.70,-,-,-,-,-,-,19.22,2984.70,2025-01-09T13:29:31.585Z,2025-04-29T11:00:49.715Z,,,,UPI,upi-apps,2024,Feb,,,,en
3039,15,Airtel Payments Bank Apps,14.06,1028.15,-,-,-,0.17,0.01,0.03,14.07,1028.35,2025-01-09T13:29:31.585Z,2025-04-29T11:00:49.797Z,,,,UPI,upi-apps,2024,Feb,,,,en
3040,16,Mobikwik #,6.28,1793.84,-,-,-,-,-,-,6.28,1793.84,2025-01-09T13:29:31.585Z,2025-04-29T11:00:49.879Z,,,,UPI,upi-apps,2024,Feb,,,,en
3041,17,SBI Bank Apps,6.17,2350.42,-,-,0.03,1.03,-,-,6.20,2351.46,2025-01-09T13:29:31.585Z,2025-04-29T11:00:49.961Z,,,,UPI,upi-apps,2024,Feb,,,,en
3042,18,Groww #,5.78,3042.87,-,-,-,-,-,-,5.78,3042.87,2025-01-09T13:29:31.585Z,2025-04-29T11:00:50.044Z,,,,UPI,upi-apps,2024,Feb,,,,en
3043,19,Federal Bank Apps,5.74,717.81,-,-,-,-,-,-,5.74,717.81,2025-01-09T13:29:31.585Z,2025-04-29T11:00:50.127Z,,,,UPI,upi-apps,2024,Feb,,,,en
3044,20,Samsung Pay #,5.61,494.57,-,-,-,-,-,-,5.61,494.57,2025-01-09T13:29:31.585Z,2025-04-29T11:00:50.209Z,,,,UPI,upi-apps,2024,Feb,,,,en
3045,21,IDFC First Bank Apps,5.54,1440.44,-,-,-,-,-,-,5.54,1440.44,2025-01-09T13:29:31.585Z,2025-04-29T11:00:50.292Z,,,,UPI,upi-apps,2024,Feb,,,,en
3046,22,India Post Payments Bank Apps,5.38,608.29,-,-,-,-,-,-,5.38,608.29,2025-01-09T13:29:31.585Z,2025-04-29T11:00:50.373Z,,,,UPI,upi-apps,2024,Feb,,,,en
3047,23,Jupiter Money #,5.00,669.43,-,-,-,-,-,-,5.00,669.43,2025-01-09T13:29:31.585Z,2025-04-29T11:00:50.455Z,,,,UPI,upi-apps,2024,Feb,,,,en
3048,24,Standard Chartered Bank Apps,3.10,675.48,-,-,0.92,911.82,-,-,4.02,1587.30,2025-01-09T13:29:31.585Z,2025-04-29T11:00:50.536Z,,,,UPI,upi-apps,2024,Feb,,,,en
3049,25,Slice #,3.98,471.27,-,-,-,-,-,-,3.98,471.27,2025-01-09T13:29:31.585Z,2025-04-29T11:00:50.616Z,,,,UPI,upi-apps,2024,Feb,,,,en
3050,26,Deutsche Bank Apps,3.42,377.59,-,-,-,0.03,-,-,3.43,377.62,2025-01-09T13:29:31.585Z,2025-04-29T11:00:50.697Z,,,,UPI,upi-apps,2024,Feb,,,,en
3051,27,RBL Bank Apps,2.62,485.29,-,0.01,0.20,88.75,-,-,2.82,574.05,2025-01-09T13:29:31.585Z,2025-04-29T11:00:50.778Z,,,,UPI,upi-apps,2024,Feb,,,,en
3052,28,Canara Bank Apps,2.79,745.20,-,-,-,-,-,-,2.79,745.20,2025-01-09T13:29:31.585Z,2025-04-29T11:00:50.860Z,,,,UPI,upi-apps,2024,Feb,,,,en
3053,29,Freecharge #,1.65,416.00,-,-,-,0.19,-,-,1.65,416.19,2025-01-09T13:29:31.586Z,2025-04-29T11:00:50.942Z,,,,UPI,upi-apps,2024,Feb,,,,en
3054,30,Jio Payments Bank Apps,1.64,145.51,-,-,-,-,-,-,1.64,145.51,2025-01-09T13:29:31.586Z,2025-04-29T11:00:51.024Z,,,,UPI,upi-apps,2024,Feb,,,,en
3055,31,IndusInd Bank Apps,1.46,272.43,-,-,-,-,-,-,1.46,272.43,2025-01-09T13:29:31.586Z,2025-04-29T11:00:51.106Z,,,,UPI,upi-apps,2024,Feb,,,,en
3056,32,Navi #,1.42,68.62,-,-,-,-,-,-,1.42,68.62,2025-01-09T13:29:31.586Z,2025-04-29T11:00:51.186Z,,,,UPI,upi-apps,2024,Feb,,,,en
3057,33,Punjab National Bank Apps,1.36,359.72,-,-,-,-,-,-,1.36,359.72,2025-01-09T13:29:31.586Z,2025-04-29T11:00:51.270Z,,,,UPI,upi-apps,2024,Feb,,,,en
3058,34,Union Bank Of India Apps,1.20,483.59,-,-,-,-,-,-,1.20,483.59,2025-01-09T13:29:31.586Z,2025-04-29T11:00:51.353Z,,,,UPI,upi-apps,2024,Feb,,,,en
3059,35,Omnicard #,1.15,38.18,-,-,-,-,-,-,1.15,38.18,2025-01-09T13:29:31.586Z,2025-04-29T11:00:51.436Z,,,,UPI,upi-apps,2024,Feb,,,,en
3060,36,Bank of Baroda Apps,0.76,359.31,-,-,-,9.93,-,-,0.76,369.24,2025-01-09T13:29:31.586Z,2025-04-29T11:00:51.535Z,,,,UPI,upi-apps,2024,Feb,,,,en
3061,37,Au Small Finance Bank Apps,0.73,276.63,-,-,-,-,-,-,0.73,276.63,2025-01-09T13:29:31.586Z,2025-04-29T11:00:51.606Z,,,,UPI,upi-apps,2024,Feb,,,,en
3062,38,Central Bank of India Apps,0.72,165.64,-,-,-,-,-,-,0.72,165.64,2025-01-09T13:29:31.586Z,2025-04-29T11:00:51.684Z,,,,UPI,upi-apps,2024,Feb,,,,en
3063,39,Kiwi #,0.55,81.25,-,-,-,-,-,-,0.55,81.25,2025-01-09T13:29:31.586Z,2025-04-29T11:00:51.764Z,,,,UPI,upi-apps,2024,Feb,,,,en
3064,40,DBS Bank Apps,0.54,201.91,-,-,-,0.14,-,-,0.54,202.06,2025-01-09T13:29:31.586Z,2025-04-29T11:00:51.845Z,,,,UPI,upi-apps,2024,Feb,,,,en
3065,41,Indian Bank Apps,0.42,112.76,-,-,0.01,47.33,-,-,0.42,160.09,2025-01-09T13:29:31.586Z,2025-04-29T11:00:51.926Z,,,,UPI,upi-apps,2024,Feb,,,,en
3066,42,Timepay #,0.42,3.95,-,-,-,-,-,-,0.42,3.95,2025-01-09T13:29:31.586Z,2025-04-29T11:00:52.006Z,,,,UPI,upi-apps,2024,Feb,,,,en
3067,43,Karnataka Bank Apps,0.41,85.93,-,-,-,-,-,-,0.41,85.93,2025-01-09T13:29:31.586Z,2025-04-29T11:00:52.086Z,,,,UPI,upi-apps,2024,Feb,,,,en
3068,44,South Indian Bank Apps,0.36,104.62,-,-,-,-,-,-,0.36,104.62,2025-01-09T13:29:31.586Z,2025-04-29T11:00:52.164Z,,,,UPI,upi-apps,2024,Feb,,,,en
3069,45,Shri Ram One #,0.35,31.20,-,-,-,-,-,-,0.35,31.20,2025-01-09T13:29:31.586Z,2025-04-29T11:00:52.245Z,,,,UPI,upi-apps,2024,Feb,,,,en
3070,46,Fino Payments Bank Apps,0.30,38.14,-,-,-,-,-,-,0.30,38.14,2025-01-09T13:29:31.586Z,2025-04-29T11:00:52.325Z,,,,UPI,upi-apps,2024,Feb,,,,en
3071,47,Bank of India Apps,0.24,91.81,-,-,-,-,-,-,0.24,91.81,2025-01-09T13:29:31.586Z,2025-04-29T11:00:52.403Z,,,,UPI,upi-apps,2024,Feb,,,,en
3072,48,HSBC Bank Apps,0.21,116.46,-,0.06,-,-,-,-,0.21,116.52,2025-01-09T13:29:31.586Z,2025-04-29T11:00:52.483Z,,,,UPI,upi-apps,2024,Feb,,,,en
3073,49,Tata Neu #,0.20,17.14,-,-,-,-,-,-,0.20,17.14,2025-01-09T13:29:31.586Z,2025-04-29T11:00:52.562Z,,,,UPI,upi-apps,2024,Feb,,,,en
3074,50,Fave #,0.19,36.57,-,-,-,-,-,-,0.19,36.57,2025-01-09T13:29:31.586Z,2025-04-29T11:00:52.642Z,,,,UPI,upi-apps,2024,Feb,,,,en
3075,51,UCO Bank Apps,0.17,61.26,-,-,-,-,-,-,0.17,61.26,2025-01-09T13:29:31.586Z,2025-04-29T11:00:52.723Z,,,,UPI,upi-apps,2024,Feb,,,,en
3076,52,Tamilnad Mercantile Bank Apps,0.12,32.14,-,-,-,-,-,-,0.12,32.14,2025-01-09T13:29:31.586Z,2025-04-29T11:00:52.804Z,,,,UPI,upi-apps,2024,Feb,,,,en
3077,53,Indian Overseas Bank Apps,0.11,29.06,-,-,-,-,-,-,0.11,29.06,2025-01-09T13:29:31.586Z,2025-04-29T11:00:52.885Z,,,,UPI,upi-apps,2024,Feb,,,,en
3078,54,Digikhata #,0.10,35.77,-,-,-,-,-,-,0.10,35.77,2025-01-09T13:29:31.586Z,2025-04-29T11:00:52.968Z,,,,UPI,upi-apps,2024,Feb,,,,en
3079,55,LivQuik Apps #,0.09,28.75,-,-,-,-,-,-,0.09,28.75,2025-01-09T13:29:31.586Z,2025-04-29T11:00:53.049Z,,,,UPI,upi-apps,2024,Feb,,,,en
3080,56,City Union Bank Apps,0.08,24.75,-,-,-,-,-,-,0.08,24.75,2025-01-09T13:29:31.586Z,2025-04-29T11:00:53.130Z,,,,UPI,upi-apps,2024,Feb,,,,en
3081,57,Citi Bank Apps,0.07,70.14,-,-,-,-,-,-,0.07,70.14,2025-01-09T13:29:31.586Z,2025-04-29T11:00:53.211Z,,,,UPI,upi-apps,2024,Feb,,,,en
3082,58,IDBI Bank Apps,0.06,32.49,-,-,-,-,-,-,0.06,32.49,2025-01-09T13:29:31.586Z,2025-04-29T11:00:53.291Z,,,,UPI,upi-apps,2024,Feb,,,,en
3083,59,Dhani #,0.05,3.38,-,-,-,-,-,-,0.05,3.38,2025-01-09T13:29:31.586Z,2025-04-29T11:00:53.372Z,,,,UPI,upi-apps,2024,Feb,,,,en
3084,60,NSDL Payments Bank Apps,0.05,6.59,-,-,-,-,-,-,0.05,6.59,2025-01-09T13:29:31.586Z,2025-04-29T11:00:53.452Z,,,,UPI,upi-apps,2024,Feb,,,,en
3085,61,Karur Vysya Bank Apps,0.04,15.42,-,-,-,-,-,-,0.04,15.42,2025-01-09T13:29:31.586Z,2025-04-29T11:00:53.534Z,,,,UPI,upi-apps,2024,Feb,,,,en
3086,62,Bank of Maharashtra Apps,0.04,7.68,-,-,-,-,-,-,0.04,7.68,2025-01-09T13:29:31.586Z,2025-04-29T11:00:53.615Z,,,,UPI,upi-apps,2024,Feb,,,,en
3087,63,Equitas Small Apps,0.04,24.46,-,-,-,-,-,-,0.04,24.46,2025-01-09T13:29:31.586Z,2025-04-29T11:00:53.696Z,,,,UPI,upi-apps,2024,Feb,,,,en
3088,64,Flipkart UPI #,0.03,0.68,-,-,-,-,-,-,0.03,0.68,2025-01-09T13:29:31.586Z,2025-04-29T11:00:53.776Z,,,,UPI,upi-apps,2024,Feb,,,,en
3089,65,Punjab And Sind Bank Apps,0.02,10.71,-,-,-,-,-,-,0.02,10.71,2025-01-09T13:29:31.586Z,2025-04-29T11:00:53.857Z,,,,UPI,upi-apps,2024,Feb,,,,en
3090,66,Cheq,0.02,1.54,-,-,-,-,-,-,0.02,1.54,2025-01-09T13:29:31.586Z,2025-04-29T11:00:53.936Z,,,,UPI,upi-apps,2024,Feb,,,,en
3091,67,Niyo Global #,0.02,4.04,-,-,-,-,-,-,0.02,4.04,2025-01-09T13:29:31.586Z,2025-04-29T11:00:54.019Z,,,,UPI,upi-apps,2024,Feb,,,,en
3092,68,CBDC,0.83,61.46,-,-,0.10,2.67,-,-,0.94,64.13,2025-01-09T13:29:31.586Z,2025-04-29T11:00:54.099Z,,,,UPI,upi-apps,2024,Feb,,,,en
3093,69,Others,0.03,12.13,-,-,-,2.04,-,-,0.03,14.17,2025-01-09T13:29:31.586Z,2025-04-29T11:00:54.180Z,,,,UPI,upi-apps,2024,Feb,,,,en
3094,1,PhonePe,6502.15,1002387.84,-,-,-,-,-,-,6502.15,1002387.84,2025-01-09T13:34:28.700Z,2025-04-29T11:00:54.259Z,,,,UPI,upi-apps,2024,Mar,,,,en
3095,2,Google Pay,5061.18,695196.05,-,-,-,-,-,-,5061.18,695196.05,2025-01-09T13:34:28.700Z,2025-04-29T11:00:54.340Z,,,,UPI,upi-apps,2024,Mar,,,,en
3096,3,Paytm,1210.64,133707.06,-,0.01,-,-,19.40,699.77,1230.04,134406.85,2025-01-09T13:34:28.700Z,2025-04-29T11:00:54.421Z,,,,UPI,upi-apps,2024,Mar,,,,en
3097,4,Cred,132.31,44991.57,-,-,-,-,-,-,132.31,44991.57,2025-01-09T13:34:28.700Z,2025-04-29T11:00:54.500Z,,,,UPI,upi-apps,2024,Mar,,,,en
3098,5,Axis Bank Apps,13.59,3044.92,81.00,4389.01,0.01,1.99,-,-,94.60,7435.92,2025-01-09T13:34:28.700Z,2025-04-29T11:00:54.580Z,,,,UPI,upi-apps,2024,Mar,,,,en
3099,6,Amazon Pay,65.35,6772.89,-,-,-,-,-,-,65.35,6772.89,2025-01-09T13:34:28.700Z,2025-04-29T11:00:54.660Z,,,,UPI,upi-apps,2024,Mar,,,,en
3100,7,ICICI Bank Apps,33.54,14491.28,4.54,397.58,7.90,11608.08,-,-,45.98,26496.95,2025-01-09T13:34:28.700Z,2025-04-29T11:00:54.741Z,,,,UPI,upi-apps,2024,Mar,,,,en
3101,8,Fampay,43.69,528.01,-,-,-,-,-,-,43.69,528.01,2025-01-09T13:34:28.700Z,2025-04-29T11:00:54.821Z,,,,UPI,upi-apps,2024,Mar,,,,en
3102,9,Kotak Mahindra Bank Apps,39.14,5763.37,-,-,-,-,-,-,39.14,5763.37,2025-01-09T13:34:28.700Z,2025-04-29T11:00:54.900Z,,,,UPI,upi-apps,2024,Mar,,,,en
3103,10,HDFC Bank Apps,33.07,7289.09,1.95,3.72,0.01,0.26,-,-,35.03,7293.07,2025-01-09T13:34:28.700Z,2025-04-29T11:00:54.979Z,,,,UPI,upi-apps,2024,Mar,,,,en
3104,11,WhatsApp,31.21,2536.99,-,-,-,-,-,-,31.21,2536.99,2025-01-09T13:34:28.700Z,2025-04-29T11:00:55.059Z,,,,UPI,upi-apps,2024,Mar,,,,en
3105,12,BHIM,30.04,8339.37,-,-,-,-,-,-,30.04,8339.37,2025-01-09T13:34:28.700Z,2025-04-29T11:00:55.139Z,,,,UPI,upi-apps,2024,Mar,,,,en
3106,13,Yes Bank Apps,24.13,13833.30,-,-,0.32,35.80,-,-,24.45,13869.10,2025-01-09T13:34:28.700Z,2025-04-29T11:00:55.218Z,,,,UPI,upi-apps,2024,Mar,,,,en
3107,14,Airtel Payments Bank Apps,15.64,1162.62,-,-,-,0.20,0.37,44.20,16.01,1207.02,2025-01-09T13:34:28.700Z,2025-04-29T11:00:55.303Z,,,,UPI,upi-apps,2024,Mar,,,,en
3108,15,Bajaj Finserv,15.81,2803.20,-,-,-,-,-,-,15.81,2803.20,2025-01-09T13:34:28.700Z,2025-04-29T11:00:55.383Z,,,,UPI,upi-apps,2024,Mar,,,,en
3109,16,Mobikwik,8.27,2190.01,-,-,-,-,-,-,8.27,2190.01,2025-01-09T13:34:28.700Z,2025-04-29T11:00:55.465Z,,,,UPI,upi-apps,2024,Mar,,,,en
3110,17,India Post Payments Bank Apps,6.82,851.01,-,-,-,-,-,-,6.82,851.01,2025-01-09T13:34:28.700Z,2025-04-29T11:00:55.547Z,,,,UPI,upi-apps,2024,Mar,,,,en
3111,18,Groww,6.72,3539.14,-,-,-,-,-,-,6.72,3539.14,2025-01-09T13:34:28.700Z,2025-04-29T11:00:55.627Z,,,,UPI,upi-apps,2024,Mar,,,,en
3112,19,State Bank of India Apps,6.59,2394.79,-,-,0.04,1.08,-,-,6.63,2395.88,2025-01-09T13:34:28.700Z,2025-04-29T11:00:55.706Z,,,,UPI,upi-apps,2024,Mar,,,,en
3113,20,IDFC Bank Apps,6.41,1581.28,-,-,-,-,-,-,6.41,1581.28,2025-01-09T13:34:28.700Z,2025-04-29T11:00:55.786Z,,,,UPI,upi-apps,2024,Mar,,,,en
3114,21,Samsung Pay,6.24,530.80,-,-,-,-,-,-,6.24,530.80,2025-01-09T13:34:28.700Z,2025-04-29T11:00:55.866Z,,,,UPI,upi-apps,2024,Mar,,,,en
3115,22,Jupiter,5.57,709.07,-,-,-,-,-,-,5.57,709.07,2025-01-09T13:34:28.700Z,2025-04-29T11:00:55.946Z,,,,UPI,upi-apps,2024,Mar,,,,en
3116,23,Flipkart,5.00,197.24,-,-,-,-,-,-,5.00,197.24,2025-01-09T13:34:28.700Z,2025-04-29T11:00:56.028Z,,,,UPI,upi-apps,2024,Mar,,,,en
3117,24,Deutsche Bank Apps,3.30,453.57,-,-,-,0.02,-,-,3.30,453.59,2025-01-09T13:34:28.700Z,2025-04-29T11:00:56.108Z,,,,UPI,upi-apps,2024,Mar,,,,en
3118,25,Federal Bank Apps,6.11,806.45,-,-,-,0.01,-,-,6.11,806.46,2025-01-09T13:34:28.700Z,2025-04-29T11:00:56.187Z,,,,UPI,upi-apps,2024,Mar,,,,en
3119,26,Canara Bank Apps,3.10,798.84,-,-,-,-,-,-,3.10,798.84,2025-01-09T13:34:28.700Z,2025-04-29T11:00:56.267Z,,,,UPI,upi-apps,2024,Mar,,,,en
3120,27,Navi,3.00,94.29,-,-,-,-,-,-,3.00,94.29,2025-01-09T13:34:28.700Z,2025-04-29T11:00:56.349Z,,,,UPI,upi-apps,2024,Mar,,,,en
3121,28,Slice,5.22,538.12,-,-,-,-,-,-,5.22,538.12,2025-01-09T13:34:28.700Z,2025-04-29T11:00:56.430Z,,,,UPI,upi-apps,2024,Mar,,,,en
3122,29,Jio Payments Bank Apps,1.87,161.87,-,-,-,-,-,-,1.87,161.87,2025-01-09T13:34:28.700Z,2025-04-29T11:00:56.511Z,,,,UPI,upi-apps,2024,Mar,,,,en
3123,30,Indian Bank Apps,1.85,340.92,-,-,0.01,43.86,-,-,1.86,384.79,2025-01-09T13:34:28.700Z,2025-04-29T11:00:56.591Z,,,,UPI,upi-apps,2024,Mar,,,,en
3124,31,RBL Bank Apps,1.56,366.34,-,0.02,0.27,99.89,-,-,1.83,466.25,2025-01-09T13:34:28.700Z,2025-04-29T11:00:56.672Z,,,,UPI,upi-apps,2024,Mar,,,,en
3125,32,Punjab National Bank Apps,1.67,411.13,-,-,-,-,-,-,1.67,411.13,2025-01-09T13:34:28.700Z,2025-04-29T11:00:56.752Z,,,,UPI,upi-apps,2024,Mar,,,,en
3126,33,Timepay,1.37,18.50,-,-,-,0.02,-,-,1.37,18.52,2025-01-09T13:34:28.700Z,2025-04-29T11:00:56.833Z,,,,UPI,upi-apps,2024,Mar,,,,en
3127,34,Union Bank Apps,1.35,517.15,-,-,-,0.01,-,-,1.35,517.16,2025-01-09T13:34:28.700Z,2025-04-29T11:00:56.912Z,,,,UPI,upi-apps,2024,Mar,,,,en
3128,35,Omnicard,1.29,44.84,-,-,-,-,-,-,1.29,44.84,2025-01-09T13:34:28.700Z,2025-04-29T11:00:56.994Z,,,,UPI,upi-apps,2024,Mar,,,,en
3129,36,Bank of Baroda Apps,0.95,419.08,-,-,-,7.73,-,-,0.95,426.81,2025-01-09T13:34:28.700Z,2025-04-29T11:00:57.074Z,,,,UPI,upi-apps,2024,Mar,,,,en
3130,37,Central Bank of India Apps,0.86,195.46,-,-,-,-,-,-,0.86,195.46,2025-01-09T13:34:28.700Z,2025-04-29T11:00:57.153Z,,,,UPI,upi-apps,2024,Mar,,,,en
3131,38,AU Small Finance Bank Apps,0.78,279.91,-,-,-,-,-,-,0.78,279.91,2025-01-09T13:34:28.700Z,2025-04-29T11:00:57.232Z,,,,UPI,upi-apps,2024,Mar,,,,en
3132,39,Gokiwi,0.70,100.10,-,-,-,-,-,-,0.70,100.10,2025-01-09T13:34:28.700Z,2025-04-29T11:00:57.312Z,,,,UPI,upi-apps,2024,Mar,,,,en
3133,40,DBS Digibank Apps,0.51,202.89,-,-,-,0.29,-,-,0.51,203.18,2025-01-09T13:34:28.700Z,2025-04-29T11:00:57.391Z,,,,UPI,upi-apps,2024,Mar,,,,en
3134,41,Shriram One,0.48,38.71,-,-,-,-,-,-,0.48,38.71,2025-01-09T13:34:28.700Z,2025-04-29T11:00:57.473Z,,,,UPI,upi-apps,2024,Mar,,,,en
3135,42,South Indian Bank Apps,0.40,120.88,-,-,-,-,-,-,0.40,120.88,2025-01-09T13:34:28.700Z,2025-04-29T11:00:57.555Z,,,,UPI,upi-apps,2024,Mar,,,,en
3136,43,Fino Payments bank Apps,0.39,50.97,-,-,-,-,-,-,0.39,50.97,2025-01-09T13:34:28.700Z,2025-04-29T11:00:57.635Z,,,,UPI,upi-apps,2024,Mar,,,,en
3137,44,IndusInd Bank Apps,1.39,228.02,-,-,-,0.12,-,-,1.39,228.14,2025-01-09T13:34:28.700Z,2025-04-29T11:00:57.717Z,,,,UPI,upi-apps,2024,Mar,,,,en
3138,45,HSBC Bank Apps,0.31,138.16,-,0.06,-,-,-,-,0.31,138.22,2025-01-09T13:34:28.700Z,2025-04-29T11:00:57.798Z,,,,UPI,upi-apps,2024,Mar,,,,en
3139,46,TataNeu,0.25,25.46,-,-,-,-,-,-,0.25,25.46,2025-01-09T13:34:28.700Z,2025-04-29T11:00:57.879Z,,,,UPI,upi-apps,2024,Mar,,,,en
3140,47,Bank of India Apps,0.20,78.81,-,-,-,-,-,-,0.20,78.81,2025-01-09T13:34:28.700Z,2025-04-29T11:00:57.958Z,,,,UPI,upi-apps,2024,Mar,,,,en
3141,48,Standard Chartered Bank Apps,0.19,115.77,-,-,-,1.11,-,-,0.19,116.88,2025-01-09T13:34:28.700Z,2025-04-29T11:00:58.039Z,,,,UPI,upi-apps,2024,Mar,,,,en
3142,49,Dhani,0.19,5.98,-,-,-,-,-,-,0.19,5.98,2025-01-09T13:34:28.700Z,2025-04-29T11:00:58.118Z,,,,UPI,upi-apps,2024,Mar,,,,en
3143,50,UCO Bank Apps,0.18,56.32,-,-,-,-,-,-,0.18,56.32,2025-01-09T13:34:28.700Z,2025-04-29T11:00:58.198Z,,,,UPI,upi-apps,2024,Mar,,,,en
3144,51,Karnataka Bank Apps,0.16,25.58,-,-,-,-,-,-,0.16,25.58,2025-01-09T13:34:28.700Z,2025-04-29T11:00:58.317Z,,,,UPI,upi-apps,2024,Mar,,,,en
3145,52,Jupiter Edge,0.14,32.22,-,-,-,-,-,-,0.14,32.22,2025-01-09T13:34:28.700Z,2025-04-29T11:00:58.489Z,,,,UPI,upi-apps,2024,Mar,,,,en
3146,53,Digikhata,0.13,48.01,-,-,-,-,-,-,0.13,48.01,2025-01-09T13:34:28.700Z,2025-04-29T11:00:58.571Z,,,,UPI,upi-apps,2024,Mar,,,,en
3147,54,Indian Overseas Bank Apps,0.11,30.44,-,-,-,-,-,-,0.11,30.44,2025-01-09T13:34:28.700Z,2025-04-29T11:00:58.652Z,,,,UPI,upi-apps,2024,Mar,,,,en
3148,55,Tamilnad Mercantile Bank Apps,0.10,28.72,-,-,-,-,-,-,0.10,28.72,2025-01-09T13:34:28.700Z,2025-04-29T11:00:58.734Z,,,,UPI,upi-apps,2024,Mar,,,,en
3149,56,Ultracash,0.09,6.57,-,-,-,-,-,-,0.09,6.57,2025-01-09T13:34:28.700Z,2025-04-29T11:00:58.816Z,,,,UPI,upi-apps,2024,Mar,,,,en
3150,57,Citi Bank Apps,0.09,66.70,-,-,-,0.01,-,-,0.09,66.71,2025-01-09T13:34:28.700Z,2025-04-29T11:00:58.896Z,,,,UPI,upi-apps,2024,Mar,,,,en
3151,58,City Union Bank Apps,0.08,26.73,-,-,-,-,-,-,0.08,26.73,2025-01-09T13:34:28.700Z,2025-04-29T11:00:58.978Z,,,,UPI,upi-apps,2024,Mar,,,,en
3152,59,NSDL Payments Bank Apps,0.07,10.57,-,-,-,-,-,-,0.07,10.57,2025-01-09T13:34:28.700Z,2025-04-29T11:00:59.059Z,,,,UPI,upi-apps,2024,Mar,,,,en
3153,60,Bank of Maharashtra Apps,0.05,11.60,-,-,-,0.07,-,-,0.05,11.67,2025-01-09T13:34:28.700Z,2025-04-29T11:00:59.139Z,,,,UPI,upi-apps,2024,Mar,,,,en
3154,61,Karur Vysya Bank Apps,0.05,17.68,-,-,-,-,-,-,0.05,17.68,2025-01-09T13:34:28.700Z,2025-04-29T11:00:59.218Z,,,,UPI,upi-apps,2024,Mar,,,,en
3155,62,Equitas Small Finance Bank Apps,0.04,26.62,-,-,-,-,-,-,0.04,26.62,2025-01-09T13:34:28.700Z,2025-04-29T11:00:59.296Z,,,,UPI,upi-apps,2024,Mar,,,,en
3156,63,MakeMyTrip,0.03,18.75,-,-,-,-,-,-,0.03,18.75,2025-01-09T13:34:28.700Z,2025-04-29T11:00:59.375Z,,,,UPI,upi-apps,2024,Mar,,,,en
3157,64,Go Niyo,0.03,12.86,-,-,-,-,-,-,0.03,12.86,2025-01-09T13:34:28.700Z,2025-04-29T11:00:59.466Z,,,,UPI,upi-apps,2024,Mar,,,,en
3158,65,Allahabad Bank Apps,0.03,6.32,-,-,-,-,-,-,0.03,6.32,2025-01-09T13:34:28.700Z,2025-04-29T11:00:59.541Z,,,,UPI,upi-apps,2024,Mar,,,,en
3159,66,Other Apps,1.07,109.12,-,-,0.14,3.94,-,-,1.21,113.06,2025-01-09T13:34:28.700Z,2025-04-29T11:00:59.620Z,,,,UPI,upi-apps,2024,Mar,,,,en
3160,1,PhonePe,6500.14,1001679.63,-,-,-,-,-,-,6500.14,1001679.63,2025-01-09T13:43:47.521Z,2025-04-29T11:00:59.699Z,,,,UPI,upi-apps,2024,Apr,,,,en
3161,2,Google Pay,5027.32,694189.68,-,-,-,-,-,-,5027.32,694189.68,2025-01-09T13:43:47.521Z,2025-04-29T11:00:59.782Z,,,,UPI,upi-apps,2024,Apr,,,,en
3162,3,Paytm,1117.13,122554.24,-,0.01,-,-,-,-,1117.13,122554.25,2025-01-09T13:43:47.521Z,2025-04-29T11:00:59.862Z,,,,UPI,upi-apps,2024,Apr,,,,en
3163,4,Cred,138.46,43233.21,-,-,-,-,-,-,138.46,43233.21,2025-01-09T13:43:47.521Z,2025-04-29T11:00:59.943Z,,,,UPI,upi-apps,2024,Apr,,,,en
3164,5,Axis Bank Apps,13.53,3313.28,56.27,3168.22,0.01,1.74,-,-,69.80,6483.24,2025-01-09T13:43:47.521Z,2025-04-29T11:01:00.028Z,,,,UPI,upi-apps,2024,Apr,,,,en
3166,6,Amazon Pay,64.33,6784.82,-,-,-,-,-,-,64.33,6784.82,2025-01-09T13:43:47.521Z,2025-04-29T11:01:00.193Z,,,,UPI,upi-apps,2024,Apr,,,,en
3165,7,ICICI Bank Apps,35.39,14357.18,3.57,336.49,8.45,11945.21,-,-,47.41,26638.88,2025-01-09T13:43:47.521Z,2025-04-29T11:01:00.109Z,,,,UPI,upi-apps,2024,Apr,,,,en
3167,8,Fampay,46.64,588.00,-,-,-,-,-,-,46.64,588.00,2025-01-09T13:43:47.521Z,2025-04-29T11:01:00.275Z,,,,UPI,upi-apps,2024,Apr,,,,en
3168,9,Kotak Mahindra Bank Apps,41.54,6101.88,-,-,-,-,-,-,41.54,6101.88,2025-01-09T13:43:47.521Z,2025-04-29T11:01:00.356Z,,,,UPI,upi-apps,2024,Apr,,,,en
3169,10,HDFC Bank Apps,35.99,7689.44,-,-,0.01,0.32,-,-,35.99,7689.76,2025-01-09T13:43:47.521Z,2025-04-29T11:01:00.438Z,,,,UPI,upi-apps,2024,Apr,,,,en
3170,11,WhatsApp,34.12,2815.68,-,-,-,-,-,-,34.12,2815.68,2025-01-09T13:43:47.521Z,2025-04-29T11:01:00.518Z,,,,UPI,upi-apps,2024,Apr,,,,en
3171,12,BHIM,25.48,8670.52,-,-,-,-,-,-,25.48,8670.52,2025-01-09T13:43:47.521Z,2025-04-29T11:01:00.599Z,,,,UPI,upi-apps,2024,Apr,,,,en
3172,13,Yes Bank Apps,21.99,11978.36,-,-,0.27,31.04,-,-,22.26,12009.40,2025-01-09T13:43:47.521Z,2025-04-29T11:01:00.684Z,,,,UPI,upi-apps,2024,Apr,,,,en
3173,14,Airtel Payments Bank Apps,16.19,1243.65,-,-,-,0.40,-,0.09,16.19,1244.14,2025-01-09T13:43:47.521Z,2025-04-29T11:01:00.765Z,,,,UPI,upi-apps,2024,Apr,,,,en
3174,15,Navi,15.10,402.92,-,-,-,-,-,-,15.10,402.92,2025-01-09T13:43:47.521Z,2025-04-29T11:01:00.847Z,,,,UPI,upi-apps,2024,Apr,,,,en
3175,16,Bajaj Finserv,10.29,1819.55,-,-,-,-,-,-,10.29,1819.55,2025-01-09T13:43:47.521Z,2025-04-29T11:01:00.928Z,,,,UPI,upi-apps,2024,Apr,,,,en
3176,17,Mobikwik,9.76,2248.19,-,-,-,-,-,-,9.76,2248.19,2025-01-09T13:43:47.521Z,2025-04-29T11:01:01.011Z,,,,UPI,upi-apps,2024,Apr,,,,en
3177,18,Groww,8.02,5452.72,-,-,-,-,-,-,8.02,5452.72,2025-01-09T13:43:47.521Z,2025-04-29T11:01:01.093Z,,,,UPI,upi-apps,2024,Apr,,,,en
3178,19,Slice,7.51,608.62,-,-,-,-,-,-,7.51,608.62,2025-01-09T13:43:47.521Z,2025-04-29T11:01:01.174Z,,,,UPI,upi-apps,2024,Apr,,,,en
3179,20,State Bank of India Apps,6.49,2385.64,-,-,0.04,1.14,-,-,6.53,2386.79,2025-01-09T13:43:47.521Z,2025-04-29T11:01:01.254Z,,,,UPI,upi-apps,2024,Apr,,,,en
3180,21,IDFC Bank Apps,6.45,1581.78,-,-,-,-,-,-,6.45,1581.78,2025-01-09T13:43:47.521Z,2025-04-29T11:01:01.335Z,,,,UPI,upi-apps,2024,Apr,,,,en
3181,22,Samsung Pay,6.30,527.40,-,-,-,-,-,-,6.30,527.40,2025-01-09T13:43:47.521Z,2025-04-29T11:01:01.416Z,,,,UPI,upi-apps,2024,Apr,,,,en
3182,23,Federal Bank Apps,6.14,821.80,-,-,-,-,-,-,6.14,821.80,2025-01-09T13:43:47.521Z,2025-04-29T11:01:01.496Z,,,,UPI,upi-apps,2024,Apr,,,,en
3183,24,Jupiter,5.92,710.69,-,-,-,-,-,-,5.92,710.69,2025-01-09T13:43:47.521Z,2025-04-29T11:01:01.575Z,,,,UPI,upi-apps,2024,Apr,,,,en
3184,25,India Post Payments Bank Apps,5.08,687.52,-,-,-,-,-,-,5.08,687.52,2025-01-09T13:43:47.521Z,2025-04-29T11:01:01.655Z,,,,UPI,upi-apps,2024,Apr,,,,en
3185,26,Flipkart UPI,3.46,174.73,-,-,-,-,-,-,3.46,174.73,2025-01-09T13:43:47.521Z,2025-04-29T11:01:01.735Z,,,,UPI,upi-apps,2024,Apr,,,,en
3186,27,Deutsche Bank Apps,3.28,441.56,-,-,-,0.02,-,-,3.28,441.58,2025-01-09T13:43:47.521Z,2025-04-29T11:01:01.815Z,,,,UPI,upi-apps,2024,Apr,,,,en
3187,28,Canara Bank Apps,3.03,812.15,-,-,-,-,-,-,3.03,812.15,2025-01-09T13:43:47.521Z,2025-04-29T11:01:01.896Z,,,,UPI,upi-apps,2024,Apr,,,,en
3188,29,Timepay,2.15,24.14,-,-,-,0.10,-,-,2.16,24.25,2025-01-09T13:43:47.521Z,2025-04-29T11:01:01.977Z,,,,UPI,upi-apps,2024,Apr,,,,en
3189,30,Jio Payments Bank Apps,1.87,164.17,-,-,-,-,-,-,1.87,164.17,2025-01-09T13:43:47.521Z,2025-04-29T11:01:02.058Z,,,,UPI,upi-apps,2024,Apr,,,,en
3190,31,Punjab National Bank Apps,1.66,419.99,-,-,-,-,-,-,1.66,419.99,2025-01-09T13:43:47.521Z,2025-04-29T11:01:02.138Z,,,,UPI,upi-apps,2024,Apr,,,,en
3191,32,RBL Bank Apps,1.46,529.18,-,0.01,0.11,117.10,-,-,1.57,646.29,2025-01-09T13:43:47.521Z,2025-04-29T11:01:02.216Z,,,,UPI,upi-apps,2024,Apr,,,,en
3192,33,Indian Bank Apps,1.50,310.69,-,-,-,6.71,-,-,1.50,317.40,2025-01-09T13:43:47.521Z,2025-04-29T11:01:02.297Z,,,,UPI,upi-apps,2024,Apr,,,,en
3193,34,Union Bank Apps,1.25,525.02,-,-,-,-,-,-,1.25,525.02,2025-01-09T13:43:47.521Z,2025-04-29T11:01:02.378Z,,,,UPI,upi-apps,2024,Apr,,,,en
3194,35,Omnicard,1.06,37.27,-,-,-,-,-,-,1.06,37.27,2025-01-09T13:43:47.521Z,2025-04-29T11:01:02.458Z,,,,UPI,upi-apps,2024,Apr,,,,en
3195,36,Bank of Baroda Apps,0.99,459.50,-,-,-,8.27,-,-,0.99,467.77,2025-01-09T13:43:47.521Z,2025-04-29T11:01:02.540Z,,,,UPI,upi-apps,2024,Apr,,,,en
3196,37,Central Bank of India Apps,0.89,204.45,-,-,-,-,-,-,0.89,204.45,2025-01-09T13:43:47.521Z,2025-04-29T11:01:02.620Z,,,,UPI,upi-apps,2024,Apr,,,,en
3197,38,AU Small Finance Bank Apps,0.80,257.99,-,-,-,-,-,-,0.80,257.99,2025-01-09T13:43:47.521Z,2025-04-29T11:01:02.700Z,,,,UPI,upi-apps,2024,Apr,,,,en
3198,39,Go Kiwi,0.58,92.87,-,-,-,-,-,-,0.58,92.87,2025-01-09T13:43:47.521Z,2025-04-29T11:01:02.782Z,,,,UPI,upi-apps,2024,Apr,,,,en
3199,40,DBS Digibank Apps,0.46,182.52,-,-,-,0.38,-,-,0.47,182.89,2025-01-09T13:43:47.521Z,2025-04-29T11:01:02.862Z,,,,UPI,upi-apps,2024,Apr,,,,en
3200,41,South Indian Bank Apps,0.43,129.71,-,-,-,-,-,-,0.43,129.71,2025-01-09T13:43:47.521Z,2025-04-29T11:01:02.942Z,,,,UPI,upi-apps,2024,Apr,,,,en
3201,42,Shriram One,0.40,37.49,-,-,-,-,-,-,0.40,37.49,2025-01-09T13:43:47.521Z,2025-04-29T11:01:03.023Z,,,,UPI,upi-apps,2024,Apr,,,,en
3202,43,Fino Payments bank Apps,0.35,49.47,-,-,-,-,-,-,0.35,49.47,2025-01-09T13:43:47.521Z,2025-04-29T11:01:03.104Z,,,,UPI,upi-apps,2024,Apr,,,,en
3203,44,IndusInd Bank Apps,1.06,191.64,-,-,-,0.26,-,-,1.06,191.90,2025-01-09T13:43:47.521Z,2025-04-29T11:01:03.186Z,,,,UPI,upi-apps,2024,Apr,,,,en
3204,45,HSBC Bank Apps,0.32,126.55,-,0.05,-,-,-,-,0.32,126.59,2025-01-09T13:43:47.521Z,2025-04-29T11:01:03.266Z,,,,UPI,upi-apps,2024,Apr,,,,en
3205,46,TataNeu,0.32,34.06,-,-,-,-,-,-,0.32,34.06,2025-01-09T13:43:47.521Z,2025-04-29T11:01:03.346Z,,,,UPI,upi-apps,2024,Apr,,,,en
3206,47,Bank of India Apps,0.21,87.25,-,-,-,-,-,-,0.21,87.25,2025-01-09T13:43:47.521Z,2025-04-29T11:01:03.426Z,,,,UPI,upi-apps,2024,Apr,,,,en
3207,48,Standard Chartered Bank Apps,0.16,105.48,-,-,-,0.03,-,-,0.16,105.51,2025-01-09T13:43:47.521Z,2025-04-29T11:01:03.506Z,,,,UPI,upi-apps,2024,Apr,,,,en
3208,49,UCO Bank Apps,0.16,54.30,-,-,-,-,-,-,0.16,54.30,2025-01-09T13:43:47.521Z,2025-04-29T11:01:03.588Z,,,,UPI,upi-apps,2024,Apr,,,,en
3209,50,Digikhata,0.15,51.08,-,-,-,-,-,-,0.15,51.08,2025-01-09T13:43:47.521Z,2025-04-29T11:01:03.667Z,,,,UPI,upi-apps,2024,Apr,,,,en
3210,51,Karnataka Bank Apps,0.15,27.18,-,-,-,-,-,-,0.15,27.18,2025-01-09T13:43:47.521Z,2025-04-29T11:01:03.746Z,,,,UPI,upi-apps,2024,Apr,,,,en
3211,52,Jupiter Edge,0.14,22.88,-,-,-,-,-,-,0.14,22.88,2025-01-09T13:43:47.521Z,2025-04-29T11:01:03.829Z,,,,UPI,upi-apps,2024,Apr,,,,en
3212,53,Dhani,0.13,7.44,-,-,-,-,-,-,0.13,7.44,2025-01-09T13:43:47.521Z,2025-04-29T11:01:03.908Z,,,,UPI,upi-apps,2024,Apr,,,,en
3213,54,Indian Overseas Bank Apps,0.11,30.10,-,-,-,-,-,-,0.11,30.10,2025-01-09T13:43:47.521Z,2025-04-29T11:01:03.988Z,,,,UPI,upi-apps,2024,Apr,,,,en
3214,55,Ultracash,0.09,6.16,-,-,-,-,-,-,0.09,6.16,2025-01-09T13:43:47.521Z,2025-04-29T11:01:04.076Z,,,,UPI,upi-apps,2024,Apr,,,,en
3215,56,Tamilnad Mercantile Bank Apps,0.09,24.69,-,-,-,-,-,-,0.09,24.69,2025-01-09T13:43:47.521Z,2025-04-29T11:01:04.152Z,,,,UPI,upi-apps,2024,Apr,,,,en
3216,57,City Union Bank Apps,0.08,26.60,-,-,-,-,-,-,0.08,26.60,2025-01-09T13:43:47.521Z,2025-04-29T11:01:04.236Z,,,,UPI,upi-apps,2024,Apr,,,,en
3217,58,NSDL Payments Bank Apps,0.08,11.88,-,-,-,-,-,-,0.08,11.88,2025-01-09T13:43:47.521Z,2025-04-29T11:01:04.317Z,,,,UPI,upi-apps,2024,Apr,,,,en
3218,59,Citi Bank Apps,0.06,69.18,-,-,-,0.01,-,-,0.06,69.19,2025-01-09T13:43:47.521Z,2025-04-29T11:01:04.399Z,,,,UPI,upi-apps,2024,Apr,,,,en
3219,60,IDBI Bank Apps,0.06,20.15,-,-,-,-,-,-,0.06,20.15,2025-01-09T13:43:47.521Z,2025-04-29T11:01:04.481Z,,,,UPI,upi-apps,2024,Apr,,,,en
3220,61,Bank of Maharashtra Apps,0.06,13.96,-,-,-,0.10,-,-,0.06,14.06,2025-01-09T13:43:47.521Z,2025-04-29T11:01:04.561Z,,,,UPI,upi-apps,2024,Apr,,,,en
3221,62,Karur Vysya Bank Apps,0.05,18.94,-,-,-,-,-,-,0.05,18.94,2025-01-09T13:43:47.521Z,2025-04-29T11:01:04.641Z,,,,UPI,upi-apps,2024,Apr,,,,en
3222,63,MakeMyTrip,0.04,19.32,-,-,-,-,-,-,0.04,19.32,2025-01-09T13:43:47.521Z,2025-04-29T11:01:04.721Z,,,,UPI,upi-apps,2024,Apr,,,,en
3223,64,Go Niyo,0.04,16.77,-,-,-,-,-,-,0.04,16.77,2025-01-09T13:43:47.521Z,2025-04-29T11:01:04.801Z,,,,UPI,upi-apps,2024,Apr,,,,en
3224,65,Equitas Small Finance Bank Apps,0.03,25.52,-,-,-,-,-,-,0.03,25.52,2025-01-09T13:43:47.521Z,2025-04-29T11:01:04.880Z,,,,UPI,upi-apps,2024,Apr,,,,en
3225,66,Punjab Sind Bank Apps,0.03,12.15,-,-,-,-,-,-,0.03,12.15,2025-01-09T13:43:47.521Z,2025-04-29T11:01:04.959Z,,,,UPI,upi-apps,2024,Apr,,,,en
3226,67,Allahabad Bank Apps,0.02,6.18,-,-,-,-,-,-,0.02,6.18,2025-01-09T13:43:47.521Z,2025-04-29T11:01:05.039Z,,,,UPI,upi-apps,2024,Apr,,,,en
3227,68,Fave,0.02,1.16,-,-,-,-,-,-,0.02,1.16,2025-01-09T13:43:47.521Z,2025-04-29T11:01:05.119Z,,,,UPI,upi-apps,2024,Apr,,,,en
3228,69,Cheq,0.01,1.13,-,-,-,-,-,-,0.01,1.13,2025-01-09T13:43:47.521Z,2025-04-29T11:01:05.199Z,,,,UPI,upi-apps,2024,Apr,,,,en
3229,70,Other Apps,1.03,108.18,-,-,0.15,4.42,-,-,1.18,112.60,2025-01-09T13:43:47.521Z,2025-04-29T11:01:05.278Z,,,,UPI,upi-apps,2024,Apr,,,,en
3230,1,PhonePe,6831.92,1033588.80,-,-,-,-,-,-,6831.92,1033588.80,2025-01-09T13:52:18.675Z,2025-04-29T11:01:05.358Z,,,,UPI,upi-apps,2024,May,,,,en
3231,2,Google Pay,5219.56,723315.70,-,-,-,-,-,-,5219.56,723315.70,2025-01-09T13:52:18.675Z,2025-04-29T11:01:05.438Z,,,,UPI,upi-apps,2024,May,,,,en
3232,3,Paytm,1140.01,124704.79,-,-,-,-,-,-,1140.01,124704.80,2025-01-09T13:52:18.675Z,2025-04-29T11:01:05.518Z,,,,UPI,upi-apps,2024,May,,,,en
3233,4,Cred,140.08,47547.15,-,-,-,-,-,-,140.08,47547.15,2025-01-09T13:52:18.675Z,2025-04-29T11:01:05.597Z,,,,UPI,upi-apps,2024,May,,,,en
3234,5,Amazon Pay,68.34,7419.41,-,-,-,-,-,-,68.34,7419.41,2025-01-09T13:52:18.675Z,2025-04-29T11:01:05.677Z,,,,UPI,upi-apps,2024,May,,,,en
3235,6,Axis Bank Apps,14.15,3722.58,49.93,2184.74,0.01,2.89,-,-,64.08,5910.20,2025-01-09T13:52:18.675Z,2025-04-29T11:01:05.770Z,,,,UPI,upi-apps,2024,May,,,,en
3236,7,ICICI Bank Apps,38.50,15332.69,4.22,449.37,9.37,12661.97,-,-,52.10,28444.03,2025-01-09T13:52:18.675Z,2025-04-29T11:01:05.839Z,,,,UPI,upi-apps,2024,May,,,,en
3237,8,FamApp by Trio,50.10,630.89,-,-,-,-,-,-,50.10,630.89,2025-01-09T13:52:18.675Z,2025-04-29T11:01:05.915Z,,,,UPI,upi-apps,2024,May,,,,en
3238,9,Kotak Mahindra Bank Apps,43.41,6178.23,-,-,-,-,-,-,43.41,6178.23,2025-01-09T13:52:18.675Z,2025-04-29T11:01:05.994Z,,,,UPI,upi-apps,2024,May,,,,en
3239,10,WhatsApp,36.45,2938.72,-,-,-,-,-,-,36.45,2938.72,2025-01-09T13:52:18.675Z,2025-04-29T11:01:06.074Z,,,,UPI,upi-apps,2024,May,,,,en
3240,11,HDFC Bank Apps,35.40,8104.06,0.02,0.06,0.01,0.32,-,-,35.43,8104.44,2025-01-09T13:52:18.675Z,2025-04-29T11:01:06.153Z,,,,UPI,upi-apps,2024,May,,,,en
3241,12,Navi,29.72,958.09,-,-,-,-,-,-,29.72,958.09,2025-01-09T13:52:18.675Z,2025-04-29T11:01:06.232Z,,,,UPI,upi-apps,2024,May,,,,en
3242,13,BHIM,23.43,8095.99,-,-,-,-,-,-,23.43,8095.99,2025-01-09T13:52:18.675Z,2025-04-29T11:01:06.311Z,,,,UPI,upi-apps,2024,May,,,,en
3243,14,Yes Bank Apps,22.48,10939.53,-,-,0.26,32.11,-,-,22.75,10971.64,2025-01-09T13:52:18.675Z,2025-04-29T11:01:06.390Z,,,,UPI,upi-apps,2024,May,,,,en
3244,15,Airtel Payments Bank Apps,17.29,1329.67,-,-,-,0.48,-,0.05,17.29,1330.15,2025-01-09T13:52:18.675Z,2025-04-29T11:01:06.472Z,,,,UPI,upi-apps,2024,May,,,,en
3245,16,Mobikwik,11.12,2536.09,-,-,-,-,-,-,11.12,2536.09,2025-01-09T13:52:18.675Z,2025-04-29T11:01:06.553Z,,,,UPI,upi-apps,2024,May,,,,en
3246,17,Groww,10.15,7086.12,-,-,-,-,-,-,10.15,7086.12,2025-01-09T13:52:18.675Z,2025-04-29T11:01:06.635Z,,,,UPI,upi-apps,2024,May,,,,en
3247,18,Bajaj Finserv,9.55,1685.51,-,-,-,-,-,-,9.55,1685.51,2025-01-09T13:52:18.675Z,2025-04-29T11:01:06.716Z,,,,UPI,upi-apps,2024,May,,,,en
3248,19,Slice,9.05,646.12,-,-,-,-,-,-,9.05,646.12,2025-01-09T13:52:18.675Z,2025-04-29T11:01:06.797Z,,,,UPI,upi-apps,2024,May,,,,en
3249,20,State Bank of India Apps,7.12,2494.20,-,-,-,-,-,-,7.12,2494.20,2025-01-09T13:52:18.675Z,2025-04-29T11:01:06.882Z,,,,UPI,upi-apps,2024,May,,,,en
3250,21,IDFC Bank Apps,6.99,1690.27,-,-,-,-,-,-,6.99,1690.27,2025-01-09T13:52:18.675Z,2025-04-29T11:01:06.964Z,,,,UPI,upi-apps,2024,May,,,,en
3251,22,Samsung Pay,6.56,547.28,-,-,-,-,-,-,6.56,547.28,2025-01-09T13:52:18.675Z,2025-04-29T11:01:07.045Z,,,,UPI,upi-apps,2024,May,,,,en
3252,23,Jupiter,6.07,769.10,-,-,-,-,-,-,6.07,769.10,2025-01-09T13:52:18.675Z,2025-04-29T11:01:07.125Z,,,,UPI,upi-apps,2024,May,,,,en
3253,24,Federal Bank Apps,5.95,811.83,-,-,-,-,-,-,5.95,811.83,2025-01-09T13:52:18.675Z,2025-04-29T11:01:07.205Z,,,,UPI,upi-apps,2024,May,,,,en
3254,25,India Post Payments Bank Apps,5.67,703.81,-,-,-,-,-,-,5.67,703.81,2025-01-09T13:52:18.675Z,2025-04-29T11:01:07.286Z,,,,UPI,upi-apps,2024,May,,,,en
3255,26,Flipkart,4.44,251.85,-,-,-,-,-,-,4.44,251.85,2025-01-09T13:52:18.675Z,2025-04-29T11:01:07.367Z,,,,UPI,upi-apps,2024,May,,,,en
3256,27,Canara Bank Apps,3.06,828.58,-,-,-,-,-,-,3.06,828.58,2025-01-09T13:52:18.675Z,2025-04-29T11:01:07.446Z,,,,UPI,upi-apps,2024,May,,,,en
3257,28,Deutsche Bank Apps,2.34,369.39,-,-,-,0.03,-,-,2.34,369.42,2025-01-09T13:52:18.675Z,2025-04-29T11:01:07.527Z,,,,UPI,upi-apps,2024,May,,,,en
3258,29,RBL Bank Apps,2.20,900.13,-,-,0.05,31.21,-,-,2.24,931.34,2025-01-09T13:52:18.676Z,2025-04-29T11:01:07.608Z,,,,UPI,upi-apps,2024,May,,,,en
3259,30,Jio Payments Bank Apps,2.02,170.98,-,-,-,-,-,-,2.02,170.98,2025-01-09T13:52:18.676Z,2025-04-29T11:01:07.691Z,,,,UPI,upi-apps,2024,May,,,,en
3260,31,Punjab National Bank Apps,1.74,444.50,-,-,-,-,-,-,1.74,444.50,2025-01-09T13:52:18.676Z,2025-04-29T11:01:07.773Z,,,,UPI,upi-apps,2024,May,,,,en
3261,32,Timepay,1.61,17.59,-,-,-,0.10,-,-,1.61,17.69,2025-01-09T13:52:18.676Z,2025-04-29T11:01:07.855Z,,,,UPI,upi-apps,2024,May,,,,en
3262,33,Indian Bank Apps,1.54,319.53,-,-,-,10.05,-,-,1.55,329.58,2025-01-09T13:52:18.676Z,2025-04-29T11:01:07.935Z,,,,UPI,upi-apps,2024,May,,,,en
3263,34,OmniCard,1.24,45.65,-,-,-,-,-,-,1.24,45.65,2025-01-09T13:52:18.676Z,2025-04-29T11:01:08.012Z,,,,UPI,upi-apps,2024,May,,,,en
3264,35,Union Bank Apps,1.19,505.23,-,-,-,-,-,-,1.19,505.24,2025-01-09T13:52:18.676Z,2025-04-29T11:01:08.092Z,,,,UPI,upi-apps,2024,May,,,,en
3265,36,Bank of Baroda Apps,1.02,456.55,-,-,-,7.31,-,-,1.02,463.85,2025-01-09T13:52:18.676Z,2025-04-29T11:01:08.171Z,,,,UPI,upi-apps,2024,May,,,,en
3266,37,Central Bank of India Apps,0.95,213.29,-,-,-,-,-,-,0.95,213.29,2025-01-09T13:52:18.676Z,2025-04-29T11:01:08.250Z,,,,UPI,upi-apps,2024,May,,,,en
3267,38,AU Small Finance Bank Apps,0.82,249.60,-,-,-,-,-,-,0.82,249.60,2025-01-09T13:52:18.676Z,2025-04-29T11:01:08.329Z,,,,UPI,upi-apps,2024,May,,,,en
3268,39,DBS Digibank Apps,0.48,192.60,-,-,-,0.49,-,-,0.48,193.09,2025-01-09T13:52:18.676Z,2025-04-29T11:01:08.410Z,,,,UPI,upi-apps,2024,May,,,,en
3269,40,South Indian Bank Apps,0.47,141.47,-,-,-,-,-,-,0.47,141.47,2025-01-09T13:52:18.676Z,2025-04-29T11:01:08.489Z,,,,UPI,upi-apps,2024,May,,,,en
3270,41,Jammu and Kashmir Bank Apps,0.43,64.02,-,-,-,-,-,-,0.43,64.02,2025-01-09T13:52:18.676Z,2025-04-29T11:01:08.565Z,,,,UPI,upi-apps,2024,May,,,,en
3271,42,Fino Payments bank Apps,0.38,53.86,-,-,-,-,-,-,0.38,53.86,2025-01-09T13:52:18.676Z,2025-04-29T11:01:08.641Z,,,,UPI,upi-apps,2024,May,,,,en
3272,43,HSBC Bank Apps,0.37,144.05,-,0.05,-,-,-,-,0.37,144.11,2025-01-09T13:52:18.676Z,2025-04-29T11:01:08.717Z,,,,UPI,upi-apps,2024,May,,,,en
3273,44,IndusInd Bank Apps,0.35,73.84,-,-,-,0.58,-,-,0.36,74.41,2025-01-09T13:52:18.676Z,2025-04-29T11:01:08.794Z,,,,UPI,upi-apps,2024,May,,,,en
3274,45,Shriram One,0.29,36.28,-,-,-,-,-,-,0.29,36.28,2025-01-09T13:52:18.676Z,2025-04-29T11:01:08.873Z,,,,UPI,upi-apps,2024,May,,,,en
3275,46,Bank of India Apps,0.21,81.09,-,-,-,-,-,-,0.21,81.09,2025-01-09T13:52:18.676Z,2025-04-29T11:01:08.954Z,,,,UPI,upi-apps,2024,May,,,,en
3276,47,UCO Bank Apps,0.20,65.61,-,-,-,-,-,-,0.20,65.61,2025-01-09T13:52:18.676Z,2025-04-29T11:01:09.035Z,,,,UPI,upi-apps,2024,May,,,,en
3277,48,Kiwi,0.18,36.03,-,-,-,-,-,-,0.18,36.03,2025-01-09T13:52:18.676Z,2025-04-29T11:01:09.116Z,,,,UPI,upi-apps,2024,May,,,,en
3278,49,TataNeu,0.18,25.10,-,-,-,-,-,-,0.18,25.10,2025-01-09T13:52:18.676Z,2025-04-29T11:01:09.195Z,,,,UPI,upi-apps,2024,May,,,,en
3279,50,Standard Chartered Bank Apps,0.16,114.40,-,-,-,0.02,-,-,0.16,114.42,2025-01-09T13:52:18.676Z,2025-04-29T11:01:09.275Z,,,,UPI,upi-apps,2024,May,,,,en
3280,51,Digikhata,0.16,52.29,-,-,-,-,-,-,0.16,52.29,2025-01-09T13:52:18.676Z,2025-04-29T11:01:09.356Z,,,,UPI,upi-apps,2024,May,,,,en
3281,52,Karnataka Bank Apps,0.16,30.00,-,-,-,-,-,-,0.16,30.00,2025-01-09T13:52:18.676Z,2025-04-29T11:01:09.436Z,,,,UPI,upi-apps,2024,May,,,,en
3282,53,Indian Overseas Bank Apps,0.12,34.43,-,-,-,-,-,-,0.12,34.43,2025-01-09T13:52:18.676Z,2025-04-29T11:01:09.516Z,,,,UPI,upi-apps,2024,May,,,,en
3283,54,Dhani,0.11,13.12,-,-,-,-,-,-,0.11,13.12,2025-01-09T13:52:18.676Z,2025-04-29T11:01:09.595Z,,,,UPI,upi-apps,2024,May,,,,en
3284,55,Ultracash,0.09,6.19,-,-,-,-,-,-,0.09,6.19,2025-01-09T13:52:18.676Z,2025-04-29T11:01:09.674Z,,,,UPI,upi-apps,2024,May,,,,en
3285,56,Tamilnad Mercantile Bank Apps,0.08,25.66,-,-,-,-,-,-,0.08,25.66,2025-01-09T13:52:18.676Z,2025-04-29T11:01:09.755Z,,,,UPI,upi-apps,2024,May,,,,en
3286,57,Citi Bank Apps,0.08,66.69,-,-,-,0.05,-,-,0.08,66.74,2025-01-09T13:52:18.676Z,2025-04-29T11:01:09.837Z,,,,UPI,upi-apps,2024,May,,,,en
3287,58,City Union Bank Apps,0.08,28.77,-,-,-,-,-,-,0.08,28.77,2025-01-09T13:52:18.676Z,2025-04-29T11:01:09.915Z,,,,UPI,upi-apps,2024,May,,,,en
3288,59,NSDL Payments Bank Apps,0.07,12.71,-,-,-,-,-,-,0.07,12.71,2025-01-09T13:52:18.676Z,2025-04-29T11:01:09.996Z,,,,UPI,upi-apps,2024,May,,,,en
3289,60,IDBI Bank Apps,0.07,27.32,-,-,-,-,-,-,0.07,27.32,2025-01-09T13:52:18.676Z,2025-04-29T11:01:10.079Z,,,,UPI,upi-apps,2024,May,,,,en
3290,61,Aditya Birla Capital Digital,0.05,1.84,-,-,-,-,-,-,0.05,1.84,2025-01-09T13:52:18.676Z,2025-04-29T11:01:10.159Z,,,,UPI,upi-apps,2024,May,,,,en
3291,62,Karur Vysya Bank Apps,0.05,20.63,-,-,-,-,-,-,0.05,20.63,2025-01-09T13:52:18.676Z,2025-04-29T11:01:10.238Z,,,,UPI,upi-apps,2024,May,,,,en
3292,63,Bank of Maharashtra Apps,0.05,10.37,-,-,-,0.12,-,-,0.05,10.49,2025-01-09T13:52:18.676Z,2025-04-29T11:01:10.319Z,,,,UPI,upi-apps,2024,May,,,,en
3293,64,Niyo Global,0.04,22.56,-,-,-,-,-,-,0.04,22.56,2025-01-09T13:52:18.676Z,2025-04-29T11:01:10.401Z,,,,UPI,upi-apps,2024,May,,,,en
3294,65,MakeMyTrip,0.04,18.12,-,-,-,-,-,-,0.04,18.12,2025-01-09T13:52:18.676Z,2025-04-29T11:01:10.480Z,,,,UPI,upi-apps,2024,May,,,,en
3295,66,Equitas Small Finance Bank Apps,0.04,25.35,-,-,-,-,-,-,0.04,25.35,2025-01-09T13:52:18.676Z,2025-04-29T11:01:10.561Z,,,,UPI,upi-apps,2024,May,,,,en
3296,67,Punjab Sind Bank Apps,0.03,12.97,-,-,-,-,-,-,0.03,12.97,2025-01-09T13:52:18.676Z,2025-04-29T11:01:10.640Z,,,,UPI,upi-apps,2024,May,,,,en
3297,68,Other Apps,1.15,145.19,-,-,0.14,3.74,-,-,1.29,148.93,2025-01-09T13:52:18.676Z,2025-04-29T11:01:10.716Z,,,,UPI,upi-apps,2024,May,,,,en
3730,1,PhonePe,6716.09,1009064.99,-,-,-,-,-,-,6716.09,1009064.99,2025-01-09T15:03:03.442Z,2025-04-29T11:01:22.633Z,,,,UPI,upi-apps,2024,Jun,,,,en
3731,2,Google Pay #,5103.99,707241.27,-,-,-,-,-,-,5103.99,707241.27,2025-01-09T15:03:03.442Z,2025-04-29T11:01:22.715Z,,,,UPI,upi-apps,2024,Jun,,,,en
3732,3,Paytm,1104.89,120840.45,-,-,-,-,-,-,1104.89,120840.45,2025-01-09T15:03:03.442Z,2025-04-29T11:01:22.797Z,,,,UPI,upi-apps,2024,Jun,,,,en
3733,4,Cred #,138.42,45720.01,-,-,-,-,-,-,138.42,45720.01,2025-01-09T15:03:03.442Z,2025-04-29T11:01:22.880Z,,,,UPI,upi-apps,2024,Jun,,,,en
3734,5,Axis Bank Apps,14.14,3852.77,60.92,2755.96,0.01,5.30,-,-,75.07,6614.04,2025-01-09T15:03:03.442Z,2025-04-29T11:01:22.962Z,,,,UPI,upi-apps,2024,Jun,,,,en
3735,6,Amazon Pay #,67.07,7377.30,-,-,-,-,-,-,67.07,7377.30,2025-01-09T15:03:03.442Z,2025-04-29T11:01:23.044Z,,,,UPI,upi-apps,2024,Jun,,,,en
3736,7,ICICI Bank Apps,38.25,16692.52,4.20,462.22,9.20,12841.44,-,-,51.65,29996.18,2025-01-09T15:03:03.442Z,2025-04-29T11:01:23.126Z,,,,UPI,upi-apps,2024,Jun,,,,en
3737,8,FamApp by Trio #,50.78,641.36,-,-,-,-,-,-,50.78,641.36,2025-01-09T15:03:03.442Z,2025-04-29T11:01:23.207Z,,,,UPI,upi-apps,2024,Jun,,,,en
3738,9,Kotak Mahindra Bank Apps,42.65,6073.08,-,-,-,-,-,-,42.65,6073.08,2025-01-09T15:03:03.442Z,2025-04-29T11:01:23.288Z,,,,UPI,upi-apps,2024,Jun,,,,en
3739,10,WhatsApp #,37.18,2923.79,-,-,-,-,-,-,37.18,2923.79,2025-01-09T15:03:03.442Z,2025-04-29T11:01:23.369Z,,,,UPI,upi-apps,2024,Jun,,,,en
3740,11,Navi #,35.72,1769.66,-,-,-,-,-,-,35.72,1769.66,2025-01-09T15:03:03.442Z,2025-04-29T11:01:23.450Z,,,,UPI,upi-apps,2024,Jun,,,,en
3741,12,HDFC Bank Apps,34.57,8166.94,0.03,0.08,-,0.27,-,-,34.60,8167.30,2025-01-09T15:03:03.442Z,2025-04-29T11:01:23.531Z,,,,UPI,upi-apps,2024,Jun,,,,en
3742,13,BHIM,22.72,7965.69,-,-,-,-,-,-,22.72,7965.69,2025-01-09T15:03:03.442Z,2025-04-29T11:01:23.611Z,,,,UPI,upi-apps,2024,Jun,,,,en
3743,14,Yes Bank Apps,22.28,9285.69,-,-,0.27,31.36,-,-,22.55,9317.05,2025-01-09T15:03:03.442Z,2025-04-29T11:01:23.691Z,,,,UPI,upi-apps,2024,Jun,,,,en
3744,15,Airtel Payments Bank Apps,15.76,1191.68,-,-,-,0.39,-,-,15.76,1192.07,2025-01-09T15:03:03.442Z,2025-04-29T11:01:23.774Z,,,,UPI,upi-apps,2024,Jun,,,,en
3745,16,Mobikwik #,11.59,2564.79,-,-,-,-,-,-,11.59,2564.79,2025-01-09T15:03:03.442Z,2025-04-29T11:01:23.852Z,,,,UPI,upi-apps,2024,Jun,,,,en
3746,17,Groww #,11.26,9094.72,-,-,-,-,-,-,11.26,9094.72,2025-01-09T15:03:03.442Z,2025-04-29T11:01:23.933Z,,,,UPI,upi-apps,2024,Jun,,,,en
3747,18,Bajaj Finserv #,8.23,1852.43,-,-,-,-,-,-,8.23,1852.43,2025-01-09T15:03:03.442Z,2025-04-29T11:01:24.014Z,,,,UPI,upi-apps,2024,Jun,,,,en
3748,19,Slice #,7.86,634.47,-,-,-,-,-,-,7.86,634.47,2025-01-09T15:03:03.442Z,2025-04-29T11:01:24.095Z,,,,UPI,upi-apps,2024,Jun,,,,en
3749,20,IDFC Bank Apps,7.33,1654.91,-,-,-,-,-,-,7.33,1654.91,2025-01-09T15:03:03.442Z,2025-04-29T11:01:24.176Z,,,,UPI,upi-apps,2024,Jun,,,,en
3750,21,State Bank of India Apps,7.22,2426.08,-,-,-,-,-,-,7.22,2426.08,2025-01-09T15:03:03.442Z,2025-04-29T11:01:24.259Z,,,,UPI,upi-apps,2024,Jun,,,,en
3751,22,Samsung Pay #,6.38,542.12,-,-,-,-,-,-,6.38,542.12,2025-01-09T15:03:03.442Z,2025-04-29T11:01:24.340Z,,,,UPI,upi-apps,2024,Jun,,,,en
3752,23,India Post Payments Bank Apps,6.01,732.10,-,-,-,-,-,-,6.01,732.10,2025-01-09T15:03:03.442Z,2025-04-29T11:01:24.421Z,,,,UPI,upi-apps,2024,Jun,,,,en
3753,24,Flipkart UPI #,5.97,337.24,-,-,-,-,-,-,5.97,337.24,2025-01-09T15:03:03.442Z,2025-04-29T11:01:24.502Z,,,,UPI,upi-apps,2024,Jun,,,,en
3754,25,Federal Bank Apps,5.67,790.57,-,-,-,-,-,-,5.67,790.57,2025-01-09T15:03:03.442Z,2025-04-29T11:01:24.584Z,,,,UPI,upi-apps,2024,Jun,,,,en
3755,26,Jupiter Money #,5.63,750.68,-,-,-,-,-,-,5.63,750.68,2025-01-09T15:03:03.442Z,2025-04-29T11:01:24.668Z,,,,UPI,upi-apps,2024,Jun,,,,en
3756,27,Canara Bank Apps,2.88,793.85,-,-,-,-,-,-,2.88,793.85,2025-01-09T15:03:03.442Z,2025-04-29T11:01:24.749Z,,,,UPI,upi-apps,2024,Jun,,,,en
3757,28,Jio Payments Bank Apps,2.33,186.62,-,-,-,-,-,-,2.33,186.62,2025-01-09T15:03:03.442Z,2025-04-29T11:01:24.829Z,,,,UPI,upi-apps,2024,Jun,,,,en
3758,29,Deutsche Bank Apps,2.25,334.10,-,-,-,0.03,-,-,2.25,334.12,2025-01-09T15:03:03.442Z,2025-04-29T11:01:24.911Z,,,,UPI,upi-apps,2024,Jun,,,,en
3759,30,Timepay #,1.82,20.11,-,-,-,0.09,-,-,1.82,20.20,2025-01-09T15:03:03.442Z,2025-04-29T11:01:24.992Z,,,,UPI,upi-apps,2024,Jun,,,,en
3760,31,Punjab National Bank Apps,1.80,472.48,-,-,-,-,-,-,1.80,472.48,2025-01-09T15:03:03.442Z,2025-04-29T11:01:25.074Z,,,,UPI,upi-apps,2024,Jun,,,,en
3761,32,RBL Bank Apps,1.66,733.04,-,0.01,0.09,52.02,-,-,1.75,785.07,2025-01-09T15:03:03.442Z,2025-04-29T11:01:25.155Z,,,,UPI,upi-apps,2024,Jun,,,,en
3762,33,Indian Bank Apps,1.73,330.29,-,-,-,0.18,-,-,1.73,330.47,2025-01-09T15:03:03.442Z,2025-04-29T11:01:25.236Z,,,,UPI,upi-apps,2024,Jun,,,,en
3763,34,OmniCard #,1.28,53.41,-,-,-,-,-,-,1.28,53.41,2025-01-09T15:03:03.442Z,2025-04-29T11:01:25.318Z,,,,UPI,upi-apps,2024,Jun,,,,en
3764,35,Union Bank Apps,1.06,461.02,-,-,-,-,-,-,1.06,461.02,2025-01-09T15:03:03.442Z,2025-04-29T11:01:25.400Z,,,,UPI,upi-apps,2024,Jun,,,,en
3765,36,Bank of Baroda Apps,1.03,450.62,-,-,-,-,-,-,1.03,450.62,2025-01-09T15:03:03.443Z,2025-04-29T11:01:25.482Z,,,,UPI,upi-apps,2024,Jun,,,,en
3766,37,Central Bank of India Apps,0.83,188.63,-,-,-,-,-,-,0.83,188.63,2025-01-09T15:03:03.443Z,2025-04-29T11:01:25.560Z,,,,UPI,upi-apps,2024,Jun,,,,en
3767,38,AU Small Finance Bank Apps,0.76,227.63,-,-,-,-,-,-,0.76,227.63,2025-01-09T15:03:03.443Z,2025-04-29T11:01:25.639Z,,,,UPI,upi-apps,2024,Jun,,,,en
3768,39,Jammu and Kashmir Bank Apps,0.75,97.58,-,-,-,-,-,-,0.75,97.58,2025-01-09T15:03:03.443Z,2025-04-29T11:01:25.720Z,,,,UPI,upi-apps,2024,Jun,,,,en
3769,40,DBS Digibank Apps,0.49,198.19,-,-,-,0.49,-,-,0.50,198.68,2025-01-09T15:03:03.443Z,2025-04-29T11:01:25.800Z,,,,UPI,upi-apps,2024,Jun,,,,en
3770,41,South Indian Bank Apps,0.49,144.78,-,-,-,-,-,-,0.49,144.78,2025-01-09T15:03:03.443Z,2025-04-29T11:01:25.880Z,,,,UPI,upi-apps,2024,Jun,,,,en
3771,42,IndusInd Bank Apps,0.42,115.96,-,-,0.01,1.90,-,-,0.43,117.86,2025-01-09T15:03:03.443Z,2025-04-29T11:01:25.959Z,,,,UPI,upi-apps,2024,Jun,,,,en
3772,43,Fino Payments bank Apps,0.41,55.79,-,-,-,-,-,-,0.41,55.79,2025-01-09T15:03:03.443Z,2025-04-29T11:01:26.040Z,,,,UPI,upi-apps,2024,Jun,,,,en
3773,44,HSBC Bank Apps,0.40,148.04,-,0.05,-,-,-,-,0.40,148.09,2025-01-09T15:03:03.443Z,2025-04-29T11:01:26.122Z,,,,UPI,upi-apps,2024,Jun,,,,en
3774,45,Shriram One #,0.28,37.04,-,-,-,-,-,-,0.28,37.04,2025-01-09T15:03:03.443Z,2025-04-29T11:01:26.203Z,,,,UPI,upi-apps,2024,Jun,,,,en
3775,46,UCO Bank Apps,0.22,67.40,-,-,-,-,-,-,0.22,67.40,2025-01-09T15:03:03.443Z,2025-04-29T11:01:26.284Z,,,,UPI,upi-apps,2024,Jun,,,,en
3776,47,Digikhata #,0.19,63.31,-,-,-,-,-,-,0.19,63.31,2025-01-09T15:03:03.443Z,2025-04-29T11:01:26.367Z,,,,UPI,upi-apps,2024,Jun,,,,en
3777,48,Karnataka Bank Apps,0.18,33.54,-,-,-,-,-,-,0.18,33.55,2025-01-09T15:03:03.443Z,2025-04-29T11:01:26.448Z,,,,UPI,upi-apps,2024,Jun,,,,en
3778,49,Standard Chartered Bank Apps,0.17,117.31,-,-,-,0.05,-,-,0.17,117.35,2025-01-09T15:03:03.443Z,2025-04-29T11:01:26.528Z,,,,UPI,upi-apps,2024,Jun,,,,en
3779,50,TataNeu #,0.16,23.31,-,-,-,-,-,-,0.16,23.31,2025-01-09T15:03:03.443Z,2025-04-29T11:01:26.611Z,,,,UPI,upi-apps,2024,Jun,,,,en
3780,51,Kiwi #,0.15,31.43,-,-,-,-,-,-,0.15,31.43,2025-01-09T15:03:03.443Z,2025-04-29T11:01:26.692Z,,,,UPI,upi-apps,2024,Jun,,,,en
3781,52,Suryoday,0.14,0.02,-,-,-,-,-,-,0.14,0.02,2025-01-09T15:03:03.443Z,2025-04-29T11:01:26.773Z,,,,UPI,upi-apps,2024,Jun,,,,en
3782,53,Indian Overseas Bank Apps,0.13,37.62,-,-,-,-,-,-,0.13,37.62,2025-01-09T15:03:03.443Z,2025-04-29T11:01:26.853Z,,,,UPI,upi-apps,2024,Jun,,,,en
3783,54,super.money #,0.13,5.04,-,-,-,-,-,-,0.13,5.04,2025-01-09T15:03:03.443Z,2025-04-29T11:01:26.937Z,,,,UPI,upi-apps,2024,Jun,,,,en
3784,55,Dhani,0.11,13.84,-,-,-,-,-,-,0.11,13.84,2025-01-09T15:03:03.443Z,2025-04-29T11:01:27.019Z,,,,UPI,upi-apps,2024,Jun,,,,en
3785,56,Bank of India Apps,0.10,38.05,-,-,-,-,-,-,0.10,38.05,2025-01-09T15:03:03.443Z,2025-04-29T11:01:27.103Z,,,,UPI,upi-apps,2024,Jun,,,,en
3786,57,Ultracash #,0.09,6.51,-,-,-,-,-,-,0.09,6.51,2025-01-09T15:03:03.443Z,2025-04-29T11:01:27.186Z,,,,UPI,upi-apps,2024,Jun,,,,en
3787,58,Tamilnad Mercantile Bank Apps,0.08,26.21,-,-,-,-,-,-,0.08,26.21,2025-01-09T15:03:03.443Z,2025-04-29T11:01:27.267Z,,,,UPI,upi-apps,2024,Jun,,,,en
3788,59,City Union Bank Apps,0.08,28.66,-,-,-,-,-,-,0.08,28.66,2025-01-09T15:03:03.443Z,2025-04-29T11:01:27.347Z,,,,UPI,upi-apps,2024,Jun,,,,en
3789,60,POP UPI,0.07,4.87,-,-,-,-,-,-,0.07,4.87,2025-01-09T15:03:03.443Z,2026-02-26T10:12:51.586Z,,,1.0,UPI,upi-apps,2024,Jun,,,,en
3790,61,Citi Bank Apps,0.06,70.21,-,-,-,0.30,-,-,0.07,70.51,2025-01-09T15:03:03.443Z,2025-04-29T11:01:27.507Z,,,,UPI,upi-apps,2024,Jun,,,,en
3791,62,Aditya Birla Capital Digital #,0.07,3.45,-,-,-,-,-,-,0.07,3.45,2025-01-09T15:03:03.443Z,2025-04-29T11:01:27.587Z,,,,UPI,upi-apps,2024,Jun,,,,en
3792,63,IDBI Bank Apps,0.07,27.06,-,-,-,-,-,-,0.07,27.06,2025-01-09T15:03:03.443Z,2025-04-29T11:01:27.669Z,,,,UPI,upi-apps,2024,Jun,,,,en
3793,64,NSDL Payments Bank Apps,0.06,10.09,-,-,-,-,-,-,0.06,10.09,2025-01-09T15:03:03.443Z,2025-04-29T11:01:27.749Z,,,,UPI,upi-apps,2024,Jun,,,,en
3794,65,Bank of Maharashtra Apps,0.05,11.11,-,-,-,-,-,-,0.05,11.11,2025-01-09T15:03:03.443Z,2025-04-29T11:01:27.828Z,,,,UPI,upi-apps,2024,Jun,,,,en
3795,66,Karur Vysya Bank Apps,0.05,18.73,-,-,-,-,-,-,0.05,18.73,2025-01-09T15:03:03.443Z,2025-04-29T11:01:27.908Z,,,,UPI,upi-apps,2024,Jun,,,,en
3796,67,Niyo Global #,0.05,24.78,-,-,-,-,-,-,0.05,24.78,2025-01-09T15:03:03.443Z,2025-04-29T11:01:27.992Z,,,,UPI,upi-apps,2024,Jun,,,,en
3797,68,Equitas Small Finance Bank Apps,0.04,26.25,-,-,-,-,-,-,0.04,26.25,2025-01-09T15:03:03.443Z,2025-04-29T11:01:28.073Z,,,,UPI,upi-apps,2024,Jun,,,,en
3798,69,Punjab Sind Bank Apps,0.03,12.38,-,-,-,-,-,-,0.03,12.38,2025-01-09T15:03:03.443Z,2025-04-29T11:01:28.151Z,,,,UPI,upi-apps,2024,Jun,,,,en
3799,70,Other Apps,1.41,180.43,-,-,0.13,3.67,-,-,1.54,184.11,2025-01-09T15:03:03.443Z,2025-04-29T11:01:28.232Z,,,,UPI,upi-apps,2024,Jun,,,,en
899,1,PhonePe,6983.97,1028799.39,-,-,-,-,-,-,6983.97,1028799.39,2025-01-06T19:34:53.002Z,2025-04-29T10:58:34.904Z,,,,UPI,upi-apps,2024,Jul,,,,en
900,2,Google Pay #,5341.23,735159.20,-,-,-,-,-,-,5341.23,735159.20,2025-01-06T19:34:53.002Z,2025-04-29T10:58:35.016Z,,,,UPI,upi-apps,2024,Jul,,,,en
901,3,Paytm,1128.97,123467.32,-,-,-,-,-,-,1128.97,123467.33,2025-01-06T19:34:53.002Z,2025-04-29T10:58:35.099Z,,,,UPI,upi-apps,2024,Jul,,,,en
902,4,Cred #,142.56,48998.89,-,-,-,-,-,-,142.56,48998.89,2025-01-06T19:34:53.002Z,2025-04-29T10:58:35.179Z,,,,UPI,upi-apps,2024,Jul,,,,en
903,5,Axis Bank Apps,15.45,3943.51,93.11,2389.15,0.01,2.40,-,-,108.57,6335.06,2025-01-06T19:34:53.002Z,2025-04-29T10:58:35.261Z,,,,UPI,upi-apps,2024,Jul,,,,en
904,6,Amazon Pay #,72.41,7995.92,-,-,-,-,-,-,72.41,7995.92,2025-01-06T19:34:53.002Z,2025-04-29T10:58:35.345Z,,,,UPI,upi-apps,2024,Jul,,,,en
905,7,Navi #,68.47,3574.61,-,-,-,-,-,-,68.47,3574.61,2025-01-06T19:34:53.002Z,2025-04-29T10:58:35.429Z,,,,UPI,upi-apps,2024,Jul,,,,en
906,8,ICICI Bank Apps,42.13,17883.79,3.46,405.17,7.32,10240.43,-,-,52.91,28529.39,2025-01-06T19:34:53.002Z,2025-04-29T10:58:35.510Z,,,,UPI,upi-apps,2024,Jul,,,,en
907,9,Fampay by Trio #,52.04,639.44,-,-,-,-,-,-,52.04,639.44,2025-01-06T19:34:53.002Z,2025-04-29T10:58:35.591Z,,,,UPI,upi-apps,2024,Jul,,,,en
908,10,Kotak Mahindra Bank Apps,44.80,6488.28,-,-,-,-,-,-,44.80,6488.28,2025-01-06T19:34:53.002Z,2025-04-29T10:58:35.671Z,,,,UPI,upi-apps,2024,Jul,,,,en
909,11,WhatsApp #,41.39,3215.18,-,-,-,-,-,-,41.39,3215.18,2025-01-06T19:34:53.002Z,2025-04-29T10:58:35.758Z,,,,UPI,upi-apps,2024,Jul,,,,en
910,12,HDFC Bank Apps,35.25,8747.15,0.02,0.07,-,0.28,-,-,35.28,8747.50,2025-01-06T19:34:53.002Z,2025-04-29T10:58:35.841Z,,,,UPI,upi-apps,2024,Jul,,,,en
911,13,BHIM,24.64,8756.73,-,-,-,-,-,-,24.64,8756.73,2025-01-06T19:34:53.002Z,2025-04-29T10:58:35.925Z,,,,UPI,upi-apps,2024,Jul,,,,en
912,14,Yes Bank Apps,23.81,9556.22,-,-,0.27,26.99,-,-,24.08,9583.20,2025-01-06T19:34:53.002Z,2025-04-29T10:58:36.009Z,,,,UPI,upi-apps,2024,Jul,,,,en
913,15,Airtel Payments Bank Apps,16.63,1210.03,-,-,0.85,0.29,-,-,17.48,1210.32,2025-01-06T19:34:53.002Z,2025-04-29T10:58:36.093Z,,,,UPI,upi-apps,2024,Jul,,,,en
914,16,Groww #,15.18,12129.34,-,-,-,-,-,-,15.18,12129.34,2025-01-06T19:34:53.002Z,2025-04-29T10:58:36.173Z,,,,UPI,upi-apps,2024,Jul,,,,en
915,17,Bajaj Finserv #,9.90,2309.58,-,-,-,-,-,-,9.90,2309.58,2025-01-06T19:34:53.002Z,2025-04-29T10:58:36.253Z,,,,UPI,upi-apps,2024,Jul,,,,en
916,18,Slice #,9.41,708.27,-,-,-,-,-,-,9.41,708.27,2025-01-06T19:34:53.002Z,2025-04-29T10:58:36.338Z,,,,UPI,upi-apps,2024,Jul,,,,en
917,19,Mobikwik #,9.11,2431.73,-,-,-,-,-,-,9.11,2431.73,2025-01-06T19:34:53.002Z,2025-04-29T10:58:36.425Z,,,,UPI,upi-apps,2024,Jul,,,,en
918,20,State Bank of India Apps,8.06,2691.74,-,-,-,-,-,-,8.06,2691.74,2025-01-06T19:34:53.002Z,2025-04-29T10:58:36.511Z,,,,UPI,upi-apps,2024,Jul,,,,en
919,21,IDFC Bank Apps,7.63,1725.98,-,-,-,-,-,-,7.63,1725.98,2025-01-06T19:34:53.002Z,2025-04-29T10:58:36.594Z,,,,UPI,upi-apps,2024,Jul,,,,en
920,22,Flipkart UPI #,7.12,422.36,-,-,-,-,-,-,7.12,422.36,2025-01-06T19:34:53.002Z,2025-04-29T10:58:36.674Z,,,,UPI,upi-apps,2024,Jul,,,,en
921,23,Samsung Pay #,6.60,558.51,-,-,-,-,-,-,6.60,558.51,2025-01-06T19:34:53.002Z,2025-04-29T10:58:36.758Z,,,,UPI,upi-apps,2024,Jul,,,,en
922,24,India Post Payments Bank Apps,6.43,826.31,-,-,-,-,-,-,6.43,826.31,2025-01-06T19:34:53.002Z,2025-04-29T10:58:36.841Z,,,,UPI,upi-apps,2024,Jul,,,,en
923,25,Federal Bank Apps,5.95,848.66,-,-,-,-,-,-,5.95,848.66,2025-01-06T19:34:53.002Z,2025-04-29T10:58:36.922Z,,,,UPI,upi-apps,2024,Jul,,,,en
924,26,Jupiter Money #,5.76,781.04,-,-,-,-,-,-,5.76,781.04,2025-01-06T19:34:53.002Z,2025-04-29T10:58:37.003Z,,,,UPI,upi-apps,2024,Jul,,,,en
925,27,Canara Bank Apps,3.04,834.74,-,-,-,-,-,-,3.04,834.74,2025-01-06T19:34:53.002Z,2025-04-29T10:58:37.082Z,,,,UPI,upi-apps,2024,Jul,,,,en
926,28,Federal Bank Apps,2.68,460.69,-,-,-,-,-,-,2.68,460.69,2025-01-06T19:34:53.002Z,2025-04-29T10:58:37.163Z,,,,UPI,upi-apps,2024,Jul,,,,en
927,29,Jio Payments Bank Apps,2.53,199.65,-,-,-,-,-,-,2.53,199.65,2025-01-06T19:34:53.002Z,2025-04-29T10:58:37.241Z,,,,UPI,upi-apps,2024,Jul,,,,en
928,30,super.money #,2.50,75.70,-,-,-,-,-,-,2.50,75.70,2025-01-06T19:34:53.002Z,2025-04-29T10:58:37.321Z,,,,UPI,upi-apps,2024,Jul,,,,en
929,31,Deutsche Bank Apps,2.43,344.47,-,-,-,0.06,-,-,2.44,344.53,2025-01-06T19:34:53.002Z,2025-04-29T10:58:37.401Z,,,,UPI,upi-apps,2024,Jul,,,,en
930,32,Timepay #,2.16,20.43,-,-,-,0.08,-,-,2.16,20.52,2025-01-06T19:34:53.002Z,2025-04-29T10:58:37.487Z,,,,UPI,upi-apps,2024,Jul,,,,en
931,33,Punjab National Bank Apps,2.15,563.99,-,-,-,-,-,-,2.15,563.99,2025-01-06T19:34:53.002Z,2025-04-29T10:58:37.568Z,,,,UPI,upi-apps,2024,Jul,,,,en
932,34,Indian Bank Apps,1.95,342.38,-,-,-,2.45,-,-,1.95,344.83,2025-01-06T19:34:53.002Z,2025-04-29T10:58:37.650Z,,,,UPI,upi-apps,2024,Jul,,,,en
933,35,RBL Bank Apps,1.41,336.63,-,-,0.05,18.14,-,-,1.46,354.77,2025-01-06T19:34:53.002Z,2025-04-29T10:58:37.731Z,,,,UPI,upi-apps,2024,Jul,,,,en
934,36,Union Bank Apps,1.28,530.92,-,-,-,-,-,-,1.28,530.92,2025-01-06T19:34:53.002Z,2025-04-29T10:58:37.812Z,,,,UPI,upi-apps,2024,Jul,,,,en
935,37,Omnicard #,1.20,54.57,-,-,-,-,-,-,1.20,54.57,2025-01-06T19:34:53.002Z,2025-04-29T10:58:37.893Z,,,,UPI,upi-apps,2024,Jul,,,,en
936,38,Bank of Baroda Apps,1.07,477.60,-,-,-,0.39,-,-,1.07,477.99,2025-01-06T19:34:53.002Z,2025-04-29T10:58:37.976Z,,,,UPI,upi-apps,2024,Jul,,,,en
937,39,Jammu and Kashmir Bank Apps,0.87,111.92,-,-,-,-,-,-,0.87,111.92,2025-01-06T19:34:53.002Z,2025-04-29T10:58:38.056Z,,,,UPI,upi-apps,2024,Jul,,,,en
938,40,Central Bank of India Apps,0.83,180.98,-,-,-,-,-,-,0.83,180.98,2025-01-06T19:34:53.002Z,2025-04-29T10:58:38.136Z,,,,UPI,upi-apps,2024,Jul,,,,en
939,41,AU Small Finance Bank Apps,0.66,202.05,-,-,-,-,-,-,0.66,202.05,2025-01-06T19:34:53.002Z,2025-04-29T10:58:38.217Z,,,,UPI,upi-apps,2024,Jul,,,,en
940,42,South Indian Bank Apps,0.56,159.32,-,-,-,-,-,-,0.56,159.32,2025-01-06T19:34:53.002Z,2025-04-29T10:58:38.297Z,,,,UPI,upi-apps,2024,Jul,,,,en
941,43,DBS Digibank Apps,0.52,205.42,-,-,-,0.61,-,-,0.53,206.03,2025-01-06T19:34:53.002Z,2025-04-29T10:58:38.379Z,,,,UPI,upi-apps,2024,Jul,,,,en
942,44,POP UPI,0.45,34.71,-,-,-,-,-,-,0.45,34.71,2025-01-06T19:34:53.002Z,2026-02-26T10:13:47.790Z,,,1.0,UPI,upi-apps,2024,Jul,,,,en
943,45,Fino Payments bank Apps,0.44,58.11,-,-,-,-,-,-,0.44,58.11,2025-01-06T19:34:53.002Z,2025-04-29T10:58:38.541Z,,,,UPI,upi-apps,2024,Jul,,,,en
944,46,HSBC Bank Apps,0.44,152.09,-,0.05,-,-,-,-,0.44,152.15,2025-01-06T19:34:53.002Z,2025-04-29T10:58:38.620Z,,,,UPI,upi-apps,2024,Jul,,,,en
945,47,IndusInd Bank Apps,0.37,99.64,-,-,0.01,1.48,-,-,0.38,101.12,2025-01-06T19:34:53.002Z,2025-04-29T10:58:38.702Z,,,,UPI,upi-apps,2024,Jul,,,,en
946,48,Shri Ram One #,0.30,35.64,-,-,-,-,-,-,0.30,35.64,2025-01-06T19:34:53.002Z,2025-04-29T10:58:38.786Z,,,,UPI,upi-apps,2024,Jul,,,,en
947,49,Digikhata #,0.26,83.11,-,-,-,-,-,-,0.26,83.11,2025-01-06T19:34:53.002Z,2025-04-29T10:58:38.866Z,,,,UPI,upi-apps,2024,Jul,,,,en
948,50,UCO Bank Apps,0.24,69.95,-,-,-,-,-,-,0.24,69.95,2025-01-06T19:34:53.002Z,2025-04-29T10:58:38.950Z,,,,UPI,upi-apps,2024,Jul,,,,en
949,51,Karnataka Bank Apps,0.19,39.14,-,-,-,-,-,-,0.19,39.14,2025-01-06T19:34:53.002Z,2025-04-29T10:58:39.030Z,,,,UPI,upi-apps,2024,Jul,,,,en
950,52,Standard Chartered Bank Apps,0.17,116.68,-,-,-,0.04,-,-,0.17,116.72,2025-01-06T19:34:53.002Z,2025-04-29T10:58:39.110Z,,,,UPI,upi-apps,2024,Jul,,,,en
951,53,TataNeu #,0.17,26.16,-,-,-,-,-,-,0.17,26.16,2025-01-06T19:34:53.002Z,2025-04-29T10:58:39.192Z,,,,UPI,upi-apps,2024,Jul,,,,en
952,54,Indian Overseas Bank Apps,0.15,45.13,-,-,-,-,-,-,0.15,45.13,2025-01-06T19:34:53.002Z,2025-04-29T10:58:39.273Z,,,,UPI,upi-apps,2024,Jul,,,,en
953,55,Kiwi,0.15,30.35,-,-,-,-,-,-,0.15,30.35,2025-01-06T19:34:53.002Z,2025-04-29T10:58:39.354Z,,,,UPI,upi-apps,2024,Jul,,,,en
954,56,Suryoday Bank Apps,0.13,0.03,-,-,-,-,-,-,0.13,0.03,2025-01-06T19:34:53.002Z,2025-04-29T10:58:39.434Z,,,,UPI,upi-apps,2024,Jul,,,,en
955,57,Dhani #,0.11,15.91,-,-,-,-,-,-,0.11,15.91,2025-01-06T19:34:53.002Z,2025-04-29T10:58:39.517Z,,,,UPI,upi-apps,2024,Jul,,,,en
956,58,Ultracash #,0.10,7.35,-,-,-,-,-,-,0.10,7.35,2025-01-06T19:34:53.002Z,2025-04-29T10:58:39.597Z,,,,UPI,upi-apps,2024,Jul,,,,en
957,59,Bank of India Apps,0.08,20.12,-,-,-,-,-,-,0.08,20.12,2025-01-06T19:34:53.002Z,2025-04-29T10:58:39.678Z,,,,UPI,upi-apps,2024,Jul,,,,en
958,60,Tamilnad Mercantile Bank Apps,0.08,24.19,-,-,-,-,-,-,0.08,24.19,2025-01-06T19:34:53.002Z,2025-04-29T10:58:39.758Z,,,,UPI,upi-apps,2024,Jul,,,,en
959,61,City Union Bank Apps,0.08,28.82,-,-,-,-,-,-,0.08,28.82,2025-01-06T19:34:53.002Z,2025-04-29T10:58:39.838Z,,,,UPI,upi-apps,2024,Jul,,,,en
960,62,IDBI Bank Apps,0.08,32.92,-,-,-,-,-,-,0.08,32.92,2025-01-06T19:34:53.002Z,2025-04-29T10:58:39.918Z,,,,UPI,upi-apps,2024,Jul,,,,en
961,63,Aditya Birla Capital Digital Limited,0.08,3.70,-,-,-,-,-,-,0.08,3.70,2025-01-06T19:34:53.002Z,2025-04-29T10:58:40.001Z,,,,UPI,upi-apps,2024,Jul,,,,en
962,64,NSDL Payments Bank Apps,0.07,10.63,-,-,-,-,-,-,0.07,10.63,2025-01-06T19:34:53.002Z,2025-04-29T10:58:40.082Z,,,,UPI,upi-apps,2024,Jul,,,,en
963,65,Citi Bank Apps,0.06,33.95,-,-,0.01,0.59,-,-,0.07,34.54,2025-01-06T19:34:53.002Z,2025-04-29T10:58:40.162Z,,,,UPI,upi-apps,2024,Jul,,,,en
964,66,Bank of Maharashtra Apps,0.06,13.25,-,-,-,0.02,-,-,0.06,13.27,2025-01-06T19:34:53.002Z,2025-04-29T10:58:40.243Z,,,,UPI,upi-apps,2024,Jul,,,,en
965,67,Niyo Global #,0.06,28.59,-,-,-,-,-,-,0.06,28.59,2025-01-06T19:34:53.002Z,2025-04-29T10:58:40.327Z,,,,UPI,upi-apps,2024,Jul,,,,en
966,68,Karur Vysya Bank Apps,0.06,20.69,-,-,-,-,-,-,0.06,20.69,2025-01-06T19:34:53.002Z,2025-04-29T10:58:40.407Z,,,,UPI,upi-apps,2024,Jul,,,,en
967,69,Rapi Pay #,0.04,5.95,-,-,-,-,-,-,0.04,5.95,2025-01-06T19:34:53.002Z,2025-04-29T10:58:40.491Z,,,,UPI,upi-apps,2024,Jul,,,,en
968,70,Equitas Small Finance Bank Apps,0.04,28.20,-,-,-,-,-,-,0.04,28.20,2025-01-06T19:34:53.002Z,2025-04-29T10:58:40.572Z,,,,UPI,upi-apps,2024,Jul,,,,en
969,71,Punjab Sind Bank Apps,0.03,14.96,-,-,-,-,-,-,0.03,14.96,2025-01-06T19:34:53.002Z,2025-04-29T10:58:40.653Z,,,,UPI,upi-apps,2024,Jul,,,,en
970,72,Allahabad Bank Apps,0.02,5.19,-,-,-,-,-,-,0.02,5.19,2025-01-06T19:34:53.002Z,2025-04-29T10:58:40.735Z,,,,UPI,upi-apps,2024,Jul,,,,en
971,73,Other Apps,1.34,191.87,-,0.08,0.15,3.99,-,-,1.48,195.85,2025-01-06T19:34:53.002Z,2025-04-29T10:58:40.818Z,,,,UPI,upi-apps,2024,Jul,,,,en
3660,1,PhonePe,7236.49,1033264.34,-,-,-,-,-,-,7236.49,1033264.34,2025-01-09T14:50:41.062Z,2025-04-29T11:01:16.970Z,,,,UPI,upi-apps,2024,Aug,,,,en
3661,2,Google Pay #,5592.45,742223.07,-,-,-,-,-,-,5592.45,742223.07,2025-01-09T14:50:41.062Z,2025-04-29T11:01:17.052Z,,,,UPI,upi-apps,2024,Aug,,,,en
3662,3,Paytm,1078.90,113672.16,-,-,-,-,-,-,1078.90,113672.17,2025-01-09T14:50:41.062Z,2025-04-29T11:01:17.131Z,,,,UPI,upi-apps,2024,Aug,,,,en
3663,4,Cred #,147.48,50720.89,-,-,-,-,-,-,147.48,50720.89,2025-01-09T14:50:41.062Z,2025-04-29T11:01:17.210Z,,,,UPI,upi-apps,2024,Aug,,,,en
3664,5,Axis Bank Apps,18.05,4189.44,95.91,1642.70,0.01,2.21,-,-,113.97,5834.35,2025-01-09T14:50:41.062Z,2025-04-29T11:01:17.289Z,,,,UPI,upi-apps,2024,Aug,,,,en
3665,6,Navi #,88.71,4651.32,-,-,-,-,-,-,88.71,4651.32,2025-01-09T14:50:41.062Z,2025-04-29T11:01:17.370Z,,,,UPI,upi-apps,2024,Aug,,,,en
3666,7,Amazon Pay #,70.72,7744.21,-,-,-,-,-,-,70.72,7744.21,2025-01-09T14:50:41.062Z,2025-04-29T11:01:17.451Z,,,,UPI,upi-apps,2024,Aug,,,,en
3667,8,Fam Pay by Trio #,57.16,686.06,-,-,-,-,-,-,57.16,686.06,2025-01-09T14:50:41.062Z,2025-04-29T11:01:17.529Z,,,,UPI,upi-apps,2024,Aug,,,,en
3668,9,ICICI Bank Apps,48.59,18120.13,0.01,6.62,2.72,3182.57,-,-,51.31,21309.33,2025-01-09T14:50:41.062Z,2025-04-29T11:01:17.608Z,,,,UPI,upi-apps,2024,Aug,,,,en
3669,10,Kotak Mahindra Bank Apps,46.94,6349.00,-,-,-,-,-,-,46.94,6349.00,2025-01-09T14:50:41.062Z,2025-04-29T11:01:17.687Z,,,,UPI,upi-apps,2024,Aug,,,,en
3670,11,WhatsApp #,45.43,3421.99,-,-,-,-,-,-,45.43,3421.99,2025-01-09T14:50:41.062Z,2025-04-29T11:01:17.767Z,,,,UPI,upi-apps,2024,Aug,,,,en
3671,12,HDFC Bank Apps,35.74,8834.38,0.26,0.39,0.01,0.42,-,-,36.00,8835.19,2025-01-09T14:50:41.062Z,2025-04-29T11:01:17.849Z,,,,UPI,upi-apps,2024,Aug,,,,en
3672,13,Yes Bank Apps,25.94,9692.56,-,0.01,0.37,24.65,-,-,26.30,9717.22,2025-01-09T14:50:41.062Z,2025-04-29T11:01:17.929Z,,,,UPI,upi-apps,2024,Aug,,,,en
3673,14,BHIM,25.94,8363.28,-,-,-,-,-,-,25.94,8363.28,2025-01-09T14:50:41.062Z,2025-04-29T11:01:18.010Z,,,,UPI,upi-apps,2024,Aug,,,,en
3674,15,Airtel Payments Bank Apps,17.56,1221.85,-,0.01,-,-,-,0.05,17.56,1221.86,2025-01-09T14:50:41.062Z,2025-04-29T11:01:18.090Z,,,,UPI,upi-apps,2024,Aug,,,,en
3675,16,Mobikwik #,14.94,3012.52,-,-,-,-,-,-,14.94,3012.52,2025-01-09T14:50:41.062Z,2025-04-29T11:01:18.170Z,,,,UPI,upi-apps,2024,Aug,,,,en
3676,17,Groww #,13.65,9693.95,-,-,-,-,-,-,13.65,9693.95,2025-01-09T14:50:41.062Z,2025-04-29T11:01:18.250Z,,,,UPI,upi-apps,2024,Aug,,,,en
3677,18,super.money #,11.63,385.77,-,-,-,-,-,-,11.63,385.77,2025-01-09T14:50:41.062Z,2025-04-29T11:01:18.328Z,,,,UPI,upi-apps,2024,Aug,,,,en
3678,19,Bajaj Finserv #,11.01,2639.91,-,-,-,-,-,-,11.01,2639.91,2025-01-09T14:50:41.062Z,2025-04-29T11:01:18.411Z,,,,UPI,upi-apps,2024,Aug,,,,en
3679,20,slice #,10.53,775.67,-,-,-,-,-,-,10.53,775.67,2025-01-09T14:50:41.062Z,2025-04-29T11:01:18.502Z,,,,UPI,upi-apps,2024,Aug,,,,en
3680,21,State Bank of India Apps,9.00,2827.84,-,-,-,-,-,-,9.00,2827.84,2025-01-09T14:50:41.062Z,2025-04-29T11:01:18.585Z,,,,UPI,upi-apps,2024,Aug,,,,en
3681,22,Flipkart UPI #,8.60,468.99,-,-,-,-,-,-,8.60,468.99,2025-01-09T14:50:41.062Z,2025-04-29T11:01:18.666Z,,,,UPI,upi-apps,2024,Aug,,,,en
3682,23,IDFC Bank Apps,8.01,1768.92,-,-,-,-,-,-,8.01,1768.92,2025-01-09T14:50:41.062Z,2025-04-29T11:01:18.748Z,,,,UPI,upi-apps,2024,Aug,,,,en
3683,24,Samsung Pay #,7.14,567.24,-,-,-,-,-,-,7.14,567.24,2025-01-09T14:50:41.062Z,2025-04-29T11:01:18.830Z,,,,UPI,upi-apps,2024,Aug,,,,en
3684,25,India Post Payments Bank Apps,7.04,906.00,-,-,-,-,-,-,7.04,906.00,2025-01-09T14:50:41.062Z,2025-04-29T11:01:18.910Z,,,,UPI,upi-apps,2024,Aug,,,,en
3685,26,Federal Bank Apps,6.25,901.05,-,-,-,-,-,-,6.25,901.05,2025-01-09T14:50:41.062Z,2025-04-29T11:01:18.990Z,,,,UPI,upi-apps,2024,Aug,,,,en
3686,27,Jupiter Money #,6.04,807.39,-,-,-,-,-,-,6.04,807.39,2025-01-09T14:50:41.062Z,2025-04-29T11:01:19.071Z,,,,UPI,upi-apps,2024,Aug,,,,en
3687,28,Deutsche Bank Apps,3.73,369.37,-,-,-,0.07,-,-,3.73,369.45,2025-01-09T14:50:41.062Z,2025-04-29T11:01:19.152Z,,,,UPI,upi-apps,2024,Aug,,,,en
3688,29,Canara Bank Apps,3.10,810.75,-,-,-,-,-,-,3.10,810.75,2025-01-09T14:50:41.062Z,2025-04-29T11:01:19.234Z,,,,UPI,upi-apps,2024,Aug,,,,en
3689,30,Jio Payments Bank Apps,2.62,201.60,-,-,-,-,-,-,2.62,201.60,2025-01-09T14:50:41.062Z,2025-04-29T11:01:19.315Z,,,,UPI,upi-apps,2024,Aug,,,,en
3690,31,Punjab National Bank Apps,2.57,595.26,-,-,-,-,-,-,2.57,595.26,2025-01-09T14:50:41.062Z,2025-04-29T11:01:19.399Z,,,,UPI,upi-apps,2024,Aug,,,,en
3691,32,Indian Bank Apps,2.26,373.47,-,-,-,0.28,-,-,2.26,373.75,2025-01-09T14:50:41.062Z,2025-04-29T11:01:19.482Z,,,,UPI,upi-apps,2024,Aug,,,,en
3692,33,RBL Bank Apps,1.53,548.79,-,-,0.02,5.51,-,-,1.55,554.30,2025-01-09T14:50:41.062Z,2025-04-29T11:01:19.562Z,,,,UPI,upi-apps,2024,Aug,,,,en
3693,34,Timepay #,1.29,12.89,-,-,-,0.02,-,-,1.29,12.90,2025-01-09T14:50:41.062Z,2025-04-29T11:01:19.642Z,,,,UPI,upi-apps,2024,Aug,,,,en
3694,35,Union Bank Apps,1.27,468.83,-,-,-,-,-,-,1.27,468.83,2025-01-09T14:50:41.062Z,2025-04-29T11:01:19.722Z,,,,UPI,upi-apps,2024,Aug,,,,en
3695,36,OmniCard #,1.21,61.66,-,-,-,-,-,-,1.21,61.66,2025-01-09T14:50:41.062Z,2025-04-29T11:01:19.802Z,,,,UPI,upi-apps,2024,Aug,,,,en
3696,37,Bank of Baroda Apps,1.13,449.45,-,-,-,-,-,-,1.13,449.45,2025-01-09T14:50:41.062Z,2025-04-29T11:01:19.883Z,,,,UPI,upi-apps,2024,Aug,,,,en
3697,38,Jammu and Kashmir Bank Apps,0.93,122.73,-,-,-,-,-,-,0.93,122.73,2025-01-09T14:50:41.062Z,2025-04-29T11:01:19.965Z,,,,UPI,upi-apps,2024,Aug,,,,en
3698,39,Central Bank of India Apps,0.85,173.27,-,-,-,-,-,-,0.85,173.27,2025-01-09T14:50:41.062Z,2025-04-29T11:01:20.055Z,,,,UPI,upi-apps,2024,Aug,,,,en
3699,40,POP UPI,0.77,72.62,-,-,-,-,-,-,0.77,72.62,2025-01-09T14:50:41.062Z,2026-02-26T10:09:21.504Z,,,1.0,UPI,upi-apps,2024,Aug,,,,en
3700,41,South Indian Bank Apps,0.62,168.87,-,-,-,-,-,-,0.62,168.87,2025-01-09T14:50:41.062Z,2025-04-29T11:01:20.218Z,,,,UPI,upi-apps,2024,Aug,,,,en
3701,42,AU Small Finance Bank Apps,0.53,155.57,-,-,-,-,-,-,0.53,155.57,2025-01-09T14:50:41.062Z,2025-04-29T11:01:20.299Z,,,,UPI,upi-apps,2024,Aug,,,,en
3702,43,DBS Digibank Apps,0.52,198.88,-,-,-,0.58,-,-,0.52,199.46,2025-01-09T14:50:41.062Z,2025-04-29T11:01:20.380Z,,,,UPI,upi-apps,2024,Aug,,,,en
3703,44,Aditya Birla Capital Digital,0.51,16.36,-,-,-,-,-,-,0.51,16.36,2025-01-09T14:50:41.062Z,2025-04-29T11:01:20.461Z,,,,UPI,upi-apps,2024,Aug,,,,en
3704,45,HSBC Bank Apps,0.49,168.50,-,0.09,-,-,-,-,0.49,168.59,2025-01-09T14:50:41.062Z,2025-04-29T11:01:20.542Z,,,,UPI,upi-apps,2024,Aug,,,,en
3705,46,Fino Payments bank Apps,0.46,54.37,-,-,-,-,-,-,0.46,54.37,2025-01-09T14:50:41.062Z,2025-04-29T11:01:20.622Z,,,,UPI,upi-apps,2024,Aug,,,,en
3706,47,IndusInd Bank Apps,0.37,99.26,-,-,0.01,2.23,-,-,0.37,101.49,2025-01-09T14:50:41.062Z,2025-04-29T11:01:20.702Z,,,,UPI,upi-apps,2024,Aug,,,,en
3707,48,Digikhata #,0.33,110.14,-,-,-,-,-,-,0.33,110.14,2025-01-09T14:50:41.062Z,2025-04-29T11:01:20.780Z,,,,UPI,upi-apps,2024,Aug,,,,en
3708,49,Shri Ram One #,0.33,37.87,-,-,-,-,-,-,0.33,37.87,2025-01-09T14:50:41.062Z,2025-04-29T11:01:20.859Z,,,,UPI,upi-apps,2024,Aug,,,,en
3709,50,Kiwi #,0.29,37.80,-,-,-,-,-,-,0.29,37.80,2025-01-09T14:50:41.062Z,2025-04-29T11:01:20.940Z,,,,UPI,upi-apps,2024,Aug,,,,en
3710,51,UCO Bank Apps,0.24,53.95,-,-,-,-,-,-,0.24,53.95,2025-01-09T14:50:41.062Z,2025-04-29T11:01:21.020Z,,,,UPI,upi-apps,2024,Aug,,,,en
3711,52,Suryoday Bank Apps,0.21,0.02,-,-,-,-,-,-,0.21,0.02,2025-01-09T14:50:41.062Z,2025-04-29T11:01:21.101Z,,,,UPI,upi-apps,2024,Aug,,,,en
3712,53,Karnataka Bank Apps,0.19,39.14,-,-,-,-,-,-,0.19,39.14,2025-01-09T14:50:41.062Z,2025-04-29T11:01:21.182Z,,,,UPI,upi-apps,2024,Aug,,,,en
3713,54,TataNeu #,0.18,28.51,-,-,-,-,-,-,0.18,28.51,2025-01-09T14:50:41.062Z,2025-04-29T11:01:21.262Z,,,,UPI,upi-apps,2024,Aug,,,,en
3714,55,Standard Chartered Bank Apps,0.18,116.65,-,-,-,0.03,-,-,0.18,116.68,2025-01-09T14:50:41.062Z,2025-04-29T11:01:21.344Z,,,,UPI,upi-apps,2024,Aug,,,,en
3715,56,Indian Overseas Bank Apps,0.17,46.55,-,-,-,-,-,-,0.17,46.55,2025-01-09T14:50:41.062Z,2025-04-29T11:01:21.425Z,,,,UPI,upi-apps,2024,Aug,,,,en
3716,57,Dhani,0.12,15.89,-,-,-,-,-,-,0.12,15.89,2025-01-09T14:50:41.062Z,2025-04-29T11:01:21.506Z,,,,UPI,upi-apps,2024,Aug,,,,en
3717,58,Ultracash,0.12,8.68,-,-,-,-,-,-,0.12,8.68,2025-01-09T14:50:41.062Z,2025-04-29T11:01:21.587Z,,,,UPI,upi-apps,2024,Aug,,,,en
3718,59,Bank of India Apps,0.11,28.04,-,-,-,-,-,-,0.11,28.04,2025-01-09T14:50:41.062Z,2025-04-29T11:01:21.672Z,,,,UPI,upi-apps,2024,Aug,,,,en
3719,60,IDBI Bank Apps,0.09,33.76,-,-,-,-,-,-,0.09,33.76,2025-01-09T14:50:41.063Z,2025-04-29T11:01:21.755Z,,,,UPI,upi-apps,2024,Aug,,,,en
3720,61,City Union Bank Apps,0.08,29.36,-,-,-,-,-,-,0.08,29.36,2025-01-09T14:50:41.063Z,2025-04-29T11:01:21.838Z,,,,UPI,upi-apps,2024,Aug,,,,en
3721,62,Niyo Global,0.08,40.29,-,-,-,-,-,-,0.08,40.29,2025-01-09T14:50:41.063Z,2025-04-29T11:01:21.917Z,,,,UPI,upi-apps,2024,Aug,,,,en
3722,63,Tamilnad Mercantile Bank Apps,0.08,24.17,-,-,-,-,-,-,0.08,24.17,2025-01-09T14:50:41.063Z,2025-04-29T11:01:21.996Z,,,,UPI,upi-apps,2024,Aug,,,,en
3723,64,NSDL Payments Bank Apps,0.08,11.72,-,-,-,-,-,-,0.08,11.72,2025-01-09T14:50:41.063Z,2025-04-29T11:01:22.081Z,,,,UPI,upi-apps,2024,Aug,,,,en
3724,65,Karur Vysya Bank Apps,0.06,21.00,-,-,-,-,-,-,0.06,21.00,2025-01-09T14:50:41.063Z,2025-04-29T11:01:22.155Z,,,,UPI,upi-apps,2024,Aug,,,,en
3725,66,Rapi Pay,0.06,9.04,-,-,-,-,-,-,0.06,9.04,2025-01-09T14:50:41.063Z,2025-04-29T11:01:22.233Z,,,,UPI,upi-apps,2024,Aug,,,,en
3726,67,Equitas Small Finance Bank Apps,0.04,26.40,-,-,-,-,-,-,0.04,26.40,2025-01-09T14:50:41.063Z,2025-04-29T11:01:22.312Z,,,,UPI,upi-apps,2024,Aug,,,,en
3727,68,Punjab Sind Bank Apps,0.03,13.83,-,-,-,-,-,-,0.03,13.83,2025-01-09T14:50:41.063Z,2025-04-29T11:01:22.392Z,,,,UPI,upi-apps,2024,Aug,,,,en
3728,69,Allahabad Bank Apps,0.02,5.13,-,-,-,-,-,-,0.02,5.13,2025-01-09T14:50:41.063Z,2025-04-29T11:01:22.472Z,,,,UPI,upi-apps,2024,Aug,,,,en
3729,70,Others,1.66,226.14,-,-,0.15,4.44,-,-,1.82,230.58,2025-01-09T14:50:41.063Z,2025-04-29T11:01:22.551Z,,,,UPI,upi-apps,2024,Aug,,,,en
3584,1,PhonePe,7221.22,1030871.00,-,-,-,-,-,-,7221.22,1030871.00,2025-01-09T14:46:29.461Z,2025-04-29T11:01:10.795Z,,,,UPI,upi-apps,2024,Sep,,,,en
3585,2,Google Pay #,5625.22,746690.05,-,-,-,-,-,-,5625.22,746690.05,2025-01-09T14:46:29.461Z,2025-04-29T11:01:10.873Z,,,,UPI,upi-apps,2024,Sep,,,,en
3586,3,Paytm,1064.62,113351.53,-,0.01,-,-,-,-,1064.62,113351.54,2025-01-09T14:46:29.461Z,2025-04-29T11:01:10.953Z,,,,UPI,upi-apps,2024,Sep,,,,en
3587,4,Cred #,140.00,47982.71,-,-,-,-,-,-,140.00,47982.71,2025-01-09T14:46:29.461Z,2025-04-29T11:01:11.033Z,,,,UPI,upi-apps,2024,Sep,,,,en
3588,5,Navi #,120.41,6549.10,-,-,-,-,-,-,120.41,6549.10,2025-01-09T14:46:29.461Z,2025-04-29T11:01:11.118Z,,,,UPI,upi-apps,2024,Sep,,,,en
3589,6,Axis Bank Apps,17.88,4248.02,102.50,1736.70,0.01,1.76,-,-,120.38,5986.48,2025-01-09T14:46:29.461Z,2025-04-29T11:01:11.198Z,,,,UPI,upi-apps,2024,Sep,,,,en
3590,7,Amazon Pay #,70.98,7845.04,-,-,-,-,-,-,70.98,7845.04,2025-01-09T14:46:29.461Z,2025-04-29T11:01:11.282Z,,,,UPI,upi-apps,2024,Sep,,,,en
3591,8,Fam App by Trio #,61.05,714.29,-,-,-,-,-,-,61.05,714.29,2025-01-09T14:46:29.461Z,2025-04-29T11:01:11.366Z,,,,UPI,upi-apps,2024,Sep,,,,en
3592,9,ICICI Bank Apps,50.84,17864.44,0.01,7.85,2.74,3203.84,-,-,53.59,21076.12,2025-01-09T14:46:29.461Z,2025-04-29T11:01:11.448Z,,,,UPI,upi-apps,2024,Sep,,,,en
3593,10,WhatsApp #,48.75,3586.71,-,-,-,-,-,-,48.75,3586.71,2025-01-09T14:46:29.461Z,2025-04-29T11:01:11.529Z,,,,UPI,upi-apps,2024,Sep,,,,en
3594,11,Kotak Mahindra Bank Apps,47.14,6413.16,-,-,-,-,-,-,47.14,6413.16,2025-01-09T14:46:29.461Z,2025-04-29T11:01:11.611Z,,,,UPI,upi-apps,2024,Sep,,,,en
3595,12,HDFC Bank Apps,35.84,8995.98,0.29,0.53,0.01,0.60,-,-,36.14,8997.11,2025-01-09T14:46:29.461Z,2025-04-29T11:01:11.693Z,,,,UPI,upi-apps,2024,Sep,,,,en
3596,13,Yes Bank Apps,30.61,9747.12,-,0.02,0.66,30.35,-,-,31.27,9777.48,2025-01-09T14:46:29.461Z,2025-04-29T11:01:11.773Z,,,,UPI,upi-apps,2024,Sep,,,,en
3597,14,BHIM,26.39,8466.30,-,-,-,-,-,-,26.39,8466.30,2025-01-09T14:46:29.461Z,2025-04-29T11:01:11.853Z,,,,UPI,upi-apps,2024,Sep,,,,en
3598,15,super.money #,25.75,1131.59,-,-,-,-,-,0.05,25.75,1131.59,2025-01-09T14:46:29.461Z,2025-04-29T11:01:11.933Z,,,,UPI,upi-apps,2024,Sep,,,,en
3599,16,Airtel Payments Bank Apps,17.41,1278.37,-,0.01,-,0.06,-,-,17.41,1278.38,2025-01-09T14:46:29.461Z,2025-04-29T11:01:12.014Z,,,,UPI,upi-apps,2024,Sep,,,,en
3600,17,Mobikwik #,16.07,2964.08,-,-,-,-,-,-,16.07,2964.08,2025-01-09T14:46:29.461Z,2025-04-29T11:01:12.094Z,,,,UPI,upi-apps,2024,Sep,,,,en
3601,18,Groww #,13.46,9526.49,-,-,-,-,-,-,13.46,9526.49,2025-01-09T14:46:29.461Z,2025-04-29T11:01:12.175Z,,,,UPI,upi-apps,2024,Sep,,,,en
3602,19,Flipkart UPI #,12.85,734.80,-,-,-,-,-,-,12.85,734.80,2025-01-09T14:46:29.461Z,2025-04-29T11:01:12.256Z,,,,UPI,upi-apps,2024,Sep,,,,en
3603,20,Bajaj Finserv #,11.15,2711.55,-,-,-,-,-,-,11.15,2711.55,2025-01-09T14:46:29.461Z,2025-04-29T11:01:12.337Z,,,,UPI,upi-apps,2024,Sep,,,,en
3604,21,slice #,10.62,792.06,-,-,-,-,-,-,10.62,792.06,2025-01-09T14:46:29.461Z,2025-04-29T11:01:12.420Z,,,,UPI,upi-apps,2024,Sep,,,,en
3605,22,State Bank of India Apps,9.80,2883.41,-,-,-,-,-,-,9.80,2883.42,2025-01-09T14:46:29.461Z,2025-04-29T11:01:12.502Z,,,,UPI,upi-apps,2024,Sep,,,,en
3606,23,IDFC Bank Apps,8.33,1838.99,-,-,-,-,-,-,8.33,1838.99,2025-01-09T14:46:29.461Z,2025-04-29T11:01:12.582Z,,,,UPI,upi-apps,2024,Sep,,,,en
3607,24,Samsung Pay #,7.33,564.50,-,-,-,-,-,-,7.33,564.50,2025-01-09T14:46:29.461Z,2025-04-29T11:01:12.663Z,,,,UPI,upi-apps,2024,Sep,,,,en
3608,25,India Post Payments Bank Apps,6.96,908.78,-,-,-,-,-,-,6.96,908.78,2025-01-09T14:46:29.461Z,2025-04-29T11:01:12.744Z,,,,UPI,upi-apps,2024,Sep,,,,en
3609,26,Federal Bank Apps,6.30,918.67,-,-,-,-,-,-,6.30,918.67,2025-01-09T14:46:29.461Z,2025-04-29T11:01:12.824Z,,,,UPI,upi-apps,2024,Sep,,,,en
3610,27,Jupiter Money #,6.13,810.01,-,-,-,-,-,-,6.13,810.01,2025-01-09T14:46:29.461Z,2025-04-29T11:01:12.906Z,,,,UPI,upi-apps,2024,Sep,,,,en
3611,28,Deutsche Bank Apps,3.05,348.84,-,-,-,0.06,-,-,3.05,348.90,2025-01-09T14:46:29.461Z,2025-04-29T11:01:12.988Z,,,,UPI,upi-apps,2024,Sep,,,,en
3612,29,Canara Bank Apps,3.04,799.52,-,-,-,-,-,-,3.04,799.52,2025-01-09T14:46:29.461Z,2025-04-29T11:01:13.071Z,,,,UPI,upi-apps,2024,Sep,,,,en
3613,30,Jio Payments Bank Apps,2.79,212.23,-,-,-,-,-,-,2.79,212.23,2025-01-09T14:46:29.461Z,2025-04-29T11:01:13.150Z,,,,UPI,upi-apps,2024,Sep,,,,en
3614,31,Punjab National Bank Apps,2.74,606.83,-,-,-,-,-,-,2.74,606.83,2025-01-09T14:46:29.461Z,2025-04-29T11:01:13.230Z,,,,UPI,upi-apps,2024,Sep,,,,en
3615,32,Indian Bank Apps,2.69,424.84,-,-,-,0.05,-,-,2.69,424.89,2025-01-09T14:46:29.461Z,2025-04-29T11:01:13.310Z,,,,UPI,upi-apps,2024,Sep,,,,en
3616,33,POP UPI,1.81,131.20,-,-,-,-,-,-,1.81,131.20,2025-01-09T14:46:29.461Z,2026-02-26T10:10:57.807Z,,,1.0,UPI,upi-apps,2024,Sep,,,,en
3617,34,Timepay #,1.74,15.26,-,-,-,-,-,-,1.74,15.26,2025-01-09T14:46:29.461Z,2025-04-29T11:01:13.471Z,,,,UPI,upi-apps,2024,Sep,,,,en
3618,35,RBL Bank Apps,1.64,599.18,-,-,0.01,4.26,-,-,1.66,603.44,2025-01-09T14:46:29.461Z,2025-04-29T11:01:13.552Z,,,,UPI,upi-apps,2024,Sep,,,,en
3619,36,OmniCard,1.31,74.96,-,-,-,-,-,-,1.31,74.96,2025-01-09T14:46:29.461Z,2025-04-29T11:01:13.643Z,,,,UPI,upi-apps,2024,Sep,,,,en
3620,37,Bank of Baroda Apps,1.12,452.89,-,-,-,-,-,-,1.12,452.89,2025-01-09T14:46:29.461Z,2025-04-29T11:01:13.719Z,,,,UPI,upi-apps,2024,Sep,,,,en
3621,38,Central Bank of India Apps,0.97,189.93,-,-,-,-,-,-,0.97,189.93,2025-01-09T14:46:29.461Z,2025-04-29T11:01:13.801Z,,,,UPI,upi-apps,2024,Sep,,,,en
3622,39,Jammu and Kashmir Bank Apps,0.77,118.94,-,-,-,-,-,-,0.77,118.94,2025-01-09T14:46:29.462Z,2025-04-29T11:01:13.890Z,,,,UPI,upi-apps,2024,Sep,,,,en
3623,40,Aditya Birla Capital Digital,0.72,32.26,-,-,-,-,-,-,0.72,32.26,2025-01-09T14:46:29.462Z,2025-04-29T11:01:13.969Z,,,,UPI,upi-apps,2024,Sep,,,,en
3624,41,Union Bank Apps,0.62,212.37,-,-,-,-,-,-,0.62,212.37,2025-01-09T14:46:29.462Z,2025-04-29T11:01:14.053Z,,,,UPI,upi-apps,2024,Sep,,,,en
3625,42,South Indian Bank Apps,0.60,169.06,-,-,-,-,-,-,0.60,169.06,2025-01-09T14:46:29.462Z,2025-04-29T11:01:14.135Z,,,,UPI,upi-apps,2024,Sep,,,,en
3626,43,DBS Digibank Apps,0.52,199.76,-,-,-,0.66,-,-,0.52,200.42,2025-01-09T14:46:29.462Z,2025-04-29T11:01:14.216Z,,,,UPI,upi-apps,2024,Sep,,,,en
3627,44,HSBC Bank Apps,0.50,153.35,-,0.10,-,0.09,-,-,0.51,153.54,2025-01-09T14:46:29.462Z,2025-04-29T11:01:14.297Z,,,,UPI,upi-apps,2024,Sep,,,,en
3628,45,Fino Payments bank Apps,0.49,57.89,-,-,-,-,-,-,0.49,57.89,2025-01-09T14:46:29.462Z,2025-04-29T11:01:14.379Z,,,,UPI,upi-apps,2024,Sep,,,,en
3629,46,AU Small Finance Bank Apps,0.46,136.87,-,-,-,-,-,-,0.46,136.87,2025-01-09T14:46:29.462Z,2025-04-29T11:01:14.467Z,,,,UPI,upi-apps,2024,Sep,,,,en
3630,47,Digikhata,0.38,122.41,-,-,-,-,-,-,0.38,122.41,2025-01-09T14:46:29.462Z,2025-04-29T11:01:14.548Z,,,,UPI,upi-apps,2024,Sep,,,,en
3631,48,IndusInd Bank Apps,0.35,88.40,-,-,0.01,2.17,-,-,0.36,90.58,2025-01-09T14:46:29.462Z,2025-04-29T11:01:14.628Z,,,,UPI,upi-apps,2024,Sep,,,,en
3632,49,Shri Ram One #,0.35,42.33,-,-,-,-,-,-,0.35,42.33,2025-01-09T14:46:29.462Z,2025-04-29T11:01:14.709Z,,,,UPI,upi-apps,2024,Sep,,,,en
3633,50,Kiwi #,0.29,44.31,-,-,-,-,-,-,0.29,44.31,2025-01-09T14:46:29.462Z,2025-04-29T11:01:14.790Z,,,,UPI,upi-apps,2024,Sep,,,,en
3634,51,Suryoday Bank Apps,0.29,0.03,-,-,-,-,-,-,0.29,0.03,2025-01-09T14:46:29.462Z,2025-04-29T11:01:14.871Z,,,,UPI,upi-apps,2024,Sep,,,,en
3635,52,UCO Bank Apps,0.26,59.89,-,-,-,-,-,-,0.26,59.89,2025-01-09T14:46:29.462Z,2025-04-29T11:01:14.955Z,,,,UPI,upi-apps,2024,Sep,,,,en
3636,53,TataNeu #,0.21,40.50,-,-,-,-,-,-,0.21,40.50,2025-01-09T14:46:29.462Z,2025-04-29T11:01:15.035Z,,,,UPI,upi-apps,2024,Sep,,,,en
3637,54,Indian Overseas Bank Apps,0.17,48.02,-,-,-,-,-,-,0.17,48.02,2025-01-09T14:46:29.462Z,2025-04-29T11:01:15.115Z,,,,UPI,upi-apps,2024,Sep,,,,en
3638,55,Standard Chartered Bank Apps,0.17,108.84,-,-,-,0.02,-,-,0.17,108.86,2025-01-09T14:46:29.462Z,2025-04-29T11:01:15.194Z,,,,UPI,upi-apps,2024,Sep,,,,en
3639,56,Karnataka Bank Apps,0.15,31.93,-,-,-,-,-,-,0.15,31.93,2025-01-09T14:46:29.462Z,2025-04-29T11:01:15.273Z,,,,UPI,upi-apps,2024,Sep,,,,en
3640,57,Bank of India Apps,0.15,35.33,-,-,-,-,-,-,0.15,35.33,2025-01-09T14:46:29.462Z,2025-04-29T11:01:15.353Z,,,,UPI,upi-apps,2024,Sep,,,,en
3641,58,Dhani,0.13,15.76,-,-,-,-,-,-,0.13,15.76,2025-01-09T14:46:29.462Z,2025-04-29T11:01:15.431Z,,,,UPI,upi-apps,2024,Sep,,,,en
3642,59,Ultracash #,0.12,8.71,-,-,-,-,-,-,0.12,8.71,2025-01-09T14:46:29.462Z,2025-04-29T11:01:15.510Z,,,,UPI,upi-apps,2024,Sep,,,,en
3643,60,Niyo Global #,0.09,49.74,-,-,-,-,-,-,0.09,49.74,2025-01-09T14:46:29.462Z,2025-04-29T11:01:15.590Z,,,,UPI,upi-apps,2024,Sep,,,,en
3644,61,IDBI Bank Apps,0.09,34.69,-,-,-,-,-,-,0.09,34.69,2025-01-09T14:46:29.462Z,2025-04-29T11:01:15.672Z,,,,UPI,upi-apps,2024,Sep,,,,en
3645,62,NSDL Payments Bank Apps,0.08,10.60,-,-,-,-,-,-,0.08,10.60,2025-01-09T14:46:29.462Z,2025-04-29T11:01:15.752Z,,,,UPI,upi-apps,2024,Sep,,,,en
3646,63,City Union Bank Apps,0.07,27.34,-,-,-,-,-,-,0.07,27.34,2025-01-09T14:46:29.462Z,2025-04-29T11:01:15.830Z,,,,UPI,upi-apps,2024,Sep,,,,en
3647,64,Tamilnad Mercantile Bank Apps,0.07,22.04,-,-,-,-,-,-,0.07,22.04,2025-01-09T14:46:29.462Z,2025-04-29T11:01:15.910Z,,,,UPI,upi-apps,2024,Sep,,,,en
3648,65,Rapi Pay,0.06,9.55,-,-,-,-,-,-,0.06,9.55,2025-01-09T14:46:29.462Z,2025-04-29T11:01:15.991Z,,,,UPI,upi-apps,2024,Sep,,,,en
3649,66,Bharat Pe,0.06,6.03,-,-,-,-,-,-,0.06,6.03,2025-01-09T14:46:29.462Z,2025-04-29T11:01:16.077Z,,,,UPI,upi-apps,2024,Sep,,,,en
3650,67,True Balance,0.05,6.37,-,-,-,-,-,-,0.05,6.37,2025-01-09T14:46:29.462Z,2025-04-29T11:01:16.158Z,,,,UPI,upi-apps,2024,Sep,,,,en
3651,68,One Card #,0.05,27.93,-,-,-,-,-,-,0.05,27.93,2025-01-09T14:46:29.462Z,2025-04-29T11:01:16.243Z,,,,UPI,upi-apps,2024,Sep,,,,en
3652,69,Karur Vysya Bank Apps,0.05,16.83,-,-,-,-,-,-,0.05,16.83,2025-01-09T14:46:29.462Z,2025-04-29T11:01:16.323Z,,,,UPI,upi-apps,2024,Sep,,,,en
3653,70,Salary Se #,0.04,1.78,-,-,-,-,-,-,0.04,1.78,2025-01-09T14:46:29.462Z,2025-04-29T11:01:16.404Z,,,,UPI,upi-apps,2024,Sep,,,,en
3654,71,Freo Money #,0.04,1.91,-,-,-,-,-,-,0.04,1.91,2025-01-09T14:46:29.462Z,2025-04-29T11:01:16.486Z,,,,UPI,upi-apps,2024,Sep,,,,en
3655,72,Punjab Sind Bank Apps,0.03,16.39,-,-,-,-,-,-,0.03,16.39,2025-01-09T14:46:29.462Z,2025-04-29T11:01:16.568Z,,,,UPI,upi-apps,2024,Sep,,,,en
3656,73,Equitas Small Finance Bank Apps,0.03,24.45,-,-,-,-,-,-,0.03,24.45,2025-01-09T14:46:29.462Z,2025-04-29T11:01:16.647Z,,,,UPI,upi-apps,2024,Sep,,,,en
3657,74,Citi Bank Apps,0.03,1.76,-,-,-,0.17,-,-,0.03,1.93,2025-01-09T14:46:29.462Z,2025-04-29T11:01:16.726Z,,,,UPI,upi-apps,2024,Sep,,,,en
3658,75,Allahabad Bank Apps,0.02,5.54,-,-,-,-,-,-,0.02,5.54,2025-01-09T14:46:29.462Z,2025-04-29T11:01:16.806Z,,,,UPI,upi-apps,2024,Sep,,,,en
3659,76,Others,1.71,203.30,-,-,0.15,5.06,-,-,1.86,208.36,2025-01-09T14:46:29.462Z,2025-04-29T11:01:16.886Z,,,,UPI,upi-apps,2024,Sep,,,,en
1118,1,PhonePe,7905.54,1169290.03,-,-,-,-,-,-,7905.54,1169290.03,2025-01-06T19:42:15.865Z,2025-04-29T10:58:40.900Z,,,,UPI,upi-apps,2024,Oct,,,,en
1119,2,Google Pay #,6201.81,849327.38,-,-,-,-,-,-,6201.81,849327.38,2025-01-06T19:42:15.865Z,2025-04-29T10:58:40.981Z,,,,UPI,upi-apps,2024,Oct,,,,en
1120,3,Paytm,1165.01,129584.98,-,-,-,-,-,-,1165.01,129584.98,2025-01-06T19:42:15.865Z,2025-04-29T10:58:41.061Z,,,,UPI,upi-apps,2024,Oct,,,,en
1121,4,Navi #,157.51,8841.90,-,-,-,-,-,-,157.51,8841.90,2025-01-06T19:42:15.865Z,2025-04-29T10:58:41.143Z,,,,UPI,upi-apps,2024,Oct,,,,en
1122,5,Cred #,152.28,55202.12,-,-,-,-,-,-,152.28,55202.12,2025-01-06T19:42:15.865Z,2025-04-29T10:58:41.223Z,,,,UPI,upi-apps,2024,Oct,,,,en
1123,6,Axis Bank Apps,21.97,4527.19,117.70,2300.48,0.01,1.86,-,-,139.68,6829.53,2025-01-06T19:42:15.865Z,2025-04-29T10:58:41.301Z,,,,UPI,upi-apps,2024,Oct,,,,en
1124,7,Amazon Pay #,79.55,9205.72,-,-,-,-,-,-,79.55,9205.72,2025-01-06T19:42:15.865Z,2025-04-29T10:58:41.383Z,,,,UPI,upi-apps,2024,Oct,,,,en
1125,8,FamApp by Trio #,69.90,825.19,-,-,-,-,-,-,69.90,825.19,2025-01-06T19:42:15.865Z,2025-04-29T10:58:41.463Z,,,,UPI,upi-apps,2024,Oct,,,,en
1126,9,ICICI Bank Apps,54.77,20505.95,0.01,10.00,2.76,3171.01,-,-,57.54,23686.95,2025-01-06T19:42:15.865Z,2025-04-29T10:58:41.544Z,,,,UPI,upi-apps,2024,Oct,,,,en
1127,10,Whatsapp #,55.07,4137.17,-,-,-,-,-,-,55.07,4137.17,2025-01-06T19:42:15.865Z,2025-04-29T10:58:41.628Z,,,,UPI,upi-apps,2024,Oct,,,,en
1128,11,Kotak Mahindra Bank Apps,51.92,7565.22,-,-,-,-,-,-,51.92,7565.22,2025-01-06T19:42:15.865Z,2025-04-29T10:58:41.708Z,,,,UPI,upi-apps,2024,Oct,,,,en
1129,12,super.money #,49.68,2167.86,-,-,-,-,-,-,49.68,2167.86,2025-01-06T19:42:15.865Z,2025-04-29T10:58:41.795Z,,,,UPI,upi-apps,2024,Oct,,,,en
1130,13,HDFC Bank Apps,39.13,10426.92,0.27,0.39,0.01,0.67,-,-,39.41,10427.97,2025-01-06T19:42:15.865Z,2025-04-29T10:58:41.875Z,,,,UPI,upi-apps,2024,Oct,,,,en
1131,14,Yes Bank Apps,36.37,10230.68,-,0.01,0.42,14.79,-,-,36.79,10245.47,2025-01-06T19:42:15.865Z,2025-04-29T10:58:41.958Z,,,,UPI,upi-apps,2024,Oct,,,,en
1132,15,BHIM,29.90,10170.60,-,-,-,-,-,-,29.90,10170.60,2025-01-06T19:42:15.865Z,2025-12-23T06:52:39.883Z,,,1.0,UPI,upi-apps,2024,Oct,,,,en
1133,16,Airtel Payments Bank Apps,20.03,1504.27,-,-,-,0.08,-,-,20.03,1504.36,2025-01-06T19:42:15.865Z,2025-04-29T10:58:42.118Z,,,,UPI,upi-apps,2024,Oct,,,,en
1134,17,Mobikwik #,17.20,2995.42,-,-,-,-,-,-,17.20,2995.42,2025-01-06T19:42:15.865Z,2025-04-29T10:58:42.200Z,,,,UPI,upi-apps,2024,Oct,,,,en
1135,18,Groww #,15.35,11862.09,-,-,-,-,-,-,15.35,11862.09,2025-01-06T19:42:15.865Z,2025-04-29T10:58:42.281Z,,,,UPI,upi-apps,2024,Oct,,,,en
1136,19,Flipkart UPI #,14.62,825.95,-,-,-,-,-,-,14.62,825.95,2025-01-06T19:42:15.865Z,2025-04-29T10:58:42.361Z,,,,UPI,upi-apps,2024,Oct,,,,en
1137,20,Slice #,12.19,907.37,-,-,-,-,-,-,12.19,907.37,2025-01-06T19:42:15.865Z,2025-04-29T10:58:42.442Z,,,,UPI,upi-apps,2024,Oct,,,,en
1138,21,State Bank of India Apps,11.73,3527.88,-,-,-,-,-,-,11.73,3527.88,2025-01-06T19:42:15.865Z,2025-04-29T10:58:42.525Z,,,,UPI,upi-apps,2024,Oct,,,,en
1139,22,Bajaj Finserv #,10.66,2330.26,-,-,-,-,-,-,10.66,2330.26,2025-01-06T19:42:15.865Z,2025-04-29T10:58:42.605Z,,,,UPI,upi-apps,2024,Oct,,,,en
1140,23,India Post Payments Bank Apps,10.11,1507.56,-,-,-,-,-,-,10.11,1507.56,2025-01-06T19:42:15.865Z,2025-04-29T10:58:42.735Z,,,,UPI,upi-apps,2024,Oct,,,,en
1141,24,IDFC Bank Apps,9.32,2162.46,-,-,-,0.39,-,-,9.33,2162.85,2025-01-06T19:42:15.865Z,2025-04-29T10:58:42.819Z,,,,UPI,upi-apps,2024,Oct,,,,en
1142,25,Samsung Pay #,8.56,664.70,-,-,-,-,-,-,8.56,664.70,2025-01-06T19:42:15.865Z,2025-04-29T10:58:42.901Z,,,,UPI,upi-apps,2024,Oct,,,,en
1143,26,Jupiter Money #,6.36,873.89,-,-,-,-,-,-,6.36,873.89,2025-01-06T19:42:15.865Z,2025-04-29T10:58:42.982Z,,,,UPI,upi-apps,2024,Oct,,,,en
1144,27,Fi Money #,3.44,421.40,-,-,-,-,-,-,3.44,421.40,2025-01-06T19:42:15.865Z,2025-04-29T10:58:43.063Z,,,,UPI,upi-apps,2024,Oct,,,,en
1145,28,Punjab National Bank Apps,3.31,785.24,-,-,-,-,-,-,3.31,785.24,2025-01-06T19:42:15.865Z,2025-04-29T10:58:43.143Z,,,,UPI,upi-apps,2024,Oct,,,,en
1146,29,Canara Bank Apps,3.27,898.89,-,-,-,-,-,-,3.27,898.89,2025-01-06T19:42:15.865Z,2025-04-29T10:58:43.226Z,,,,UPI,upi-apps,2024,Oct,,,,en
1147,30,Jio Payments Bank Apps,3.23,269.69,-,-,-,-,-,-,3.23,269.69,2025-01-06T19:42:15.865Z,2025-04-29T10:58:43.307Z,,,,UPI,upi-apps,2024,Oct,,,,en
1148,31,Indian Bank Apps,3.11,513.43,-,-,-,-,-,-,3.11,513.43,2025-01-06T19:42:15.865Z,2025-04-29T10:58:43.388Z,,,,UPI,upi-apps,2024,Oct,,,,en
1149,32,Federal Bank Apps,2.96,542.57,-,-,-,-,-,-,2.96,542.57,2025-01-06T19:42:15.865Z,2025-04-29T10:58:43.471Z,,,,UPI,upi-apps,2024,Oct,,,,en
1150,33,POP UPI,2.93,209.84,-,-,-,-,-,-,2.93,209.84,2025-01-06T19:42:15.865Z,2026-02-26T10:10:15.367Z,,,1.0,UPI,upi-apps,2024,Oct,,,,en
1151,34,RBL Bank Apps,2.85,718.17,-,0.01,0.03,4.97,-,-,2.88,723.15,2025-01-06T19:42:15.865Z,2025-04-29T10:58:43.632Z,,,,UPI,upi-apps,2024,Oct,,,,en
1152,35,Deutsche Bank Apps,2.58,395.26,-,-,-,0.06,-,-,2.58,395.32,2025-01-06T19:42:15.865Z,2025-04-29T10:58:43.712Z,,,,UPI,upi-apps,2024,Oct,,,,en
1153,36,Timepay #,2.15,18.60,-,-,-,-,-,-,2.15,18.60,2025-01-06T19:42:15.865Z,2025-04-29T10:58:43.792Z,,,,UPI,upi-apps,2024,Oct,,,,en
1154,37,Omni Card,1.49,96.52,-,-,-,-,-,-,1.49,96.52,2025-01-06T19:42:15.865Z,2025-04-29T10:58:43.874Z,,,,UPI,upi-apps,2024,Oct,,,,en
1155,38,Bank of Baroda Apps,1.16,499.63,-,-,-,-,-,-,1.16,499.63,2025-01-06T19:42:15.865Z,2025-04-29T10:58:43.957Z,,,,UPI,upi-apps,2024,Oct,,,,en
1156,39,Central Bank of India Apps,1.11,219.02,-,-,-,-,-,-,1.11,219.02,2025-01-06T19:42:15.865Z,2025-04-29T10:58:44.040Z,,,,UPI,upi-apps,2024,Oct,,,,en
1157,40,Aditya Birla Capital Digital,0.97,37.97,-,-,-,-,-,-,0.97,37.97,2025-01-06T19:42:15.865Z,2025-04-29T10:58:44.121Z,,,,UPI,upi-apps,2024,Oct,,,,en
1158,41,Jammu and Kashmir Bank Apps,0.83,144.00,-,-,-,-,-,-,0.83,144.00,2025-01-06T19:42:15.865Z,2025-04-29T10:58:44.202Z,,,,UPI,upi-apps,2024,Oct,,,,en
1159,42,Union Bank Apps,0.80,282.02,-,-,-,-,-,-,0.80,282.02,2025-01-06T19:42:15.865Z,2025-04-29T10:58:44.283Z,,,,UPI,upi-apps,2024,Oct,,,,en
1160,43,HSBC Bank Apps,0.68,179.22,-,0.12,-,0.01,-,-,0.68,179.35,2025-01-06T19:42:15.865Z,2025-04-29T10:58:44.363Z,,,,UPI,upi-apps,2024,Oct,,,,en
1161,44,South Indian Bank Apps,0.61,179.80,-,-,-,-,-,-,0.61,179.80,2025-01-06T19:42:15.865Z,2025-04-29T10:58:44.443Z,,,,UPI,upi-apps,2024,Oct,,,,en
1162,45,DBS Digibank Apps,0.61,213.96,-,-,-,0.86,-,-,0.61,214.82,2025-01-06T19:42:15.865Z,2025-04-29T10:58:44.524Z,,,,UPI,upi-apps,2024,Oct,,,,en
1163,46,Fino Payments Bank Apps,0.58,70.11,-,-,-,-,-,-,0.58,70.11,2025-01-06T19:42:15.865Z,2025-04-29T10:58:44.606Z,,,,UPI,upi-apps,2024,Oct,,,,en
1164,47,AU Small Finance Bank Apps,0.49,146.98,-,-,-,-,-,-,0.49,146.98,2025-01-06T19:42:15.865Z,2025-04-29T10:58:44.687Z,,,,UPI,upi-apps,2024,Oct,,,,en
1165,48,Shri Ram One #,0.47,47.25,-,-,-,-,-,-,0.47,47.25,2025-01-06T19:42:15.865Z,2025-04-29T10:58:44.772Z,,,,UPI,upi-apps,2024,Oct,,,,en
1166,49,Digikhata,0.46,166.18,-,-,-,-,-,-,0.46,166.18,2025-01-06T19:42:15.865Z,2025-04-29T10:58:44.852Z,,,,UPI,upi-apps,2024,Oct,,,,en
1167,50,Kiwi #,0.41,66.74,-,-,-,-,-,-,0.41,66.74,2025-01-06T19:42:15.865Z,2025-04-29T10:58:44.940Z,,,,UPI,upi-apps,2024,Oct,,,,en
1168,51,IndusInd Bank Apps,0.36,91.48,-,-,0.01,1.81,-,-,0.36,93.29,2025-01-06T19:42:15.865Z,2025-04-29T10:58:45.026Z,,,,UPI,upi-apps,2024,Oct,,,,en
1169,52,UCO Bank Apps,0.31,77.02,-,-,-,-,-,-,0.31,77.02,2025-01-06T19:42:15.865Z,2025-04-29T10:58:45.107Z,,,,UPI,upi-apps,2024,Oct,,,,en
1170,53,Tata Neu #,0.31,74.80,-,-,-,-,-,-,0.31,74.80,2025-01-06T19:42:15.865Z,2025-04-29T10:58:45.190Z,,,,UPI,upi-apps,2024,Oct,,,,en
1171,54,One Card #,0.29,261.08,-,-,-,-,-,-,0.29,261.08,2025-01-06T19:42:15.865Z,2025-04-29T10:58:45.270Z,,,,UPI,upi-apps,2024,Oct,,,,en
1172,55,Suryoday Bank Apps,0.26,0.05,-,-,-,-,-,-,0.26,0.05,2025-01-06T19:42:15.865Z,2025-04-29T10:58:45.350Z,,,,UPI,upi-apps,2024,Oct,,,,en
1173,56,Bank of India Apps,0.20,45.85,-,-,-,-,-,-,0.20,45.85,2025-01-06T19:42:15.865Z,2025-04-29T10:58:45.433Z,,,,UPI,upi-apps,2024,Oct,,,,en
1174,57,Indian Overseas Bank Apps,0.20,56.07,-,-,-,-,-,-,0.20,56.07,2025-01-06T19:42:15.865Z,2025-04-29T10:58:45.513Z,,,,UPI,upi-apps,2024,Oct,,,,en
1175,58,Standard Chartered Bank Apps,0.20,131.76,-,-,-,0.07,-,-,0.20,131.83,2025-01-06T19:42:15.865Z,2025-04-29T10:58:45.592Z,,,,UPI,upi-apps,2024,Oct,,,,en
1176,59,Karnataka Bank Apps,0.16,34.88,-,-,-,-,-,-,0.16,34.88,2025-01-06T19:42:15.865Z,2025-04-29T10:58:45.672Z,,,,UPI,upi-apps,2024,Oct,,,,en
1177,60,Dhani,0.13,14.62,-,-,-,-,-,-,0.13,14.62,2025-01-06T19:42:15.865Z,2025-04-29T10:58:45.751Z,,,,UPI,upi-apps,2024,Oct,,,,en
1178,61,True Balance,0.13,16.51,-,-,-,-,-,-,0.13,16.51,2025-01-06T19:42:15.865Z,2025-04-29T10:58:45.831Z,,,,UPI,upi-apps,2024,Oct,,,,en
1179,62,Niyo Global #,0.10,55.57,-,-,-,-,-,-,0.10,55.57,2025-01-06T19:42:15.865Z,2025-04-29T10:58:45.912Z,,,,UPI,upi-apps,2024,Oct,,,,en
1180,63,NSDL Payments Bank Apps,0.09,12.10,-,-,-,-,-,-,0.09,12.10,2025-01-06T19:42:15.865Z,2025-04-29T10:58:45.994Z,,,,UPI,upi-apps,2024,Oct,,,,en
1181,64,Ultracash #,0.09,5.94,-,-,-,-,-,-,0.09,5.94,2025-01-06T19:42:15.865Z,2025-04-29T10:58:46.078Z,,,,UPI,upi-apps,2024,Oct,,,,en
1182,65,Rapipay,0.08,11.38,-,-,-,-,-,-,0.08,11.38,2025-01-06T19:42:15.865Z,2025-04-29T10:58:46.158Z,,,,UPI,upi-apps,2024,Oct,,,,en
1183,66,City Union Bank Apps,0.08,29.97,-,-,-,-,-,-,0.08,29.97,2025-01-06T19:42:15.865Z,2025-04-29T10:58:46.236Z,,,,UPI,upi-apps,2024,Oct,,,,en
1184,67,IDBI Bank Apps,0.08,29.72,-,-,-,-,-,-,0.08,29.72,2025-01-06T19:42:15.865Z,2025-04-29T10:58:46.316Z,,,,UPI,upi-apps,2024,Oct,,,,en
1185,68,Tamilnad Mercantile Bank Apps,0.07,24.55,-,-,-,-,-,-,0.07,24.55,2025-01-06T19:42:15.865Z,2025-04-29T10:58:46.398Z,,,,UPI,upi-apps,2024,Oct,,,,en
1186,69,Salary Se #,0.07,3.95,-,-,-,-,-,-,0.07,3.95,2025-01-06T19:42:15.865Z,2025-04-29T10:58:46.478Z,,,,UPI,upi-apps,2024,Oct,,,,en
1187,70,ESAF Small Finance Bank Apps,0.06,8.57,-,-,-,-,-,-,0.06,8.57,2025-01-06T19:42:15.865Z,2025-04-29T10:58:46.558Z,,,,UPI,upi-apps,2024,Oct,,,,en
1188,71,Bharat Pe #,0.05,7.27,-,-,-,-,-,-,0.05,7.27,2025-01-06T19:42:15.865Z,2025-04-29T10:58:46.639Z,,,,UPI,upi-apps,2024,Oct,,,,en
1189,72,Freo #,0.05,2.70,-,-,-,-,-,-,0.05,2.70,2025-01-06T19:42:15.865Z,2025-04-29T10:58:46.720Z,,,,UPI,upi-apps,2024,Oct,,,,en
1190,73,Karur Vysya Bank Apps,0.05,18.40,-,-,-,-,-,-,0.05,18.40,2025-01-06T19:42:15.865Z,2025-04-29T10:58:46.802Z,,,,UPI,upi-apps,2024,Oct,,,,en
1191,74,Equitas Small Finance Bank Apps,0.04,29.70,-,-,-,-,-,-,0.04,29.70,2025-01-06T19:42:15.865Z,2025-04-29T10:58:46.883Z,,,,UPI,upi-apps,2024,Oct,,,,en
1192,75,Punjab Sind Bank Apps,0.03,16.46,-,-,-,-,-,-,0.03,16.46,2025-01-06T19:42:15.865Z,2025-04-29T10:58:46.965Z,,,,UPI,upi-apps,2024,Oct,,,,en
1193,76,Cheq,0.02,1.62,-,-,-,-,-,-,0.02,1.62,2025-01-06T19:42:15.865Z,2025-04-29T10:58:47.048Z,,,,UPI,upi-apps,2024,Oct,,,,en
1194,77,Others,1.63,219.31,-,-,0.13,5.53,-,-,1.76,224.84,2025-01-06T19:42:15.865Z,2025-04-29T10:58:47.132Z,,,,UPI,upi-apps,2024,Oct,,,,en
3800,1,PhonePe,7401.93,1088635.03,-,-,-,-,-,-,7401.93,1088635.03,2025-01-09T15:12:22.892Z,2025-04-29T11:01:28.311Z,,,,UPI,upi-apps,2024,Nov,,,,en
3801,2,Google Pay #,5739.12,764639.66,-,-,-,-,-,-,5739.12,764639.66,2025-01-09T15:12:22.892Z,2025-04-29T11:01:28.393Z,,,,UPI,upi-apps,2024,Nov,,,,en
3802,3,Paytm,1075.09,118004.06,-,-,-,-,-,-,1075.09,118004.06,2025-01-09T15:12:22.892Z,2025-04-29T11:01:28.475Z,,,,UPI,upi-apps,2024,Nov,,,,en
3803,4,Navi #,152.95,8806.45,-,-,-,-,-,-,152.95,8806.45,2025-01-09T15:12:22.892Z,2025-04-29T11:01:28.554Z,,,,UPI,upi-apps,2024,Nov,,,,en
3804,5,Cred #,138.24,50560.48,-,-,-,-,-,-,138.24,50560.48,2025-01-09T15:12:22.892Z,2025-04-29T11:01:28.634Z,,,,UPI,upi-apps,2024,Nov,,,,en
3805,6,Axis Bank Apps,22.20,4151.71,108.14,2184.35,0.01,1.78,-,-,130.36,6337.84,2025-01-09T15:12:22.892Z,2025-04-29T11:01:28.715Z,,,,UPI,upi-apps,2024,Nov,,,,en
3806,7,super.money #,78.49,3130.10,-,-,-,-,-,-,78.49,3130.10,2025-01-09T15:12:22.892Z,2025-04-29T11:01:28.797Z,,,,UPI,upi-apps,2024,Nov,,,,en
3807,8,Amazon Pay #,71.60,7914.87,-,-,-,-,-,-,71.60,7914.87,2025-01-09T15:12:22.892Z,2025-04-29T11:01:28.881Z,,,,UPI,upi-apps,2024,Nov,,,,en
3808,9,FamApp by Trio #,67.41,777.46,-,-,-,-,-,-,67.41,777.46,2025-01-09T15:12:22.892Z,2025-04-29T11:01:28.959Z,,,,UPI,upi-apps,2024,Nov,,,,en
3809,10,ICICI Bank Apps,51.13,18538.92,0.01,8.18,2.57,2951.05,-,-,53.71,21498.14,2025-01-09T15:12:22.892Z,2025-04-29T11:01:29.038Z,,,,UPI,upi-apps,2024,Nov,,,,en
3810,11,Whatsapp #,51.76,3890.10,-,-,-,-,-,-,51.76,3890.10,2025-01-09T15:12:22.892Z,2025-04-29T11:01:29.117Z,,,,UPI,upi-apps,2024,Nov,,,,en
3811,12,Kotak Mahindra Bank Apps,47.35,6583.09,-,-,-,-,-,-,47.35,6583.09,2025-01-09T15:12:22.892Z,2025-04-29T11:01:29.195Z,,,,UPI,upi-apps,2024,Nov,,,,en
3812,13,HDFC Bank Apps,36.67,10416.41,0.16,0.34,0.01,0.52,-,-,36.84,10417.27,2025-01-09T15:12:22.892Z,2025-04-29T11:01:29.273Z,,,,UPI,upi-apps,2024,Nov,,,,en
3813,14,Yes Bank Apps,35.35,9201.05,-,0.03,0.33,14.02,-,-,35.69,9215.09,2025-01-09T15:12:22.892Z,2025-04-29T11:01:29.352Z,,,,UPI,upi-apps,2024,Nov,,,,en
3814,15,BHIM,27.05,8210.65,-,-,-,-,-,-,27.05,8210.65,2025-01-09T15:12:22.892Z,2025-12-23T06:55:32.007Z,,,1.0,UPI,upi-apps,2024,Nov,,,,en
3815,16,Airtel Payments Bank Apps,18.60,1389.67,-,-,-,0.05,-,-,18.60,1389.73,2025-01-09T15:12:22.892Z,2025-04-29T11:01:29.512Z,,,,UPI,upi-apps,2024,Nov,,,,en
3816,17,Mobikwik #,16.63,2942.38,-,-,-,-,-,-,16.63,2942.38,2025-01-09T15:12:22.892Z,2025-04-29T11:01:29.592Z,,,,UPI,upi-apps,2024,Nov,,,,en
3817,18,Flipkart UPI #,13.25,636.91,-,-,-,-,-,-,13.25,636.91,2025-01-09T15:12:22.892Z,2025-04-29T11:01:29.673Z,,,,UPI,upi-apps,2024,Nov,,,,en
3818,19,Groww #,13.22,8479.87,-,-,-,-,-,-,13.22,8479.87,2025-01-09T15:12:22.892Z,2025-04-29T11:01:29.754Z,,,,UPI,upi-apps,2024,Nov,,,,en
3819,20,Slice #,11.54,845.13,-,-,-,-,-,-,11.54,845.13,2025-01-09T15:12:22.892Z,2025-04-29T11:01:29.834Z,,,,UPI,upi-apps,2024,Nov,,,,en
3820,21,State Bank of India Apps,10.46,3035.13,-,-,-,-,-,-,10.46,3035.13,2025-01-09T15:12:22.892Z,2025-04-29T11:01:29.918Z,,,,UPI,upi-apps,2024,Nov,,,,en
3821,22,India Post Payments Bank Apps,8.91,1131.95,-,-,-,-,-,-,8.91,1131.95,2025-01-09T15:12:22.892Z,2025-04-29T11:01:30.000Z,,,,UPI,upi-apps,2024,Nov,,,,en
3822,23,IDFC Bank Apps,8.59,1931.32,-,-,0.01,1.00,-,-,8.60,1932.32,2025-01-09T15:12:22.892Z,2025-04-29T11:01:30.081Z,,,,UPI,upi-apps,2024,Nov,,,,en
3823,24,Bajaj Finserv #,8.10,1584.15,-,-,-,-,-,-,8.10,1584.15,2025-01-09T15:12:22.892Z,2025-04-29T11:01:30.163Z,,,,UPI,upi-apps,2024,Nov,,,,en
3824,25,Samsung Pay #,7.90,578.99,-,-,-,-,-,-,7.90,578.99,2025-01-09T15:12:22.892Z,2025-04-29T11:01:30.241Z,,,,UPI,upi-apps,2024,Nov,,,,en
3825,26,Jupiter Money #,6.02,825.36,-,-,-,-,-,-,6.02,825.36,2025-01-09T15:12:22.892Z,2025-04-29T11:01:30.320Z,,,,UPI,upi-apps,2024,Nov,,,,en
3826,27,RBL Bank Apps,4.99,908.57,-,-,0.04,5.71,-,-,5.03,914.28,2025-01-09T15:12:22.892Z,2025-04-29T11:01:30.403Z,,,,UPI,upi-apps,2024,Nov,,,,en
3827,28,POP UPI,4.00,267.15,-,-,-,-,-,-,4.00,267.15,2025-01-09T15:12:22.892Z,2026-02-26T10:11:37.563Z,,,1.0,UPI,upi-apps,2024,Nov,,,,en
3828,29,Federal Bank Apps,3.36,578.23,-,-,-,-,-,-,3.36,578.23,2025-01-09T15:12:22.892Z,2025-04-29T11:01:30.567Z,,,,UPI,upi-apps,2024,Nov,,,,en
3829,30,Punjab National Bank Apps,3.31,753.10,-,-,-,-,-,-,3.31,753.10,2025-01-09T15:12:22.892Z,2025-04-29T11:01:30.647Z,,,,UPI,upi-apps,2024,Nov,,,,en
3830,31,Jio Payments Bank Apps,3.18,263.81,-,-,-,-,-,-,3.18,263.81,2025-01-09T15:12:22.892Z,2025-04-29T11:01:30.728Z,,,,UPI,upi-apps,2024,Nov,,,,en
3831,32,Fi Money #,3.07,373.29,-,-,-,-,-,-,3.07,373.29,2025-01-09T15:12:22.892Z,2025-04-29T11:01:30.811Z,,,,UPI,upi-apps,2024,Nov,,,,en
3832,33,Canara Bank Apps,3.01,802.16,-,-,-,-,-,-,3.01,802.16,2025-01-09T15:12:22.892Z,2025-04-29T11:01:30.892Z,,,,UPI,upi-apps,2024,Nov,,,,en
3833,34,Deutsche Bank Apps,2.68,400.97,-,-,-,0.07,-,-,2.68,401.03,2025-01-09T15:12:22.892Z,2025-04-29T11:01:30.971Z,,,,UPI,upi-apps,2024,Nov,,,,en
3834,35,Indian Bank Apps,0.48,134.27,-,-,-,-,-,-,0.48,134.27,2025-01-09T15:12:22.892Z,2025-08-18T07:21:16.203Z,,,1.0,UPI,upi-apps,2024,Nov,,,,en
3835,36,Timepay #,1.72,19.88,-,-,-,-,-,-,1.72,19.88,2025-01-09T15:12:22.892Z,2025-04-29T11:01:31.132Z,,,,UPI,upi-apps,2024,Nov,,,,en
3836,37,Omni Card,1.35,100.86,-,-,-,-,-,-,1.35,100.86,2025-01-09T15:12:22.892Z,2025-04-29T11:01:31.211Z,,,,UPI,upi-apps,2024,Nov,,,,en
3837,38,Central Bank of India Apps,1.06,197.17,-,-,-,-,-,-,1.06,197.17,2025-01-09T15:12:22.892Z,2025-04-29T11:01:31.291Z,,,,UPI,upi-apps,2024,Nov,,,,en
3838,39,Bank of Baroda Apps,1.01,389.10,-,-,-,-,-,-,1.01,389.10,2025-01-09T15:12:22.892Z,2025-04-29T11:01:31.367Z,,,,UPI,upi-apps,2024,Nov,,,,en
3839,40,Jammu and Kashmir Bank Apps,0.79,135.44,-,-,-,-,-,-,0.79,135.44,2025-01-09T15:12:22.892Z,2025-04-29T11:01:31.447Z,,,,UPI,upi-apps,2024,Nov,,,,en
3840,41,Union Bank Apps,0.73,238.56,-,-,-,-,-,-,0.73,238.56,2025-01-09T15:12:22.892Z,2025-04-29T11:01:31.525Z,,,,UPI,upi-apps,2024,Nov,,,,en
3841,42,Kiwi #,0.69,106.42,-,-,-,-,-,-,0.69,106.42,2025-01-09T15:12:22.892Z,2025-04-29T11:01:31.604Z,,,,UPI,upi-apps,2024,Nov,,,,en
3842,43,HSBC Bank Apps,0.68,176.26,-,0.10,-,0.09,-,-,0.68,176.45,2025-01-09T15:12:22.892Z,2025-04-29T11:01:31.684Z,,,,UPI,upi-apps,2024,Nov,,,,en
3843,44,Aditya Birla Capital Digital,0.66,30.09,-,-,-,-,-,-,0.66,30.09,2025-01-09T15:12:22.892Z,2025-04-29T11:01:31.763Z,,,,UPI,upi-apps,2024,Nov,,,,en
3844,45,South Indian Bank Apps,0.59,167.92,-,-,-,-,-,-,0.59,167.92,2025-01-09T15:12:22.892Z,2025-04-29T11:01:31.844Z,,,,UPI,upi-apps,2024,Nov,,,,en
3845,46,DBS Digibank Apps,0.57,190.59,-,-,-,1.14,-,-,0.57,191.73,2025-01-09T15:12:22.892Z,2025-04-29T11:01:31.926Z,,,,UPI,upi-apps,2024,Nov,,,,en
3846,47,Fino Payments Bank Apps,0.51,64.81,-,-,-,-,-,-,0.51,64.81,2025-01-09T15:12:22.892Z,2025-04-29T11:01:32.007Z,,,,UPI,upi-apps,2024,Nov,,,,en
3847,48,Digikhata,0.46,156.43,-,-,-,-,-,-,0.46,156.43,2025-01-09T15:12:22.892Z,2025-04-29T11:01:32.089Z,,,,UPI,upi-apps,2024,Nov,,,,en
3848,49,AU Small Finance Bank Apps,0.45,134.47,-,-,-,-,-,-,0.45,134.47,2025-01-09T15:12:22.892Z,2025-04-29T11:01:32.169Z,,,,UPI,upi-apps,2024,Nov,,,,en
3849,50,Shri Ram One #,0.38,39.72,-,-,-,-,-,-,0.38,39.72,2025-01-09T15:12:22.892Z,2025-04-29T11:01:32.249Z,,,,UPI,upi-apps,2024,Nov,,,,en
3850,51,IndusInd Bank Apps,2.07,368.24,-,-,-,-,-,-,2.07,368.24,2025-01-09T15:12:22.892Z,2025-08-18T07:23:06.995Z,,,1.0,UPI,upi-apps,2024,Nov,,,,en
3851,52,One Card #,0.36,356.22,-,-,-,-,-,-,0.36,356.22,2025-01-09T15:12:22.892Z,2025-04-29T11:01:32.410Z,,,,UPI,upi-apps,2024,Nov,,,,en
3852,53,Tata Neu #,0.30,78.83,-,-,-,-,-,-,0.30,78.83,2025-01-09T15:12:22.892Z,2025-04-29T11:01:32.490Z,,,,UPI,upi-apps,2024,Nov,,,,en
3853,54,True Balance,0.29,33.18,-,-,-,-,-,-,0.29,33.18,2025-01-09T15:12:22.892Z,2025-04-29T11:01:32.571Z,,,,UPI,upi-apps,2024,Nov,,,,en
3854,55,UCO Bank Apps,0.28,66.32,-,-,-,-,-,-,0.28,66.32,2025-01-09T15:12:22.892Z,2025-04-29T11:01:32.651Z,,,,UPI,upi-apps,2024,Nov,,,,en
3855,56,Bank of India Apps,0.20,55.80,-,-,-,-,-,-,0.20,55.80,2025-01-09T15:12:22.892Z,2025-04-29T11:01:32.731Z,,,,UPI,upi-apps,2024,Nov,,,,en
3856,57,Standard Chartered Bank Apps,0.18,114.58,-,-,-,-,-,-,0.18,114.58,2025-01-09T15:12:22.892Z,2025-04-29T11:01:32.809Z,,,,UPI,upi-apps,2024,Nov,,,,en
3857,58,Indian Overseas Bank Apps,0.18,49.21,-,-,-,-,-,-,0.18,49.21,2025-01-09T15:12:22.892Z,2025-04-29T11:01:32.891Z,,,,UPI,upi-apps,2024,Nov,,,,en
3858,59,Karnataka Bank Apps,0.18,38.31,-,-,-,-,-,-,0.18,38.31,2025-01-09T15:12:22.892Z,2025-04-29T11:01:32.970Z,,,,UPI,upi-apps,2024,Nov,,,,en
3859,60,Dhani,0.13,13.25,-,-,-,-,-,-,0.13,13.25,2025-01-09T15:12:22.892Z,2025-04-29T11:01:33.051Z,,,,UPI,upi-apps,2024,Nov,,,,en
3860,61,ESAF Small Finance Bank Apps,0.12,14.69,-,-,-,-,-,-,0.12,14.69,2025-01-09T15:12:22.892Z,2025-04-29T11:01:33.132Z,,,,UPI,upi-apps,2024,Nov,,,,en
3861,62,Niyo Global #,0.09,52.41,-,-,-,-,-,-,0.09,52.41,2025-01-09T15:12:22.892Z,2025-04-29T11:01:33.213Z,,,,UPI,upi-apps,2024,Nov,,,,en
3862,63,Rapipay,0.09,11.70,-,-,-,-,-,-,0.09,11.70,2025-01-09T15:12:22.892Z,2025-04-29T11:01:33.293Z,,,,UPI,upi-apps,2024,Nov,,,,en
3863,64,Suryoday Bank Apps,0.08,0.22,-,-,-,0.01,-,-,0.08,0.23,2025-01-09T15:12:22.892Z,2025-04-29T11:01:33.375Z,,,,UPI,upi-apps,2024,Nov,,,,en
3864,65,IDBI Bank Apps,0.08,30.01,-,-,-,-,-,-,0.08,30.01,2025-01-09T15:12:22.892Z,2025-04-29T11:01:33.455Z,,,,UPI,upi-apps,2024,Nov,,,,en
3865,66,Ultracash #,0.08,5.71,-,-,-,-,-,-,0.08,5.71,2025-01-09T15:12:22.892Z,2025-04-29T11:01:33.534Z,,,,UPI,upi-apps,2024,Nov,,,,en
3866,67,NSDL Payments Bank Apps,0.08,9.73,-,-,-,-,-,-,0.08,9.73,2025-01-09T15:12:22.892Z,2025-04-29T11:01:33.616Z,,,,UPI,upi-apps,2024,Nov,,,,en
3867,68,City Union Bank Apps,0.07,26.24,-,-,-,-,-,-,0.07,26.24,2025-01-09T15:12:22.892Z,2025-04-29T11:01:33.695Z,,,,UPI,upi-apps,2024,Nov,,,,en
3868,69,Bharat Pe #,0.07,8.29,-,-,-,-,-,-,0.07,8.29,2025-01-09T15:12:22.892Z,2025-04-29T11:01:33.772Z,,,,UPI,upi-apps,2024,Nov,,,,en
3869,70,Tamilnad Mercantile Bank Apps,0.07,23.33,-,-,-,-,-,-,0.07,23.33,2025-01-09T15:12:22.892Z,2025-04-29T11:01:33.853Z,,,,UPI,upi-apps,2024,Nov,,,,en
3870,71,Salary Se #,0.07,3.75,-,-,-,-,-,-,0.07,3.75,2025-01-09T15:12:22.892Z,2025-04-29T11:01:33.931Z,,,,UPI,upi-apps,2024,Nov,,,,en
3871,72,Genwise #,0.06,22.84,-,-,-,-,-,-,0.06,22.84,2025-01-09T15:12:22.892Z,2025-04-29T11:01:34.012Z,,,,UPI,upi-apps,2024,Nov,,,,en
3872,73,Karur Vysya Bank Apps,0.05,17.82,-,-,-,-,-,-,0.05,17.82,2025-01-09T15:12:22.892Z,2025-04-29T11:01:34.092Z,,,,UPI,upi-apps,2024,Nov,,,,en
3873,74,Equitas Small Finance Bank Apps,0.03,25.69,-,-,-,-,-,-,0.03,25.69,2025-01-09T15:12:22.892Z,2025-04-29T11:01:34.173Z,,,,UPI,upi-apps,2024,Nov,,,,en
3874,75,Freo #,0.03,1.80,-,-,-,-,-,-,0.03,1.80,2025-01-09T15:12:22.892Z,2025-04-29T11:01:34.251Z,,,,UPI,upi-apps,2024,Nov,,,,en
3875,76,Cheq,0.03,1.84,-,-,-,-,-,-,0.03,1.84,2025-01-09T15:12:22.892Z,2025-04-29T11:01:34.336Z,,,,UPI,upi-apps,2024,Nov,,,,en
3876,77,Money View #,0.02,2.77,-,-,-,-,-,-,0.02,2.77,2025-01-09T15:12:22.892Z,2025-04-29T11:01:34.411Z,,,,UPI,upi-apps,2024,Nov,,,,en
3877,78,Punjab Sind Bank Apps,0.02,10.76,-,-,-,-,-,-,0.02,10.76,2025-01-09T15:12:22.892Z,2025-04-29T11:01:34.493Z,,,,UPI,upi-apps,2024,Nov,,,,en
3878,79,Spice Money,0.02,2.73,-,-,-,-,-,-,0.02,2.73,2025-01-09T15:12:22.892Z,2025-04-29T11:01:34.573Z,,,,UPI,upi-apps,2024,Nov,,,,en
3879,80,Kredit.Pe #,0.02,2.67,-,-,-,-,-,-,0.02,2.67,2025-01-09T15:12:22.892Z,2025-04-29T11:01:34.654Z,,,,UPI,upi-apps,2024,Nov,,,,en
3880,81,Others,1.52,219.56,-,-,0.13,5.62,-,-,1.65,225.18,2025-01-09T15:12:22.892Z,2025-04-29T11:01:34.735Z,,,,UPI,upi-apps,2024,Nov,,,,en
4735,1,PhonePe,7984.05,1176300.32,-,-,-,-,-,-,7984.05,1176300.32,2025-02-07T06:17:11.073Z,2025-04-29T11:03:09.745Z,,,,UPI,upi-apps,2024,Dec,,,,en
4736,2,Google Pay #,6140.47,822598.36,-,-,-,-,-,-,6140.47,822598.36,2025-02-07T06:17:11.073Z,2025-04-29T11:03:09.828Z,,,,UPI,upi-apps,2024,Dec,,,,en
4737,3,Paytm,1150.96,125739.66,-,-,-,-,-,-,1150.96,125739.66,2025-02-07T06:17:11.073Z,2025-04-29T11:03:09.914Z,,,,UPI,upi-apps,2024,Dec,,,,en
4738,4,Navi #,202.53,11317.09,-,-,-,-,-,-,202.53,11317.09,2025-02-07T06:17:11.073Z,2025-04-29T11:03:09.999Z,,,,UPI,upi-apps,2024,Dec,,,,en
4739,5,Cred #,143.07,50979.94,-,-,-,-,-,-,143.07,50979.94,2025-02-07T06:17:11.073Z,2025-04-29T11:03:10.084Z,,,,UPI,upi-apps,2024,Dec,,,,en
4740,6,Axis Bank Apps,21.96,4515.13,106.39,1642.74,0.01,2.02,-,-,128.36,6159.90,2025-02-07T06:17:11.073Z,2025-04-29T11:03:10.168Z,,,,UPI,upi-apps,2024,Dec,,,,en
4741,7,super.money #,101.81,3866.39,-,-,-,-,-,-,101.81,3866.39,2025-02-07T06:17:11.073Z,2025-04-29T11:03:10.252Z,,,,UPI,upi-apps,2024,Dec,,,,en
4742,8,Amazon Pay #,91.94,9330.97,-,-,-,-,-,-,91.94,9330.97,2025-02-07T06:17:11.073Z,2025-04-29T11:03:10.334Z,,,,UPI,upi-apps,2024,Dec,,,,en
4743,9,FamApp by Trio #,75.74,870.68,-,-,-,-,-,-,75.74,870.68,2025-02-07T06:17:11.073Z,2025-04-29T11:03:10.417Z,,,,UPI,upi-apps,2024,Dec,,,,en
4744,10,ICICI Bank Apps,59.52,19670.88,0.01,10.54,2.33,2223.13,-,-,61.86,21904.55,2025-02-07T06:17:11.073Z,2025-04-29T11:03:10.501Z,,,,UPI,upi-apps,2024,Dec,,,,en
4745,11,Whatsapp #,57.85,4348.19,-,-,-,-,-,-,57.85,4348.19,2025-02-07T06:17:11.073Z,2025-04-29T11:03:10.583Z,,,,UPI,upi-apps,2024,Dec,,,,en
4746,12,Kotak Mahindra Bank Apps,52.06,7286.24,-,-,-,-,-,-,52.06,7286.24,2025-02-07T06:17:11.073Z,2025-04-29T11:03:10.666Z,,,,UPI,upi-apps,2024,Dec,,,,en
4747,13,HDFC Bank Apps,41.47,12525.39,0.36,0.40,0.01,0.79,-,-,41.84,12526.57,2025-02-07T06:17:11.073Z,2025-04-29T11:03:10.749Z,,,,UPI,upi-apps,2024,Dec,,,,en
4748,14,Yes Bank Apps,40.63,9201.80,-,-,0.35,15.16,-,-,40.98,9216.96,2025-02-07T06:17:11.073Z,2025-04-29T11:03:10.832Z,,,,UPI,upi-apps,2024,Dec,,,,en
4749,15,BHIM,30.22,9170.75,-,-,-,-,-,-,30.22,9170.75,2025-02-07T06:17:11.073Z,2025-12-23T06:55:22.379Z,,,1.0,UPI,upi-apps,2024,Dec,,,,en
4750,16,Airtel Payments Bank Apps,20.29,1497.28,-,0.01,-,0.04,-,-,20.29,1497.32,2025-02-07T06:17:11.073Z,2025-04-29T11:03:11.692Z,,,,UPI,upi-apps,2024,Dec,,,,en
4751,17,Mobikwik #,20.26,3478.58,-,-,-,-,-,-,20.26,3478.58,2025-02-07T06:17:11.073Z,2025-04-29T11:03:13.286Z,,,,UPI,upi-apps,2024,Dec,,,,en
4752,18,Groww #,13.78,9341.27,-,-,-,-,-,-,13.78,9341.27,2025-02-07T06:17:11.073Z,2025-04-29T11:03:13.370Z,,,,UPI,upi-apps,2024,Dec,,,,en
4753,19,Flipkart UPI #,12.75,606.35,-,-,-,-,-,-,12.75,606.35,2025-02-07T06:17:11.073Z,2025-04-29T11:03:13.459Z,,,,UPI,upi-apps,2024,Dec,,,,en
4754,20,Slice #,12.06,882.04,-,-,-,-,-,-,12.06,882.04,2025-02-07T06:17:11.073Z,2025-04-29T11:03:13.541Z,,,,UPI,upi-apps,2024,Dec,,,,en
4755,21,State Bank of India Apps,12.05,3411.38,-,-,-,-,-,-,12.05,3411.38,2025-02-07T06:17:11.073Z,2025-04-29T11:03:13.624Z,,,,UPI,upi-apps,2024,Dec,,,,en
4756,22,India Post Payments Bank Apps,10.76,1337.10,-,-,-,-,-,-,10.76,1337.10,2025-02-07T06:17:11.073Z,2025-04-29T11:03:13.708Z,,,,UPI,upi-apps,2024,Dec,,,,en
4757,23,IDFC Bank Apps,9.27,2103.11,-,-,0.01,0.48,-,-,9.27,2103.60,2025-02-07T06:17:11.074Z,2025-04-29T11:03:13.791Z,,,,UPI,upi-apps,2024,Dec,,,,en
4758,24,Samsung Pay #,8.59,614.74,-,-,-,-,-,-,8.59,614.74,2025-02-07T06:17:11.074Z,2025-04-29T11:03:13.874Z,,,,UPI,upi-apps,2024,Dec,,,,en
4759,25,Bajaj Finserv #,8.55,1652.53,-,-,-,-,-,-,8.55,1652.53,2025-02-07T06:17:11.074Z,2025-04-29T11:03:13.958Z,,,,UPI,upi-apps,2024,Dec,,,,en
4760,26,RBL Bank Apps,8.29,1504.80,-,-,0.08,6.63,-,-,8.37,1511.43,2025-02-07T06:17:11.074Z,2025-04-29T11:03:14.042Z,,,,UPI,upi-apps,2024,Dec,,,,en
4761,27,Jupiter Money #,6.41,910.03,-,-,-,-,-,-,6.41,910.03,2025-02-07T06:17:11.074Z,2025-04-29T11:03:14.124Z,,,,UPI,upi-apps,2024,Dec,,,,en
4762,28,POP UPI,6.20,391.63,-,-,-,-,-,-,6.20,391.63,2025-02-07T06:17:11.074Z,2026-02-26T10:12:06.593Z,,,1.0,UPI,upi-apps,2024,Dec,,,,en
4763,29,Federal Bank Apps,3.94,673.09,-,-,-,-,-,-,3.94,673.09,2025-02-07T06:17:11.074Z,2025-04-29T11:03:14.289Z,,,,UPI,upi-apps,2024,Dec,,,,en
4764,30,Jio Payments Bank Apps,3.46,287.81,-,-,-,-,-,-,3.46,287.81,2025-02-07T06:17:11.074Z,2025-04-29T11:03:14.373Z,,,,UPI,upi-apps,2024,Dec,,,,en
4765,31,Deutsche Bank Apps,3.37,296.77,-,-,-,0.10,-,-,3.37,296.88,2025-02-07T06:17:11.074Z,2025-04-29T11:03:14.454Z,,,,UPI,upi-apps,2024,Dec,,,,en
4766,32,Punjab National Bank Apps,3.32,792.81,-,-,-,-,-,-,3.32,792.81,2025-02-07T06:17:11.074Z,2025-04-29T11:03:14.538Z,,,,UPI,upi-apps,2024,Dec,,,,en
4767,33,Fi Money #,3.32,412.10,-,-,-,-,-,-,3.32,412.10,2025-02-07T06:17:11.074Z,2025-04-29T11:03:14.622Z,,,,UPI,upi-apps,2024,Dec,,,,en
4768,34,Canara Bank Apps,3.20,848.14,-,-,-,-,-,-,3.20,848.14,2025-02-07T06:17:11.074Z,2025-04-29T11:03:14.704Z,,,,UPI,upi-apps,2024,Dec,,,,en
4769,35,Indian Bank Apps,2.21,435.17,-,-,-,-,-,-,2.21,435.17,2025-02-07T06:17:11.074Z,2025-04-29T11:03:14.787Z,,,,UPI,upi-apps,2024,Dec,,,,en
4770,36,Omni Card,1.45,85.46,-,-,-,-,-,-,1.45,85.46,2025-02-07T06:17:11.074Z,2025-04-29T11:03:14.871Z,,,,UPI,upi-apps,2024,Dec,,,,en
4771,37,Central Bank of India Apps,1.25,221.54,-,-,-,-,-,-,1.25,221.54,2025-02-07T06:17:11.074Z,2025-04-29T11:03:14.953Z,,,,UPI,upi-apps,2024,Dec,,,,en
4772,38,Jammu and Kashmir Bank Apps,1.13,169.43,-,-,-,-,-,-,1.13,169.43,2025-02-07T06:17:11.074Z,2025-04-29T11:03:15.036Z,,,,UPI,upi-apps,2024,Dec,,,,en
4773,39,Bank of Baroda Apps,1.12,431.50,-,-,-,-,-,-,1.12,431.50,2025-02-07T06:17:11.074Z,2025-04-29T11:03:15.120Z,,,,UPI,upi-apps,2024,Dec,,,,en
4774,40,DBS Digibank Apps,1.06,218.50,-,-,0.01,1.15,-,-,1.07,219.66,2025-02-07T06:17:11.074Z,2025-04-29T11:03:15.204Z,,,,UPI,upi-apps,2024,Dec,,,,en
4775,41,Timepay #,1.01,13.49,-,-,-,-,-,-,1.01,13.49,2025-02-07T06:17:11.074Z,2025-04-29T11:03:15.286Z,,,,UPI,upi-apps,2024,Dec,,,,en
4776,42,Suryoday Bank Apps,0.88,85.71,-,-,0.02,0.62,-,-,0.90,86.33,2025-02-07T06:17:11.074Z,2025-04-29T11:03:15.369Z,,,,UPI,upi-apps,2024,Dec,,,,en
4777,43,Aditya Birla Capital Digital #,0.83,37.24,-,-,-,-,-,-,0.83,37.24,2025-02-07T06:17:11.074Z,2025-04-29T11:03:15.452Z,,,,UPI,upi-apps,2024,Dec,,,,en
4778,44,Kiwi #,0.81,134.02,-,-,-,-,-,-,0.81,134.02,2025-02-07T06:17:11.074Z,2025-04-29T11:03:15.534Z,,,,UPI,upi-apps,2024,Dec,,,,en
4779,45,Union Bank Apps,0.76,255.63,-,-,-,-,-,-,0.76,255.63,2025-02-07T06:17:11.074Z,2025-04-29T11:03:15.618Z,,,,UPI,upi-apps,2024,Dec,,,,en
4780,46,HSBC Bank Apps,0.73,194.81,-,0.08,-,0.12,-,-,0.74,195.01,2025-02-07T06:17:11.074Z,2025-04-29T11:03:15.701Z,,,,UPI,upi-apps,2024,Dec,,,,en
4781,47,South Indian Bank Apps,0.63,181.57,-,-,-,-,-,-,0.63,181.57,2025-02-07T06:17:11.074Z,2025-04-29T11:03:15.784Z,,,,UPI,upi-apps,2024,Dec,,,,en
4782,48,Shri Ram One #,0.61,57.11,-,-,-,-,-,-,0.61,57.11,2025-02-07T06:17:11.074Z,2025-04-29T11:03:15.867Z,,,,UPI,upi-apps,2024,Dec,,,,en
4783,49,Digikhata,0.56,170.77,-,-,-,-,-,-,0.56,170.77,2025-02-07T06:17:11.074Z,2025-04-29T11:03:15.951Z,,,,UPI,upi-apps,2024,Dec,,,,en
4784,50,Fino Payments Bank Apps,0.55,72.04,-,-,-,-,-,-,0.55,72.04,2025-02-07T06:17:11.074Z,2025-04-29T11:03:16.037Z,,,,UPI,upi-apps,2024,Dec,,,,en
4785,51,One Card #,0.50,549.10,-,-,-,-,-,-,0.50,549.10,2025-02-07T06:17:11.074Z,2025-04-29T11:03:16.120Z,,,,UPI,upi-apps,2024,Dec,,,,en
4786,52,AU Small Finance Bank Apps,0.49,151.24,-,-,-,-,-,-,0.49,151.24,2025-02-07T06:17:11.074Z,2025-04-29T11:03:16.203Z,,,,UPI,upi-apps,2024,Dec,,,,en
4787,53,True Balance,0.41,21.49,-,-,-,-,-,-,0.41,21.49,2025-02-07T06:17:11.074Z,2025-04-29T11:03:16.286Z,,,,UPI,upi-apps,2024,Dec,,,,en
4788,54,IndusInd Bank Apps,0.34,85.71,-,-,-,1.34,-,-,0.34,87.05,2025-02-07T06:17:11.074Z,2025-04-29T11:03:16.369Z,,,,UPI,upi-apps,2024,Dec,,,,en
4789,55,UCO Bank Apps,0.32,76.33,-,-,-,-,-,-,0.32,76.33,2025-02-07T06:17:11.074Z,2025-04-29T11:03:16.449Z,,,,UPI,upi-apps,2024,Dec,,,,en
4790,56,Tata Neu #,0.30,81.20,-,-,-,-,-,-,0.30,81.20,2025-02-07T06:17:11.074Z,2025-04-29T11:03:16.530Z,,,,UPI,upi-apps,2024,Dec,,,,en
4791,57,Indian Overseas Bank Apps,0.23,59.70,-,-,-,-,-,-,0.23,59.70,2025-02-07T06:17:11.074Z,2025-04-29T11:03:16.612Z,,,,UPI,upi-apps,2024,Dec,,,,en
4792,58,Bank of India Apps,0.22,68.38,-,-,-,-,-,-,0.22,68.38,2025-02-07T06:17:11.074Z,2025-04-29T11:03:16.693Z,,,,UPI,upi-apps,2024,Dec,,,,en
4793,59,Karnataka Bank Apps,0.22,47.38,-,-,-,-,-,-,0.22,47.38,2025-02-07T06:17:11.074Z,2025-04-29T11:03:16.771Z,,,,UPI,upi-apps,2024,Dec,,,,en
4794,60,Standard Chartered Bank Apps,0.20,123.15,-,-,-,0.04,-,-,0.20,123.19,2025-02-07T06:17:11.074Z,2025-04-29T11:03:16.853Z,,,,UPI,upi-apps,2024,Dec,,,,en
4795,61,ESAF Small Finance Bank Apps,0.19,20.50,-,-,-,-,-,-,0.19,20.50,2025-02-07T06:17:11.074Z,2025-04-29T11:03:16.936Z,,,,UPI,upi-apps,2024,Dec,,,,en
4796,62,Dhani,0.14,12.18,-,-,-,-,-,-,0.14,12.18,2025-02-07T06:17:11.074Z,2025-04-29T11:03:17.015Z,,,,UPI,upi-apps,2024,Dec,,,,en
4797,63,Bharat Pe #,0.11,13.25,-,-,-,-,-,-,0.11,13.25,2025-02-07T06:17:11.074Z,2025-04-29T11:03:17.096Z,,,,UPI,upi-apps,2024,Dec,,,,en
4798,64,Rapipay,0.10,12.52,-,-,-,-,-,-,0.10,12.52,2025-02-07T06:17:11.074Z,2025-04-29T11:03:17.179Z,,,,UPI,upi-apps,2024,Dec,,,,en
4799,65,Niyo Global #,0.10,56.00,-,-,-,-,-,-,0.10,56.00,2025-02-07T06:17:11.074Z,2025-04-29T11:03:17.266Z,,,,UPI,upi-apps,2024,Dec,,,,en
4800,66,IDBI Bank Apps,0.10,35.31,-,-,-,-,-,-,0.10,35.31,2025-02-07T06:17:11.074Z,2025-04-29T11:03:17.349Z,,,,UPI,upi-apps,2024,Dec,,,,en
4801,67,Salary Se #,0.10,4.80,-,-,-,-,-,-,0.10,4.80,2025-02-07T06:17:11.074Z,2025-04-29T11:03:17.433Z,,,,UPI,upi-apps,2024,Dec,,,,en
4802,68,Ultracash #,0.09,6.16,-,-,-,-,-,-,0.09,6.16,2025-02-07T06:17:11.074Z,2025-04-29T11:03:17.515Z,,,,UPI,upi-apps,2024,Dec,,,,en
4803,69,Ind Money #,0.08,28.50,-,-,-,-,-,-,0.08,28.50,2025-02-07T06:17:11.074Z,2025-04-29T11:03:17.597Z,,,,UPI,upi-apps,2024,Dec,,,,en
4804,70,City Union Bank Apps,0.08,28.56,-,-,-,-,-,-,0.08,28.56,2025-02-07T06:17:11.074Z,2025-04-29T11:03:17.680Z,,,,UPI,upi-apps,2024,Dec,,,,en
4805,71,Tamilnad Mercantile Bank Apps,0.08,25.95,-,-,-,-,-,-,0.08,25.95,2025-02-07T06:17:11.074Z,2025-04-29T11:03:17.761Z,,,,UPI,upi-apps,2024,Dec,,,,en
4806,72,Karur Vysya Bank Apps,0.07,24.98,-,-,-,-,-,-,0.07,24.98,2025-02-07T06:17:11.074Z,2025-04-29T11:03:17.845Z,,,,UPI,upi-apps,2024,Dec,,,,en
4807,73,NSDL Payments Bank Apps,0.07,8.36,-,-,-,-,-,-,0.07,8.36,2025-02-07T06:17:11.074Z,2025-04-29T11:03:17.925Z,,,,UPI,upi-apps,2024,Dec,,,,en
4808,74,Spice Money,0.06,5.97,-,-,-,-,-,-,0.06,5.97,2025-02-07T06:17:11.074Z,2025-04-29T11:03:18.005Z,,,,UPI,upi-apps,2024,Dec,,,,en
4809,75,Money View #,0.06,4.42,-,-,-,-,-,-,0.06,4.42,2025-02-07T06:17:11.074Z,2025-04-29T11:03:18.088Z,,,,UPI,upi-apps,2024,Dec,,,,en
4810,76,Kredit.Pe #,0.05,6.27,-,-,-,-,-,-,0.05,6.27,2025-02-07T06:17:11.074Z,2025-04-29T11:03:18.172Z,,,,UPI,upi-apps,2024,Dec,,,,en
4811,77,Equitas Small Finance Bank Apps,0.04,28.67,-,-,-,-,-,-,0.04,28.67,2025-02-07T06:17:11.074Z,2025-04-29T11:03:18.254Z,,,,UPI,upi-apps,2024,Dec,,,,en
4812,78,Bank of Maharashtra Apps,0.04,12.79,-,-,-,-,-,-,0.04,12.79,2025-02-07T06:17:11.074Z,2025-04-29T11:03:18.338Z,,,,UPI,upi-apps,2024,Dec,,,,en
4813,79,Genwise #,0.03,31.68,-,-,-,-,-,-,0.03,31.68,2025-02-07T06:17:11.074Z,2025-04-29T11:03:18.423Z,,,,UPI,upi-apps,2024,Dec,,,,en
4814,80,Cheq,0.03,2.43,-,-,-,-,-,-,0.03,2.43,2025-02-07T06:17:11.074Z,2025-04-29T11:03:18.504Z,,,,UPI,upi-apps,2024,Dec,,,,en
4815,81,Freo #,0.02,1.72,-,-,-,-,-,-,0.02,1.72,2025-02-07T06:17:11.074Z,2025-04-29T11:03:18.587Z,,,,UPI,upi-apps,2024,Dec,,,,en
4816,82,Punjab Sind Bank Apps,0.02,7.78,-,-,-,-,-,-,0.02,7.78,2025-02-07T06:17:11.074Z,2025-04-29T11:03:18.670Z,,,,UPI,upi-apps,2024,Dec,,,,en
4817,83,Others,3.23,483.55,-,-,0.15,6.71,-,-,3.39,490.26,2025-02-07T06:17:11.074Z,2025-04-29T11:03:18.753Z,,,,UPI,upi-apps,2024,Dec,,,,en
6226,1,PhonePe,8102.44,1191303.98,-,-,-,-,-,-,8102.44,1191303.98,2025-03-27T11:42:09.946Z,2025-04-29T11:03:23.578Z,,,,UPI,upi-apps,2025,Jan,,,,en
6227,2,Google Pay #,6183.91,826845.07,-,-,-,-,-,-,6183.91,826845.07,2025-03-27T11:42:09.946Z,2025-04-29T11:03:23.661Z,,,,UPI,upi-apps,2025,Jan,,,,en
6230,3,Paytm,1152.34,126313.45,-,-,-,-,-,-,1152.34,126313.45,2025-03-27T11:42:09.946Z,2025-04-29T11:03:23.907Z,,,,UPI,upi-apps,2025,Jan,,,,en
6228,4,Navi #,242.83,13221.33,-,-,-,-,-,-,242.83,13221.33,2025-03-27T11:42:09.946Z,2025-04-29T11:03:23.744Z,,,,UPI,upi-apps,2025,Jan,,,,en
6232,5,Cred #,137.44,49482.95,-,-,-,-,-,-,137.44,49482.95,2025-03-27T11:42:09.946Z,2025-04-29T11:03:24.072Z,,,,UPI,upi-apps,2025,Jan,,,,en
6233,6,Axis Bank Apps,18.9,4804.76,107.71,2961.58,0.01,2.83,-,-,126.62,7769.17,2025-03-27T11:42:09.946Z,2025-04-29T11:03:24.156Z,,,,UPI,upi-apps,2025,Jan,,,,en
6229,7,super.money #,124.83,4565.57,-,-,-,-,-,-,124.83,4565.57,2025-03-27T11:42:09.946Z,2025-04-29T11:03:23.826Z,,,,UPI,upi-apps,2025,Jan,,,,en
6231,8,Amazon Pay #,99.95,9843.47,-,-,-,-,-,-,99.95,9843.47,2025-03-27T11:42:09.946Z,2025-04-29T11:03:23.989Z,,,,UPI,upi-apps,2025,Jan,,,,en
6234,9,FamApp by Trio #,79.01,896.25,-,-,-,-,-,-,79.01,896.25,2025-03-27T11:42:09.946Z,2025-04-29T11:03:24.239Z,,,,UPI,upi-apps,2025,Jan,,,,en
6235,10,Whatsapp #,60.99,4550.41,-,-,-,-,-,-,60.99,4550.41,2025-03-27T11:42:09.946Z,2025-04-29T11:03:24.323Z,,,,UPI,upi-apps,2025,Jan,,,,en
6236,11,ICICI Bank Apps,56.13,17185.89,0.01,11.03,2.1,1731.71,-,-,58.23,18928.62,2025-03-27T11:42:09.946Z,2025-04-29T11:03:24.408Z,,,,UPI,upi-apps,2025,Jan,,,,en
6237,12,Kotak Mahindra Bank Apps,53.71,7489.75,-,-,-,-,-,-,53.71,7489.75,2025-03-27T11:42:09.946Z,2025-04-29T11:03:24.491Z,,,,UPI,upi-apps,2025,Jan,,,,en
6238,13,HDFC Bank Apps,40.42,11081.87,9.17,3.86,0.01,0.69,-,-,49.6,11086.42,2025-03-27T11:42:09.946Z,2025-04-29T11:03:24.576Z,,,,UPI,upi-apps,2025,Jan,,,,en
6239,14,Yes Bank Apps,41.18,8859.55,-,-,0.38,17.71,-,-,41.57,8877.26,2025-03-27T11:42:09.946Z,2025-04-29T11:03:24.660Z,,,,UPI,upi-apps,2025,Jan,,,,en
6240,15,BHIM,33.88,9333.77,-,-,-,-,-,-,33.88,9333.77,2025-03-27T11:42:09.946Z,2025-12-23T06:56:18.225Z,,,1.0,UPI,upi-apps,2025,Jan,,,,en
6241,16,Mobikwik #,23.66,3811.43,-,-,-,-,-,-,23.66,3811.43,2025-03-27T11:42:09.946Z,2025-04-29T11:03:24.826Z,,,,UPI,upi-apps,2025,Jan,,,,en
6242,17,Airtel Payments Bank Apps,20.96,1498.77,-,-,-,0.05,-,-,20.96,1498.83,2025-03-27T11:42:09.946Z,2025-04-29T11:03:24.908Z,,,,UPI,upi-apps,2025,Jan,,,,en
6243,18,Groww #,15.4,11200.31,-,-,-,-,-,-,15.4,11200.31,2025-03-27T11:42:09.946Z,2025-04-29T11:03:24.991Z,,,,UPI,upi-apps,2025,Jan,,,,en
6244,19,India Post Payments Bank Apps,12.57,1509.59,-,-,-,-,-,-,12.57,1509.59,2025-03-27T11:42:09.946Z,2025-04-29T11:03:25.080Z,,,,UPI,upi-apps,2025,Jan,,,,en
6245,20,State Bank of India Apps,12.49,3515.63,-,-,-,-,-,-,12.49,3515.63,2025-03-27T11:42:09.946Z,2025-04-29T11:03:25.163Z,,,,UPI,upi-apps,2025,Jan,,,,en
6246,21,IDFC Bank Apps,11.77,2283.02,-,-,-,0.02,-,-,11.77,2283.04,2025-03-27T11:42:09.946Z,2025-04-29T11:03:25.247Z,,,,UPI,upi-apps,2025,Jan,,,,en
6247,22,RBL Bank Apps,8.5,1411.19,-,-,0.12,6.95,-,-,8.62,1418.15,2025-03-27T11:42:09.946Z,2025-04-29T11:03:25.331Z,,,,UPI,upi-apps,2025,Jan,,,,en
6248,23,Samsung Pay #,8.57,608.41,-,-,-,-,-,-,8.57,608.41,2025-03-27T11:42:09.946Z,2025-04-29T11:03:25.413Z,,,,UPI,upi-apps,2025,Jan,,,,en
6249,24,Bajaj Finserv #,8.19,1649.36,-,-,-,-,-,-,8.19,1649.36,2025-03-27T11:42:09.946Z,2025-04-29T11:03:25.499Z,,,,UPI,upi-apps,2025,Jan,,,,en
6250,25,POP UPI,8.1,431.96,-,-,-,-,-,-,8.1,431.96,2025-03-27T11:42:09.946Z,2026-02-26T10:09:57.937Z,,,1.0,UPI,upi-apps,2025,Jan,,,,en
6251,26,Slice #,7.88,569.95,-,-,-,-,-,-,7.88,569.95,2025-03-27T11:42:09.946Z,2025-04-29T11:03:25.668Z,,,,UPI,upi-apps,2025,Jan,,,,en
6252,27,Flipkart UPI #,7.58,393.64,-,-,-,-,-,-,7.58,393.64,2025-03-27T11:42:09.946Z,2025-04-29T11:03:25.747Z,,,,UPI,upi-apps,2025,Jan,,,,en
6253,28,Jupiter Money #,6.31,913.95,-,-,-,-,-,-,6.31,913.95,2025-03-27T11:42:09.946Z,2025-04-29T11:03:25.828Z,,,,UPI,upi-apps,2025,Jan,,,,en
6254,29,Federal Bank Apps,4.3,744.89,-,-,-,-,-,-,4.3,744.89,2025-03-27T11:42:09.946Z,2025-04-29T11:03:25.909Z,,,,UPI,upi-apps,2025,Jan,,,,en
6255,30,Jio Payments Bank Apps,3.66,293.42,-,-,-,-,-,-,3.66,293.42,2025-03-27T11:42:09.946Z,2025-04-29T11:03:25.993Z,,,,UPI,upi-apps,2025,Jan,,,,en
6256,31,Punjab National Bank Apps,3.45,864.8,-,-,-,-,-,-,3.45,864.8,2025-03-27T11:42:09.946Z,2025-04-29T11:03:26.076Z,,,,UPI,upi-apps,2025,Jan,,,,en
6257,32,Canara Bank Apps,3.36,884.57,-,-,-,-,-,-,3.36,884.57,2025-03-27T11:42:09.946Z,2025-04-29T11:03:26.159Z,,,,UPI,upi-apps,2025,Jan,,,,en
6258,33,Deutsche Bank Apps,3.31,322.65,-,-,-,0.1,-,-,3.32,322.75,2025-03-27T11:42:09.946Z,2025-04-29T11:03:26.243Z,,,,UPI,upi-apps,2025,Jan,,,,en
6259,34,Fi Money #,3.25,401.64,-,-,-,-,-,-,3.25,401.64,2025-03-27T11:42:09.946Z,2025-04-29T11:03:26.327Z,,,,UPI,upi-apps,2025,Jan,,,,en
6260,35,Indian Bank Apps,0.62,174.94,-,-,-,-,-,-,0.62,174.94,2025-03-27T11:42:09.946Z,2025-08-18T07:27:11.002Z,,,1.0,UPI,upi-apps,2025,Jan,,,,en
6261,36,Timepay #,1.8,22.39,-,-,-,-,-,-,1.8,22.39,2025-03-27T11:42:09.946Z,2025-04-29T11:03:26.492Z,,,,UPI,upi-apps,2025,Jan,,,,en
6262,37,Suryoday Bank Apps,1.72,320.78,-,-,0.02,2.94,-,-,1.74,323.72,2025-03-27T11:42:09.946Z,2025-04-29T11:03:26.621Z,,,,UPI,upi-apps,2025,Jan,,,,en
6263,38,Jammu and Kashmir Bank Apps,1.62,212.89,-,-,-,-,-,-,1.62,212.89,2025-03-27T11:42:09.946Z,2025-04-29T11:03:26.824Z,,,,UPI,upi-apps,2025,Jan,,,,en
6264,39,Omni Card,1.49,96,-,-,-,-,-,-,1.49,96,2025-03-27T11:42:09.946Z,2025-04-29T11:03:26.910Z,,,,UPI,upi-apps,2025,Jan,,,,en
6265,40,Central Bank of India Apps,1.34,237.42,-,-,-,-,-,-,1.34,237.42,2025-03-27T11:42:09.946Z,2025-04-29T11:03:26.994Z,,,,UPI,upi-apps,2025,Jan,,,,en
6266,41,Bank of Baroda Apps,1.23,442.03,-,-,-,-,-,-,1.23,442.03,2025-03-27T11:42:09.946Z,2025-04-29T11:03:27.075Z,,,,UPI,upi-apps,2025,Jan,,,,en
6267,42,DBS Digibank Apps,1.12,224.4,-,-,0.01,1.09,-,-,1.13,225.49,2025-03-27T11:42:09.946Z,2025-04-29T11:03:27.161Z,,,,UPI,upi-apps,2025,Jan,,,,en
6268,43,Aditya Birla Capital Digital #,0.93,39.03,-,-,-,-,-,-,0.93,39.03,2025-03-27T11:42:09.946Z,2025-04-29T11:03:27.243Z,,,,UPI,upi-apps,2025,Jan,,,,en
6269,44,Kiwi #,0.82,141.6,-,-,-,-,-,-,0.82,141.6,2025-03-27T11:42:09.946Z,2025-04-29T11:03:27.326Z,,,,UPI,upi-apps,2025,Jan,,,,en
6270,45,HSBC Bank Apps,0.82,201.55,-,0.08,-,0.17,-,-,0.82,201.79,2025-03-27T11:42:09.946Z,2025-04-29T11:03:27.407Z,,,,UPI,upi-apps,2025,Jan,,,,en
6271,46,Union Bank Apps,0.75,257.23,-,-,-,-,-,-,0.75,257.23,2025-03-27T11:42:09.946Z,2025-04-29T11:03:27.489Z,,,,UPI,upi-apps,2025,Jan,,,,en
6272,47,One Card #,0.7,799.37,-,-,-,-,-,-,0.7,799.37,2025-03-27T11:42:09.946Z,2025-04-29T11:03:27.569Z,,,,UPI,upi-apps,2025,Jan,,,,en
6273,48,South Indian Bank Apps,0.65,192.73,-,-,-,-,-,-,0.65,192.73,2025-03-27T11:42:09.946Z,2025-04-29T11:03:27.648Z,,,,UPI,upi-apps,2025,Jan,,,,en
6274,49,Digikhata,0.64,194.07,-,-,-,-,-,-,0.64,194.07,2025-03-27T11:42:09.946Z,2025-04-29T11:03:27.726Z,,,,UPI,upi-apps,2025,Jan,,,,en
6275,50,Ind Money #,0.63,293.14,-,-,-,-,-,-,0.63,293.14,2025-03-27T11:42:09.946Z,2025-04-29T11:03:27.804Z,,,,UPI,upi-apps,2025,Jan,,,,en
6276,51,Shri Ram One #,0.6,63.97,-,-,-,-,-,-,0.6,63.97,2025-03-27T11:42:09.947Z,2025-04-29T11:03:27.890Z,,,,UPI,upi-apps,2025,Jan,,,,en
6277,52,Fino Payments Bank Apps,0.59,78.97,-,-,-,-,-,-,0.59,78.97,2025-03-27T11:42:09.947Z,2025-04-29T11:03:27.968Z,,,,UPI,upi-apps,2025,Jan,,,,en
6278,53,AU Small Finance Bank Apps,0.5,154.34,-,-,-,0.01,-,-,0.5,154.35,2025-03-27T11:42:09.947Z,2025-04-29T11:03:28.049Z,,,,UPI,upi-apps,2025,Jan,,,,en
6279,54,UCO Bank Apps,0.34,85.35,-,-,-,-,-,-,0.34,85.35,2025-03-27T11:42:09.947Z,2025-04-29T11:03:28.133Z,,,,UPI,upi-apps,2025,Jan,,,,en
6280,55,Tata Neu #,0.3,89.22,-,-,-,-,-,-,0.3,89.22,2025-03-27T11:42:09.947Z,2025-04-29T11:03:28.219Z,,,,UPI,upi-apps,2025,Jan,,,,en
6281,56,IndusInd Bank Apps,1.71,320.32,-,-,-,-,-,-,1.71,320.32,2025-03-27T11:42:09.947Z,2025-08-18T07:25:39.893Z,,,1.0,UPI,upi-apps,2025,Jan,,,,en
6282,57,Indian Overseas Bank Apps,0.25,66.56,-,-,-,-,-,-,0.25,66.56,2025-03-27T11:42:09.947Z,2025-04-29T11:03:28.383Z,,,,UPI,upi-apps,2025,Jan,,,,en
6283,58,Karnataka Bank Apps,0.25,52.98,-,-,-,-,-,-,0.25,52.98,2025-03-27T11:42:09.947Z,2025-04-29T11:03:28.467Z,,,,UPI,upi-apps,2025,Jan,,,,en
6284,59,ESAF Small Finance Bank Apps,0.24,26.7,-,-,-,-,-,-,0.24,26.7,2025-03-27T11:42:09.947Z,2025-04-29T11:03:28.548Z,,,,UPI,upi-apps,2025,Jan,,,,en
6285,60,Bank of India Apps,0.24,78.25,-,-,-,-,-,-,0.24,78.25,2025-03-27T11:42:09.947Z,2025-04-29T11:03:28.629Z,,,,UPI,upi-apps,2025,Jan,,,,en
6286,61,True Balance,0.23,9.01,-,-,-,-,-,-,0.23,9.01,2025-03-27T11:42:09.947Z,2025-04-29T11:03:28.711Z,,,,UPI,upi-apps,2025,Jan,,,,en
6287,62,Bharat Pe #,0.21,19.64,-,-,-,-,-,-,0.21,19.64,2025-03-27T11:42:09.947Z,2025-04-29T11:03:28.792Z,,,,UPI,upi-apps,2025,Jan,,,,en
6288,63,Standard Chartered Bank Apps,0.19,123.84,-,-,-,0.05,-,-,0.2,123.89,2025-03-27T11:42:09.947Z,2025-04-29T11:03:28.875Z,,,,UPI,upi-apps,2025,Jan,,,,en
6289,64,Salary Se #,0.16,7.76,-,-,-,-,-,-,0.16,7.76,2025-03-27T11:42:09.947Z,2025-04-29T11:03:28.963Z,,,,UPI,upi-apps,2025,Jan,,,,en
6290,65,Dhani,0.15,7.72,-,-,-,-,-,-,0.15,7.72,2025-03-27T11:42:09.947Z,2025-04-29T11:03:29.047Z,,,,UPI,upi-apps,2025,Jan,,,,en
6291,66,Money View #,0.12,9.77,-,-,-,-,-,-,0.12,9.77,2025-03-27T11:42:09.947Z,2025-04-29T11:03:29.133Z,,,,UPI,upi-apps,2025,Jan,,,,en
6292,67,Rapipay,0.11,13.96,-,-,-,-,-,-,0.11,13.96,2025-03-27T11:42:09.947Z,2025-04-29T11:03:29.216Z,,,,UPI,upi-apps,2025,Jan,,,,en
6293,68,IDBI Bank Apps,0.11,41.84,-,-,-,-,-,-,0.11,41.84,2025-03-27T11:42:09.947Z,2025-04-29T11:03:29.298Z,,,,UPI,upi-apps,2025,Jan,,,,en
6294,69,Niyo Global #,0.1,48.75,-,-,-,-,-,-,0.1,48.75,2025-03-27T11:42:09.947Z,2025-04-29T11:03:29.379Z,,,,UPI,upi-apps,2025,Jan,,,,en
6295,70,Ultracash #,0.09,6.74,-,-,-,-,-,-,0.09,6.74,2025-03-27T11:42:09.947Z,2025-04-29T11:03:29.461Z,,,,UPI,upi-apps,2025,Jan,,,,en
6296,71,Kredit.Pe #,0.09,11.04,-,-,-,-,-,-,0.09,11.04,2025-03-27T11:42:09.947Z,2025-04-29T11:03:29.542Z,,,,UPI,upi-apps,2025,Jan,,,,en
6297,72,City Union Bank Apps,0.08,29.52,-,-,-,-,-,-,0.08,29.52,2025-03-27T11:42:09.947Z,2025-04-29T11:03:29.622Z,,,,UPI,upi-apps,2025,Jan,,,,en
6298,73,Karur Vysya Bank Apps,0.08,29.32,-,-,-,-,-,-,0.08,29.32,2025-03-27T11:42:09.947Z,2025-04-29T11:03:29.703Z,,,,UPI,upi-apps,2025,Jan,,,,en
6299,74,Tamilnad Mercantile Bank Apps,0.08,26.96,-,-,-,-,-,-,0.08,26.96,2025-03-27T11:42:09.947Z,2025-04-29T11:03:29.783Z,,,,UPI,upi-apps,2025,Jan,,,,en
6300,75,Spice Money,0.08,7.67,-,-,-,-,-,-,0.08,7.67,2025-03-27T11:42:09.947Z,2025-04-29T11:03:29.862Z,,,,UPI,upi-apps,2025,Jan,,,,en
6301,76,NSDL Payments Bank Apps,0.07,8.35,-,-,-,-,-,-,0.07,8.35,2025-03-27T11:42:09.947Z,2025-04-29T11:03:29.940Z,,,,UPI,upi-apps,2025,Jan,,,,en
6302,77,Genwise #,0.05,29.81,-,-,-,-,-,-,0.05,29.81,2025-03-27T11:42:09.947Z,2025-04-29T11:03:30.020Z,,,,UPI,upi-apps,2025,Jan,,,,en
6303,78,Bank of Maharashtra Apps,0.04,15.22,-,-,-,-,-,-,0.04,15.22,2025-03-27T11:42:09.947Z,2025-04-29T11:03:30.099Z,,,,UPI,upi-apps,2025,Jan,,,,en
6304,79,Equitas Small Finance Bank Apps,0.04,28.47,-,-,-,-,-,-,0.04,28.47,2025-03-27T11:42:09.947Z,2025-04-29T11:03:30.179Z,,,,UPI,upi-apps,2025,Jan,,,,en
6305,80,Cheq,0.03,2.39,-,-,-,-,-,-,0.03,2.39,2025-03-27T11:42:09.947Z,2025-04-29T11:03:30.259Z,,,,UPI,upi-apps,2025,Jan,,,,en
6306,81,Punjab Sind Bank Apps,0.03,11.6,-,-,-,-,-,-,0.03,11.6,2025-03-27T11:42:09.947Z,2025-04-29T11:03:30.338Z,,,,UPI,upi-apps,2025,Jan,,,,en
6307,82,Freo #,0.02,1.55,-,-,-,-,-,-,0.02,1.55,2025-03-27T11:42:09.947Z,2025-04-29T11:03:30.419Z,,,,UPI,upi-apps,2025,Jan,,,,en
6308,83,Others,8.51,1366.16,-,-,0.16,7.01,-,-,8.66,1373.16,2025-03-27T11:42:09.947Z,2025-04-29T11:03:30.499Z,,,,UPI,upi-apps,2025,Jan,,,,en
6309,1,PhonePe,7656.4,1118963.81,-,-,-,-,-,-,7656.4,1118963.81,2025-03-27T11:44:45.704Z,2025-04-29T11:03:30.579Z,,,,UPI,upi-apps,2025,Feb,,,,en
6310,2,Google Pay #,5836.8,771089.15,-,-,-,-,-,-,5836.8,771089.15,2025-03-27T11:44:45.704Z,2025-04-29T11:03:30.659Z,,,,UPI,upi-apps,2025,Feb,,,,en
6311,3,Paytm,1079.64,117090.29,-,-,-,-,-,-,1079.64,117090.29,2025-03-27T11:44:45.704Z,2025-04-29T11:03:30.739Z,,,,UPI,upi-apps,2025,Feb,,,,en
6312,4,Navi #,260.75,14322.97,-,-,-,-,-,-,260.75,14322.97,2025-03-27T11:44:45.704Z,2025-04-29T11:03:30.824Z,,,,UPI,upi-apps,2025,Feb,,,,en
6313,5,super.money #,139.1,4812.44,-,-,-,-,-,-,139.1,4812.44,2025-03-27T11:44:45.704Z,2025-04-29T11:03:30.908Z,,,,UPI,upi-apps,2025,Feb,,,,en
6314,6,Cred #,126.48,45127.72,-,-,-,-,-,-,126.48,45127.72,2025-03-27T11:44:45.704Z,2025-04-29T11:03:30.995Z,,,,UPI,upi-apps,2025,Feb,,,,en
6315,7,Axis Bank Apps,17.53,4556.21,100.15,4638.45,0.01,2.67,-,-,117.7,9197.33,2025-03-27T11:44:45.704Z,2025-04-29T11:03:31.085Z,,,,UPI,upi-apps,2025,Feb,,,,en
6316,8,Amazon Pay #,93.31,9077.3,-,-,-,-,-,-,93.31,9077.3,2025-03-27T11:44:45.704Z,2025-04-29T11:03:31.165Z,,,,UPI,upi-apps,2025,Feb,,,,en
6317,9,FamApp by Trio #,77.08,876.12,-,-,-,-,-,-,77.08,876.12,2025-03-27T11:44:45.704Z,2025-04-29T11:03:31.247Z,,,,UPI,upi-apps,2025,Feb,,,,en
6318,10,Whatsapp #,58.86,4349.62,-,-,-,-,-,-,58.86,4349.62,2025-03-27T11:44:45.704Z,2025-04-29T11:03:31.329Z,,,,UPI,upi-apps,2025,Feb,,,,en
6319,11,ICICI Bank Apps,52.17,12740.39,0.01,11.15,1.93,1622.99,-,-,54.11,14374.53,2025-03-27T11:44:45.704Z,2025-04-29T11:03:31.414Z,,,,UPI,upi-apps,2025,Feb,,,,en
6320,12,Kotak Mahindra Bank Apps,50.53,6872.1,-,-,-,-,-,-,50.53,6872.1,2025-03-27T11:44:45.704Z,2025-04-29T11:03:31.496Z,,,,UPI,upi-apps,2025,Feb,,,,en
6321,13,HDFC Bank Apps,39.26,10543.2,8.71,3.71,0.01,0.73,-,-,47.98,10547.64,2025-03-27T11:44:45.704Z,2025-04-29T11:03:31.578Z,,,,UPI,upi-apps,2025,Feb,,,,en
6322,14,Yes Bank Apps,37.4,8367.66,-,0.09,0.37,17.31,-,-,37.78,8385.06,2025-03-27T11:44:45.704Z,2025-04-29T11:03:31.663Z,,,,UPI,upi-apps,2025,Feb,,,,en
6323,15,BHIM,36.88,8475.29,-,-,-,-,-,-,36.88,8475.29,2025-03-27T11:44:45.704Z,2025-12-23T06:55:45.760Z,,,1.0,UPI,upi-apps,2025,Feb,,,,en
6324,16,Mobikwik #,24.19,3733.72,-,-,-,-,-,-,24.19,3733.72,2025-03-27T11:44:45.704Z,2025-04-29T11:03:31.829Z,,,,UPI,upi-apps,2025,Feb,,,,en
6325,17,Airtel Payments Bank Apps,18.99,1349.2,-,0.01,-,0.03,-,-,18.99,1349.23,2025-03-27T11:44:45.704Z,2025-04-29T11:03:31.915Z,,,,UPI,upi-apps,2025,Feb,,,,en
6326,18,Slice #,15.31,1742.7,-,-,-,0.01,-,-,15.31,1742.71,2025-03-27T11:44:45.704Z,2025-04-29T11:03:31.999Z,,,,UPI,upi-apps,2025,Feb,,,,en
6327,19,Groww #,12.81,8383.73,-,-,-,-,-,-,12.81,8383.73,2025-03-27T11:44:45.704Z,2025-04-29T11:03:32.083Z,,,,UPI,upi-apps,2025,Feb,,,,en
6328,20,India Post Payments Bank Apps,12.27,1463.53,-,-,-,-,-,-,12.27,1463.53,2025-03-27T11:44:45.704Z,2025-04-29T11:03:32.167Z,,,,UPI,upi-apps,2025,Feb,,,,en
6329,21,IDFC Bank Apps,11.98,2158.27,-,-,-,0.02,-,-,11.98,2158.3,2025-03-27T11:44:45.704Z,2025-04-29T11:03:32.251Z,,,,UPI,upi-apps,2025,Feb,,,,en
6330,22,State Bank of India Apps,11.68,3197.67,-,-,-,-,-,-,11.68,3197.67,2025-03-27T11:44:45.704Z,2025-04-29T11:03:32.334Z,,,,UPI,upi-apps,2025,Feb,,,,en
6331,23,RBL Bank Apps,8.76,1408.32,-,-,0.1,13.57,-,-,8.86,1421.89,2025-03-27T11:44:45.704Z,2025-04-29T11:03:32.416Z,,,,UPI,upi-apps,2025,Feb,,,,en
6332,24,Bajaj Finserv #,8.39,1707.51,-,-,-,-,-,-,8.39,1707.51,2025-03-27T11:44:45.704Z,2025-04-29T11:03:32.502Z,,,,UPI,upi-apps,2025,Feb,,,,en
6333,25,Samsung Pay #,8.09,576.3,-,-,-,-,-,-,8.09,576.3,2025-03-27T11:44:45.704Z,2025-04-29T11:03:32.585Z,,,,UPI,upi-apps,2025,Feb,,,,en
6334,26,POP UPI,7.27,419.36,-,-,-,-,-,-,7.27,419.36,2025-03-27T11:44:45.704Z,2026-02-26T10:10:28.778Z,,,1.0,UPI,upi-apps,2025,Feb,,,,en
6335,27,Jupiter Money #,5.95,858.34,-,-,-,-,-,-,5.95,858.34,2025-03-27T11:44:45.704Z,2025-04-29T11:03:32.751Z,,,,UPI,upi-apps,2025,Feb,,,,en
6336,28,Flipkart UPI #,4.42,238.42,-,-,-,-,-,-,4.42,238.42,2025-03-27T11:44:45.704Z,2025-04-29T11:03:32.834Z,,,,UPI,upi-apps,2025,Feb,,,,en
6337,29,Federal Bank Apps,4.08,715.26,-,-,-,-,-,-,4.08,715.26,2025-03-27T11:44:45.704Z,2025-04-29T11:03:32.915Z,,,,UPI,upi-apps,2025,Feb,,,,en
6338,30,Jio Payments Bank Apps,3.66,290.56,-,-,-,-,-,-,3.66,290.56,2025-03-27T11:44:45.704Z,2025-04-29T11:03:32.996Z,,,,UPI,upi-apps,2025,Feb,,,,en
6339,31,Canara Bank Apps,3.25,837.13,-,-,-,-,-,-,3.25,837.13,2025-03-27T11:44:45.704Z,2025-04-29T11:03:33.077Z,,,,UPI,upi-apps,2025,Feb,,,,en
6340,32,Punjab National Bank Apps,3.19,809.91,-,-,-,-,-,-,3.19,809.91,2025-03-27T11:44:45.704Z,2025-04-29T11:03:33.161Z,,,,UPI,upi-apps,2025,Feb,,,,en
6341,33,Deutsche Bank Apps,3.12,442.59,-,-,-,0.09,-,-,3.12,442.68,2025-03-27T11:44:45.704Z,2025-04-29T11:03:33.243Z,,,,UPI,upi-apps,2025,Feb,,,,en
6342,34,Fi Money #,2.99,377.32,-,-,-,-,-,-,2.99,377.32,2025-03-27T11:44:45.704Z,2025-04-29T11:03:33.325Z,,,,UPI,upi-apps,2025,Feb,,,,en
6343,35,Timepay #,2.19,28.77,-,-,-,-,-,-,2.19,28.77,2025-03-27T11:44:45.704Z,2025-04-29T11:03:33.407Z,,,,UPI,upi-apps,2025,Feb,,,,en
6344,36,IndusInd Bank Apps,1.76,307.45,-,-,-,-,-,-,1.76,307.45,2025-03-27T11:44:45.704Z,2025-04-29T11:03:33.489Z,,,,UPI,upi-apps,2025,Feb,,,,en
6345,37,Bank of Baroda Apps,1.72,472.44,-,-,-,-,-,-,1.72,472.44,2025-03-27T11:44:45.704Z,2025-04-29T11:03:33.570Z,,,,UPI,upi-apps,2025,Feb,,,,en
6346,38,Jammu and Kashmir Bank Apps,1.57,216.84,-,-,-,-,-,-,1.57,216.84,2025-03-27T11:44:45.704Z,2025-04-29T11:03:33.654Z,,,,UPI,upi-apps,2025,Feb,,,,en
6347,39,Omni Card,1.41,93.44,-,-,-,-,-,-,1.41,93.44,2025-03-27T11:44:45.704Z,2025-04-29T11:03:33.737Z,,,,UPI,upi-apps,2025,Feb,,,,en
6348,40,Central Bank of India Apps,1.36,233.31,-,-,-,-,-,-,1.36,233.31,2025-03-27T11:44:45.704Z,2025-04-29T11:03:33.820Z,,,,UPI,upi-apps,2025,Feb,,,,en
6349,41,Shri Ram One #,1.16,81.1,-,-,-,-,-,-,1.16,81.1,2025-03-27T11:44:45.704Z,2025-04-29T11:03:33.904Z,,,,UPI,upi-apps,2025,Feb,,,,en
6350,42,Suryoday Bank Apps,1.1,189.69,-,-,0.02,3.59,-,-,1.12,193.28,2025-03-27T11:44:45.704Z,2025-04-29T11:03:33.986Z,,,,UPI,upi-apps,2025,Feb,,,,en
6351,43,Kiwi #,1.01,155.81,-,-,-,-,-,-,1.01,155.81,2025-03-27T11:44:45.704Z,2025-04-29T11:03:34.070Z,,,,UPI,upi-apps,2025,Feb,,,,en
6352,44,DBS Digibank Apps,0.99,201.32,-,-,0.01,1.37,-,-,1,202.69,2025-03-27T11:44:45.704Z,2025-04-29T11:03:34.154Z,,,,UPI,upi-apps,2025,Feb,,,,en
6353,45,HSBC Bank Apps,0.81,186.34,-,0.27,-,0.1,-,-,0.82,186.7,2025-03-27T11:44:45.704Z,2025-04-29T11:03:34.236Z,,,,UPI,upi-apps,2025,Feb,,,,en
6354,46,Ind Money #,0.78,357.98,-,-,-,-,-,-,0.78,357.98,2025-03-27T11:44:45.704Z,2025-04-29T11:03:34.317Z,,,,UPI,upi-apps,2025,Feb,,,,en
6355,47,Aditya Birla Capital Digital #,0.7,29.68,-,-,-,-,-,-,0.7,29.68,2025-03-27T11:44:45.704Z,2025-04-29T11:03:34.399Z,,,,UPI,upi-apps,2025,Feb,,,,en
6356,48,Digikhata,0.68,208.81,-,-,-,-,-,-,0.68,208.81,2025-03-27T11:44:45.704Z,2025-04-29T11:03:34.483Z,,,,UPI,upi-apps,2025,Feb,,,,en
6357,49,Union Bank Apps,0.67,225.15,-,-,-,-,-,-,0.67,225.15,2025-03-27T11:44:45.704Z,2025-04-29T11:03:34.565Z,,,,UPI,upi-apps,2025,Feb,,,,en
6358,50,One Card #,0.66,742.49,-,-,-,-,-,-,0.66,742.49,2025-03-27T11:44:45.705Z,2025-04-29T11:03:34.647Z,,,,UPI,upi-apps,2025,Feb,,,,en
6359,51,Bharat Pe #,0.62,41.42,-,-,-,-,-,-,0.62,41.42,2025-03-27T11:44:45.705Z,2025-04-29T11:03:34.732Z,,,,UPI,upi-apps,2025,Feb,,,,en
6360,52,South Indian Bank Apps,0.62,178.11,-,-,-,-,-,-,0.62,178.11,2025-03-27T11:44:45.705Z,2025-04-29T11:03:34.815Z,,,,UPI,upi-apps,2025,Feb,,,,en
6361,53,Indian Bank Apps,0.61,168.69,-,-,-,-,-,-,0.61,168.69,2025-03-27T11:44:45.705Z,2025-04-29T11:03:34.901Z,,,,UPI,upi-apps,2025,Feb,,,,en
6362,54,Fino Payments Bank Apps,0.53,68.54,-,-,-,-,-,-,0.53,68.54,2025-03-27T11:44:45.705Z,2025-04-29T11:03:34.983Z,,,,UPI,upi-apps,2025,Feb,,,,en
6363,55,AU Small Finance Bank Apps,0.49,148.93,-,-,-,-,-,-,0.49,148.93,2025-03-27T11:44:45.705Z,2025-04-29T11:03:35.065Z,,,,UPI,upi-apps,2025,Feb,,,,en
6364,56,UCO Bank Apps,0.35,89.18,-,-,-,-,-,-,0.35,89.18,2025-03-27T11:44:45.705Z,2025-04-29T11:03:35.154Z,,,,UPI,upi-apps,2025,Feb,,,,en
6365,57,Salary Se #,0.3,15.64,-,-,-,-,-,-,0.3,15.64,2025-03-27T11:44:45.705Z,2025-04-29T11:03:35.236Z,,,,UPI,upi-apps,2025,Feb,,,,en
6366,58,Tata Neu #,0.3,92.32,-,-,-,-,-,-,0.3,92.32,2025-03-27T11:44:45.705Z,2025-04-29T11:03:35.317Z,,,,UPI,upi-apps,2025,Feb,,,,en
6367,59,Indian Overseas Bank Apps,0.27,67.2,-,-,-,-,-,-,0.27,67.2,2025-03-27T11:44:45.705Z,2025-04-29T11:03:35.400Z,,,,UPI,upi-apps,2025,Feb,,,,en
6368,60,ESAF Small Finance Bank Apps,0.27,26.81,-,-,-,-,-,-,0.27,26.81,2025-03-27T11:44:45.705Z,2025-04-29T11:03:35.482Z,,,,UPI,upi-apps,2025,Feb,,,,en
6369,61,Bank of India Apps,0.24,75.45,-,-,-,-,-,-,0.24,75.45,2025-03-27T11:44:45.705Z,2025-04-29T11:03:35.565Z,,,,UPI,upi-apps,2025,Feb,,,,en
6370,62,Karnataka Bank Apps,0.23,50.92,-,-,-,-,-,-,0.23,50.92,2025-03-27T11:44:45.705Z,2025-04-29T11:03:35.646Z,,,,UPI,upi-apps,2025,Feb,,,,en
6371,63,Standard Chartered Bank Apps,0.2,114.04,-,-,-,0.07,-,-,0.2,114.12,2025-03-27T11:44:45.705Z,2025-04-29T11:03:35.726Z,,,,UPI,upi-apps,2025,Feb,,,,en
6372,64,Dhani,0.15,7.35,-,-,-,-,-,-,0.15,7.35,2025-03-27T11:44:45.705Z,2025-04-29T11:03:35.804Z,,,,UPI,upi-apps,2025,Feb,,,,en
6373,65,Money View #,0.15,15.33,-,-,-,-,-,-,0.15,15.33,2025-03-27T11:44:45.705Z,2025-04-29T11:03:35.884Z,,,,UPI,upi-apps,2025,Feb,,,,en
6374,66,True Balance,0.13,4.64,-,-,-,-,-,-,0.13,4.64,2025-03-27T11:44:45.705Z,2025-04-29T11:03:35.963Z,,,,UPI,upi-apps,2025,Feb,,,,en
6375,67,Kredit.Pe #,0.12,16.73,-,-,-,-,-,-,0.12,16.73,2025-03-27T11:44:45.705Z,2025-04-29T11:03:36.045Z,,,,UPI,upi-apps,2025,Feb,,,,en
6376,68,Rapipay,0.12,14.62,-,-,-,-,-,-,0.12,14.62,2025-03-27T11:44:45.705Z,2025-04-29T11:03:36.124Z,,,,UPI,upi-apps,2025,Feb,,,,en
6377,69,Spice Money,0.1,9.88,-,-,-,-,-,-,0.1,9.88,2025-03-27T11:44:45.705Z,2025-04-29T11:03:36.209Z,,,,UPI,upi-apps,2025,Feb,,,,en
6378,70,Niyo Global #,0.09,46.26,-,-,-,-,-,-,0.09,46.26,2025-03-27T11:44:45.705Z,2025-04-29T11:03:36.293Z,,,,UPI,upi-apps,2025,Feb,,,,en
6379,71,IDBI Bank Apps,0.09,32.23,-,-,-,-,-,-,0.09,32.23,2025-03-27T11:44:45.705Z,2025-04-29T11:03:36.382Z,,,,UPI,upi-apps,2025,Feb,,,,en
6380,72,Ultracash #,0.09,6.62,-,-,-,-,-,-,0.09,6.62,2025-03-27T11:44:45.705Z,2025-04-29T11:03:37.944Z,,,,UPI,upi-apps,2025,Feb,,,,en
6381,73,City Union Bank Apps,0.08,28.98,-,-,-,-,-,-,0.08,28.98,2025-03-27T11:44:45.705Z,2025-04-29T11:03:38.026Z,,,,UPI,upi-apps,2025,Feb,,,,en
6382,74,Karur Vysya Bank Apps,0.08,28.6,-,-,-,-,-,-,0.08,28.6,2025-03-27T11:44:45.705Z,2025-04-29T11:03:38.107Z,,,,UPI,upi-apps,2025,Feb,,,,en
6383,75,Tamilnad Mercantile Bank Apps,0.08,26.47,-,-,-,-,-,-,0.08,26.47,2025-03-27T11:44:45.705Z,2025-04-29T11:03:38.189Z,,,,UPI,upi-apps,2025,Feb,,,,en
6384,76,NSDL Payments Bank Apps,0.08,8.12,-,-,-,-,-,-,0.08,8.12,2025-03-27T11:44:45.705Z,2025-04-29T11:03:38.273Z,,,,UPI,upi-apps,2025,Feb,,,,en
6385,77,Genwise #,0.07,24.26,-,-,-,-,-,-,0.07,24.26,2025-03-27T11:44:45.705Z,2025-04-29T11:03:38.354Z,,,,UPI,upi-apps,2025,Feb,,,,en
6386,78,Freo #,0.04,2.36,-,-,-,-,-,-,0.04,2.36,2025-03-27T11:44:45.705Z,2025-04-29T11:03:38.435Z,,,,UPI,upi-apps,2025,Feb,,,,en
6387,79,Cheq,0.03,2.44,-,-,-,-,-,-,0.03,2.44,2025-03-27T11:44:45.705Z,2025-04-29T11:03:38.517Z,,,,UPI,upi-apps,2025,Feb,,,,en
6388,80,Punjab Sind Bank Apps,0.03,9.76,-,-,-,-,-,-,0.03,9.76,2025-03-27T11:44:45.705Z,2025-04-29T11:03:38.607Z,,,,UPI,upi-apps,2025,Feb,,,,en
6389,81,Bank of Maharashtra Apps,0.02,9.03,-,-,-,-,-,-,0.02,9.03,2025-03-27T11:44:45.705Z,2025-04-29T11:03:38.691Z,,,,UPI,upi-apps,2025,Feb,,,,en
6390,82,Others,1.8,216.46,-,-,0.15,6.15,-,-,1.94,222.61,2025-03-27T11:44:45.705Z,2025-04-29T11:03:38.776Z,,,,UPI,upi-apps,2025,Feb,,,,en
10111,1,PhonePe,8647.78,1257075.54,-,-,-,-,-,-,8647.78,1257075.54,2025-05-06T06:16:17.881Z,2025-05-12T06:14:08.905Z,,,,UPI,upi-apps,2025,Mar,,,,en
10113,2,Google Pay #,6596.76,866568.18,-,-,-,-,-,-,6596.76,866568.18,2025-05-06T06:16:17.881Z,2025-05-12T06:14:09.062Z,,,,UPI,upi-apps,2025,Mar,,,,en
10110,3,Paytm,1221.12,132912.04,-,-,-,-,-,-,1221.12,132912.04,2025-05-06T06:16:17.881Z,2025-05-12T06:14:08.825Z,,,,UPI,upi-apps,2025,Mar,,,,en
10115,4,Navi #,324.42,18018.65,-,-,-,-,-,-,324.42,18018.65,2025-05-06T06:16:17.881Z,2025-05-12T06:14:09.216Z,,,,UPI,upi-apps,2025,Mar,,,,en
10112,5,super.money #,171.75,5933.08,-,-,-,-,-,-,171.75,5933.08,2025-05-06T06:16:17.881Z,2025-05-12T06:14:08.982Z,,,,UPI,upi-apps,2025,Mar,,,,en
10116,6,Axis Bank Apps,20.26,5015.47,125.5,4948.62,0.01,2.43,-,-,145.78,9966.53,2025-05-06T06:16:17.881Z,2025-05-12T06:14:09.298Z,,,,UPI,upi-apps,2025,Mar,,,,en
10114,7,Cred #,144.82,55091.22,-,-,-,-,-,-,144.82,55091.22,2025-05-06T06:16:17.881Z,2025-05-12T06:14:09.138Z,,,,UPI,upi-apps,2025,Mar,,,,en
10117,8,Amazon Pay #,111.06,10606.66,-,-,-,-,-,-,111.06,10606.66,2025-05-06T06:16:17.881Z,2025-05-12T06:14:09.376Z,,,,UPI,upi-apps,2025,Mar,,,,en
10118,9,FamApp by Trio #,89.94,1099.28,-,-,-,-,-,-,89.94,1099.28,2025-05-06T06:16:17.881Z,2025-05-12T06:14:09.453Z,,,,UPI,upi-apps,2025,Mar,,,,en
10119,10,ICICI Bank Apps,65.41,14804.72,0.01,13.65,2.21,1878.57,-,-,67.63,16696.94,2025-05-06T06:16:17.881Z,2025-05-12T06:14:09.530Z,,,,UPI,upi-apps,2025,Mar,,,,en
10120,11,Whatsapp #,66.23,4958.25,-,-,-,-,-,-,66.23,4958.25,2025-05-06T06:16:17.881Z,2025-05-12T06:14:09.606Z,,,,UPI,upi-apps,2025,Mar,,,,en
10121,12,HDFC Bank Apps,46.63,11782.56,14.3,5.37,0.01,1.97,-,-,60.94,11789.9,2025-05-06T06:16:17.881Z,2025-05-12T06:14:09.684Z,,,,UPI,upi-apps,2025,Mar,,,,en
10122,13,Kotak Mahindra Bank Apps,57.05,7737.14,-,-,-,-,-,-,57.05,7737.14,2025-05-06T06:16:17.881Z,2025-05-12T06:14:09.764Z,,,,UPI,upi-apps,2025,Mar,,,,en
10128,14,BHIM,46.13,9540.09,-,-,-,-,-,-,46.13,9540.09,2025-05-06T06:16:17.881Z,2025-12-23T06:55:39.404Z,,,1.0,UPI,upi-apps,2025,Mar,,,,en
10123,15,Yes Bank Apps,43.58,9369.6,0.01,0.12,0.44,19.13,-,-,44.03,9388.85,2025-05-06T06:16:17.881Z,2025-05-12T06:14:09.841Z,,,,UPI,upi-apps,2025,Mar,,,,en
10124,16,Mobikwik #,29.8,4414,-,-,-,-,-,-,29.8,4414,2025-05-06T06:16:17.881Z,2025-05-12T06:14:09.918Z,,,,UPI,upi-apps,2025,Mar,,,,en
10125,17,Airtel Payments Bank Apps,21.63,1487.83,-,0.02,-,0.04,-,-,21.63,1487.89,2025-05-06T06:16:17.881Z,2025-05-12T06:14:09.994Z,,,,UPI,upi-apps,2025,Mar,,,,en
10126,18,Slice #,17.41,2069.29,-,-,-,0.02,-,-,17.41,2069.31,2025-05-06T06:16:17.881Z,2025-05-12T06:14:10.070Z,,,,UPI,upi-apps,2025,Mar,,,,en
10127,19,India Post Payments Bank Apps,16.58,1941.73,-,-,-,-,-,-,16.58,1941.73,2025-05-06T06:16:17.881Z,2025-05-12T06:14:10.149Z,,,,UPI,upi-apps,2025,Mar,,,,en
10135,20,IDFC Bank Apps,14.39,2478.07,0.14,7.96,0.01,0.05,-,-,14.53,2486.08,2025-05-06T06:16:17.881Z,2025-05-12T06:14:10.763Z,,,,UPI,upi-apps,2025,Mar,,,,en
10129,21,State Bank of India Apps,12.61,3418.04,-,-,-,-,-,-,12.61,3418.04,2025-05-06T06:16:17.881Z,2025-05-12T06:14:10.302Z,,,,UPI,upi-apps,2025,Mar,,,,en
10130,22,RBL Bank Apps,12.38,1714.22,-,0.01,0.2,27.46,-,-,12.59,1741.69,2025-05-06T06:16:17.881Z,2025-05-12T06:14:10.379Z,,,,UPI,upi-apps,2025,Mar,,,,en
10131,23,Groww #,11.63,7009.63,-,-,-,-,-,-,11.63,7009.63,2025-05-06T06:16:17.881Z,2025-05-12T06:14:10.459Z,,,,UPI,upi-apps,2025,Mar,,,,en
10132,24,Bajaj Finserv #,9.66,1892.01,-,-,-,-,-,-,9.66,1892.01,2025-05-06T06:16:17.881Z,2025-05-12T06:14:10.533Z,,,,UPI,upi-apps,2025,Mar,,,,en
10133,25,Samsung Pay #,8.95,642.73,-,-,-,-,-,-,8.95,642.73,2025-05-06T06:16:17.881Z,2025-05-12T06:14:10.611Z,,,,UPI,upi-apps,2025,Mar,,,,en
10134,26,POP UPI,8.53,449.95,-,-,-,-,-,-,8.53,449.95,2025-05-06T06:16:17.881Z,2026-02-26T10:11:50.731Z,,,1.0,UPI,upi-apps,2025,Mar,,,,en
10144,27,Jupiter Money #,6.49,958.52,-,-,-,-,-,-,6.49,958.52,2025-05-06T06:16:17.881Z,2025-05-12T06:14:11.481Z,,,,UPI,upi-apps,2025,Mar,,,,en
10136,28,Federal Bank Apps,4.75,869.77,-,-,-,-,-,-,4.75,869.77,2025-05-06T06:16:17.881Z,2025-05-12T06:14:10.849Z,,,,UPI,upi-apps,2025,Mar,,,,en
10137,29,Flipkart UPI #,4.72,257.82,-,-,-,-,-,-,4.72,257.82,2025-05-06T06:16:17.881Z,2025-05-12T06:14:10.927Z,,,,UPI,upi-apps,2025,Mar,,,,en
10138,30,Jio Payments Bank Apps,4.08,318.2,-,-,-,-,-,-,4.08,318.2,2025-05-06T06:16:17.881Z,2025-05-12T06:14:11.003Z,,,,UPI,upi-apps,2025,Mar,,,,en
10139,31,Canara Bank Apps,3.75,975.91,-,-,-,-,-,-,3.75,975.91,2025-05-06T06:16:17.881Z,2025-05-12T06:14:11.084Z,,,,UPI,upi-apps,2025,Mar,,,,en
10140,32,Deutsche Bank Apps,3.61,531.92,-,-,-,0.12,-,-,3.62,532.05,2025-05-06T06:16:17.881Z,2025-05-12T06:14:11.159Z,,,,UPI,upi-apps,2025,Mar,,,,en
10141,33,Punjab National Bank Apps,3.38,898.95,-,-,-,-,-,-,3.38,898.95,2025-05-06T06:16:17.881Z,2025-05-12T06:14:11.245Z,,,,UPI,upi-apps,2025,Mar,,,,en
10142,34,Fi Money #,3.25,434.16,-,-,-,-,-,-,3.25,434.16,2025-05-06T06:16:17.881Z,2025-05-12T06:14:11.323Z,,,,UPI,upi-apps,2025,Mar,,,,en
10143,35,Timepay #,3.07,37.66,-,-,-,-,-,-,3.07,37.66,2025-05-06T06:16:17.881Z,2025-05-12T06:14:11.404Z,,,,UPI,upi-apps,2025,Mar,,,,en
10145,36,Bank of Baroda Apps,2.11,588.95,-,-,-,-,-,-,2.11,588.95,2025-05-06T06:16:17.881Z,2025-05-12T06:14:11.657Z,,,,UPI,upi-apps,2025,Mar,,,,en
10146,37,IndusInd Bank Apps,2.04,346,-,-,-,-,-,-,2.04,346,2025-05-06T06:16:17.881Z,2025-05-12T06:14:11.734Z,,,,UPI,upi-apps,2025,Mar,,,,en
10147,38,Shri Ram One #,1.75,116.77,-,-,-,-,-,-,1.75,116.77,2025-05-06T06:16:17.881Z,2025-05-12T06:14:11.812Z,,,,UPI,upi-apps,2025,Mar,,,,en
10148,39,Jammu and Kashmir Bank Apps,1.75,261.45,-,-,-,-,-,-,1.75,261.45,2025-05-06T06:16:17.881Z,2025-05-12T06:14:11.888Z,,,,UPI,upi-apps,2025,Mar,,,,en
10149,40,Omni Card,1.59,86.51,-,-,-,-,-,-,1.59,86.51,2025-05-06T06:16:17.881Z,2025-05-12T06:14:11.963Z,,,,UPI,upi-apps,2025,Mar,,,,en
10150,41,Central Bank of India Apps,1.57,268,-,-,-,-,-,-,1.57,268,2025-05-06T06:16:17.881Z,2025-05-12T06:14:12.041Z,,,,UPI,upi-apps,2025,Mar,,,,en
10151,42,Kiwi #,1.41,213.93,-,-,-,-,-,-,1.41,213.93,2025-05-06T06:16:17.881Z,2025-05-12T06:14:12.116Z,,,,UPI,upi-apps,2025,Mar,,,,en
10152,43,Suryoday Bank Apps,1.24,174.22,-,-,0.02,4.71,-,-,1.26,178.92,2025-05-06T06:16:17.881Z,2025-05-12T06:14:12.192Z,,,,UPI,upi-apps,2025,Mar,,,,en
10153,44,Bharat Pe #,1.07,68.67,-,-,-,-,-,-,1.07,68.67,2025-05-06T06:16:17.881Z,2025-05-12T06:14:12.270Z,,,,UPI,upi-apps,2025,Mar,,,,en
10162,45,DBS Digibank Apps,1.02,228.73,-,-,0.01,1.48,-,-,1.02,230.21,2025-05-06T06:16:17.881Z,2025-05-12T06:14:12.957Z,,,,UPI,upi-apps,2025,Mar,,,,en
10154,46,HSBC Bank Apps,0.99,224.31,0.01,0.32,-,0.21,-,-,1,224.84,2025-05-06T06:16:17.881Z,2025-05-12T06:14:12.345Z,,,,UPI,upi-apps,2025,Mar,,,,en
10155,47,Ind Money #,0.95,436.8,-,-,-,-,-,-,0.95,436.8,2025-05-06T06:16:17.881Z,2025-05-12T06:14:12.421Z,,,,UPI,upi-apps,2025,Mar,,,,en
10156,48,Aditya Birla Capital Digital #,0.88,39.97,-,-,-,-,-,-,0.88,39.97,2025-05-06T06:16:17.881Z,2025-05-12T06:14:12.498Z,,,,UPI,upi-apps,2025,Mar,,,,en
10157,49,One Card #,0.82,973,-,-,-,-,-,-,0.82,973,2025-05-06T06:16:17.881Z,2025-05-12T06:14:12.576Z,,,,UPI,upi-apps,2025,Mar,,,,en
10158,50,Digikhata,0.8,258.58,-,-,-,-,-,-,0.8,258.58,2025-05-06T06:16:17.881Z,2025-05-12T06:14:12.652Z,,,,UPI,upi-apps,2025,Mar,,,,en
10159,51,Union Bank Apps,0.72,241.09,-,-,-,-,-,-,0.72,241.09,2025-05-06T06:16:17.881Z,2025-05-12T06:14:12.728Z,,,,UPI,upi-apps,2025,Mar,,,,en
10160,52,South Indian Bank Apps,0.68,204.88,-,-,-,-,-,-,0.68,204.88,2025-05-06T06:16:17.881Z,2025-05-12T06:14:12.805Z,,,,UPI,upi-apps,2025,Mar,,,,en
10161,53,Indian Bank Apps,0.64,176.18,-,-,-,-,-,-,0.64,176.18,2025-05-06T06:16:17.881Z,2025-05-12T06:14:12.881Z,,,,UPI,upi-apps,2025,Mar,,,,en
10170,54,AU Small Finance Bank Apps,0.59,174.06,-,-,-,-,-,-,0.59,174.06,2025-05-06T06:16:17.881Z,2025-05-12T06:14:13.572Z,,,,UPI,upi-apps,2025,Mar,,,,en
10163,55,Fino Payments Bank Apps,0.58,63.84,-,-,-,-,-,-,0.58,63.84,2025-05-06T06:16:17.881Z,2025-05-12T06:14:13.036Z,,,,UPI,upi-apps,2025,Mar,,,,en
10164,56,Standard Chartered Bank Apps,0.31,140.79,-,-,0.19,5.67,-,-,0.5,146.46,2025-05-06T06:16:17.881Z,2025-05-12T06:14:13.112Z,,,,UPI,upi-apps,2025,Mar,,,,en
10165,57,UCO Bank Apps,0.44,110.34,-,-,-,-,-,-,0.44,110.34,2025-05-06T06:16:17.881Z,2025-05-12T06:14:13.187Z,,,,UPI,upi-apps,2025,Mar,,,,en
10166,58,Tata Neu #,0.38,111.95,-,-,-,-,-,-,0.38,111.95,2025-05-06T06:16:17.881Z,2025-05-12T06:14:13.264Z,,,,UPI,upi-apps,2025,Mar,,,,en
10167,59,ESAF Small Finance Bank Apps,0.38,40.78,-,-,-,-,-,-,0.38,40.78,2025-05-06T06:16:17.882Z,2025-05-12T06:14:13.341Z,,,,UPI,upi-apps,2025,Mar,,,,en
10168,60,Salary Se #,0.36,18.23,-,-,-,-,-,-,0.36,18.23,2025-05-06T06:16:17.882Z,2025-05-12T06:14:13.418Z,,,,UPI,upi-apps,2025,Mar,,,,en
10169,61,Bank of India Apps,0.27,86.1,-,-,-,-,-,-,0.27,86.1,2025-05-06T06:16:17.882Z,2025-05-12T06:14:13.494Z,,,,UPI,upi-apps,2025,Mar,,,,en
10177,62,Indian Overseas Bank Apps,0.26,60.29,-,-,-,-,-,-,0.26,60.29,2025-05-06T06:16:17.882Z,2025-05-12T06:14:14.108Z,,,,UPI,upi-apps,2025,Mar,,,,en
10178,63,Karnataka Bank Apps,0.25,57.71,-,-,-,0.01,-,-,0.25,57.72,2025-05-06T06:16:17.882Z,2025-05-12T06:14:14.188Z,,,,UPI,upi-apps,2025,Mar,,,,en
10171,64,Kredit.Pe #,0.19,26.43,-,-,-,-,-,-,0.19,26.43,2025-05-06T06:16:17.882Z,2025-05-12T06:14:13.647Z,,,,UPI,upi-apps,2025,Mar,,,,en
10172,65,Money View #,0.18,18.99,-,-,-,-,-,-,0.18,18.99,2025-05-06T06:16:17.882Z,2025-05-12T06:14:13.725Z,,,,UPI,upi-apps,2025,Mar,,,,en
10173,66,Dhani,0.17,8.44,-,-,-,-,-,-,0.17,8.44,2025-05-06T06:16:17.882Z,2025-05-12T06:14:13.801Z,,,,UPI,upi-apps,2025,Mar,,,,en
10174,67,Spice Money,0.16,12.87,-,-,-,-,-,-,0.16,12.87,2025-05-06T06:16:17.882Z,2025-05-12T06:14:13.875Z,,,,UPI,upi-apps,2025,Mar,,,,en
10175,68,Rapipay,0.14,17.08,-,-,-,-,-,-,0.14,17.08,2025-05-06T06:16:17.882Z,2025-05-12T06:14:13.952Z,,,,UPI,upi-apps,2025,Mar,,,,en
10176,69,IDBI Bank Apps,0.13,45.74,-,-,-,-,-,-,0.13,45.74,2025-05-06T06:16:17.882Z,2025-05-12T06:14:14.029Z,,,,UPI,upi-apps,2025,Mar,,,,en
10185,70,Ultracash #,0.11,8.67,-,-,-,-,-,-,0.11,8.67,2025-05-06T06:16:17.882Z,2025-05-12T06:14:14.758Z,,,,UPI,upi-apps,2025,Mar,,,,en
10186,71,Niyo Global #,0.11,54.39,-,-,-,-,-,-,0.11,54.39,2025-05-06T06:16:17.882Z,2025-05-12T06:14:14.836Z,,,,UPI,upi-apps,2025,Mar,,,,en
10179,72,True Balance,0.1,3.41,-,-,-,-,-,-,0.1,3.41,2025-05-06T06:16:17.882Z,2025-05-12T06:14:14.266Z,,,,UPI,upi-apps,2025,Mar,,,,en
10180,73,Karur Vysya Bank Apps,0.09,33.66,-,-,-,-,-,-,0.09,33.66,2025-05-06T06:16:17.882Z,2025-05-12T06:14:14.346Z,,,,UPI,upi-apps,2025,Mar,,,,en
10181,74,City Union Bank Apps,0.09,31.31,-,-,-,-,-,-,0.09,31.31,2025-05-06T06:16:17.882Z,2025-05-12T06:14:14.433Z,,,,UPI,upi-apps,2025,Mar,,,,en
10182,75,Tamilnad Mercantile Bank Apps,0.08,29.48,-,-,-,-,-,-,0.08,29.48,2025-05-06T06:16:17.882Z,2025-05-12T06:14:14.514Z,,,,UPI,upi-apps,2025,Mar,,,,en
10183,76,Genwise #,0.07,28.34,-,-,-,-,-,-,0.07,28.34,2025-05-06T06:16:17.882Z,2025-05-12T06:14:14.592Z,,,,UPI,upi-apps,2025,Mar,,,,en
10184,77,Freo #,0.05,3.87,-,-,-,-,-,-,0.05,3.87,2025-05-06T06:16:17.882Z,2025-05-12T06:14:14.676Z,,,,UPI,upi-apps,2025,Mar,,,,en
10190,78,NSDL Payments Bank Apps,0.04,5.54,-,-,-,-,-,-,0.04,5.54,2025-05-06T06:16:17.882Z,2025-05-12T06:14:15.148Z,,,,UPI,upi-apps,2025,Mar,,,,en
10191,79,Cheq,0.03,2.43,-,-,-,-,-,-,0.03,2.43,2025-05-06T06:16:17.882Z,2025-05-12T06:14:15.226Z,,,,UPI,upi-apps,2025,Mar,,,,en
10187,80,Bank of Maharashtra Apps,0.03,9.11,-,-,-,-,-,-,0.03,9.11,2025-05-06T06:16:17.882Z,2025-05-12T06:14:14.913Z,,,,UPI,upi-apps,2025,Mar,,,,en
10188,81,Punjab Sind Bank Apps,0.03,9.19,-,-,-,-,-,-,0.03,9.19,2025-05-06T06:16:17.882Z,2025-05-12T06:14:14.990Z,,,,UPI,upi-apps,2025,Mar,,,,en
10189,82,Others,2.08,247.74,-,-,0.18,7.19,-,-,2.26,254.93,2025-05-06T06:16:17.882Z,2025-05-12T06:14:15.071Z,,,,UPI,upi-apps,2025,Mar,,,,en
10274,1,PhonePe,8362.31,1205047.3,-,-,-,-,-,-,8362.31,1205047.3,2025-07-07T11:25:47.061Z,2025-07-07T11:25:47.061Z,,,,UPI,upi-apps,2025,Apr,,,,en
10276,2,Google Pay #,6488.55,842628.56,-,-,-,-,-,-,6488.55,842628.56,2025-07-07T11:25:47.061Z,2025-07-07T11:25:47.061Z,,,,UPI,upi-apps,2025,Apr,,,,en
10278,3,Paytm,1210.24,131153.97,-,-,-,-,-,-,1210.24,131153.97,2025-07-07T11:25:47.061Z,2025-07-07T11:25:47.061Z,,,,UPI,upi-apps,2025,Apr,,,,en
10275,4,Navi #,344.21,18841.19,-,-,-,-,-,-,344.21,18841.19,2025-07-07T11:25:47.061Z,2025-07-07T11:25:47.061Z,,,,UPI,upi-apps,2025,Apr,,,,en
10277,5,super.money #,175.24,5924.95,-,-,-,-,-,-,175.24,5924.95,2025-07-07T11:25:47.061Z,2025-07-07T11:25:47.061Z,,,,UPI,upi-apps,2025,Apr,,,,en
10279,6,Cred #,134.67,49753,-,-,-,-,-,-,134.67,49753,2025-07-07T11:25:47.061Z,2025-07-07T11:25:47.061Z,,,,UPI,upi-apps,2025,Apr,,,,en
10280,7,Axis Bank Apps,22.18,5281.1,97.85,3863.71,0.01,2.83,-,-,120.05,9147.64,2025-07-07T11:25:47.061Z,2025-07-07T11:25:47.061Z,,,,UPI,upi-apps,2025,Apr,,,,en
10281,8,FamApp by Trio #,99.91,1241.8,-,-,-,-,-,-,99.91,1241.8,2025-07-07T11:25:47.061Z,2025-07-07T11:25:47.061Z,,,,UPI,upi-apps,2025,Apr,,,,en
10282,9,Amazon Pay #,98.26,9966.68,-,-,-,-,-,-,98.26,9966.68,2025-07-07T11:25:47.061Z,2025-07-07T11:25:47.061Z,,,,UPI,upi-apps,2025,Apr,,,,en
10283,10,Whatsapp #,67.4,5065.44,-,-,-,-,-,-,67.4,5065.44,2025-07-07T11:25:47.061Z,2025-07-07T11:25:47.061Z,,,,UPI,upi-apps,2025,Apr,,,,en
10284,11,ICICI Bank Apps,55.89,14360.28,0.01,12.53,2.21,1851.16,-,-,58.11,16223.97,2025-07-07T11:25:47.061Z,2025-07-07T11:25:47.061Z,,,,UPI,upi-apps,2025,Apr,,,,en
10285,12,Kotak Mahindra Bank Apps,57.73,7681.65,-,-,-,-,-,-,57.73,7681.65,2025-07-07T11:25:47.061Z,2025-07-07T11:25:47.061Z,,,,UPI,upi-apps,2025,Apr,,,,en
10286,13,HDFC Bank Apps,44.47,11941.31,12.98,5.21,0.01,1.23,-,-,57.46,11947.75,2025-07-07T11:25:47.061Z,2025-07-07T11:25:47.061Z,,,,UPI,upi-apps,2025,Apr,,,,en
10294,14,BHIM,53.57,10363.27,-,-,-,-,-,-,53.57,10363.27,2025-07-07T11:25:47.061Z,2025-12-23T06:55:09.879Z,,,1.0,UPI,upi-apps,2025,Apr,,,,en
10287,15,Yes Bank Apps,47.98,9039.54,-,-,0.32,19.73,-,-,48.3,9059.27,2025-07-07T11:25:47.061Z,2025-07-07T11:25:47.061Z,,,,UPI,upi-apps,2025,Apr,,,,en
10288,16,Mobikwik #,31.7,4277.05,-,-,-,-,-,-,31.7,4277.05,2025-07-07T11:25:47.061Z,2025-07-07T11:25:47.061Z,,,,UPI,upi-apps,2025,Apr,,,,en
10289,17,Airtel Payments Bank Apps,20.4,1416.38,-,0.01,-,-,-,-,20.4,1416.39,2025-07-07T11:25:47.061Z,2025-07-07T11:25:47.061Z,,,,UPI,upi-apps,2025,Apr,,,,en
10290,18,Slice #,17.81,2119.99,-,-,-,0.02,-,-,17.81,2120.01,2025-07-07T11:25:47.061Z,2025-07-07T11:25:47.061Z,,,,UPI,upi-apps,2025,Apr,,,,en
10291,19,IDFC Bank Apps,16.01,2430.68,0.05,4.34,0.03,0.22,-,-,16.09,2435.24,2025-07-07T11:25:47.061Z,2025-07-07T11:25:47.061Z,,,,UPI,upi-apps,2025,Apr,,,,en
10292,20,India Post Payments Bank Apps,14.76,1738.65,-,-,-,-,-,-,14.76,1738.65,2025-07-07T11:25:47.061Z,2025-07-07T11:25:47.061Z,,,,UPI,upi-apps,2025,Apr,,,,en
10293,21,RBL Bank Apps,13.9,1630.61,-,0.14,0.19,22.38,-,-,14.09,1653.13,2025-07-07T11:25:47.061Z,2025-07-07T11:25:47.061Z,,,,UPI,upi-apps,2025,Apr,,,,en
10302,22,State Bank of India Apps,13.16,3524.25,-,-,-,-,-,-,13.16,3524.25,2025-07-07T11:25:47.061Z,2025-07-07T11:25:47.061Z,,,,UPI,upi-apps,2025,Apr,,,,en
10295,23,Groww #,12.37,8788.46,-,-,-,-,-,-,12.37,8788.46,2025-07-07T11:25:47.061Z,2025-07-07T11:25:47.061Z,,,,UPI,upi-apps,2025,Apr,,,,en
10296,24,POP UPI,10.38,445.95,-,-,-,-,-,-,10.38,445.95,2025-07-07T11:25:47.061Z,2026-02-26T10:09:41.579Z,,,1.0,UPI,upi-apps,2025,Apr,,,,en
10297,25,Bajaj Finserv #,10.25,2002.37,-,-,-,-,-,-,10.25,2002.37,2025-07-07T11:25:47.061Z,2025-07-07T11:25:47.061Z,,,,UPI,upi-apps,2025,Apr,,,,en
10298,26,Samsung Pay #,8.72,619.96,-,-,-,-,-,-,8.72,619.96,2025-07-07T11:25:47.061Z,2025-07-07T11:25:47.061Z,,,,UPI,upi-apps,2025,Apr,,,,en
10299,27,Jupiter Money #,6.15,900.17,-,-,-,-,-,-,6.15,900.17,2025-07-07T11:25:47.061Z,2025-07-07T11:25:47.061Z,,,,UPI,upi-apps,2025,Apr,,,,en
10300,28,Federal Bank Apps,4.89,894.05,-,-,-,-,-,-,4.89,894.05,2025-07-07T11:25:47.061Z,2025-07-07T11:25:47.061Z,,,,UPI,upi-apps,2025,Apr,,,,en
10301,29,Jio Payments Bank Apps,4.21,315.88,-,-,-,-,-,-,4.21,315.88,2025-07-07T11:25:47.061Z,2025-07-07T11:25:47.061Z,,,,UPI,upi-apps,2025,Apr,,,,en
10311,30,Canara Bank Apps,3.71,970.18,-,-,-,-,-,-,3.71,970.18,2025-07-07T11:25:47.061Z,2025-07-07T11:25:47.061Z,,,,UPI,upi-apps,2025,Apr,,,,en
10303,31,Deutsche Bank Apps,3.55,647.31,-,-,-,0.11,-,-,3.56,647.42,2025-07-07T11:25:47.061Z,2025-07-07T11:25:47.061Z,,,,UPI,upi-apps,2025,Apr,,,,en
10304,32,Flipkart UPI #,3.47,195.89,-,-,-,-,-,-,3.47,195.89,2025-07-07T11:25:47.061Z,2025-07-07T11:25:47.061Z,,,,UPI,upi-apps,2025,Apr,,,,en
10305,33,Punjab National Bank Apps,3.4,912.54,-,-,-,-,-,-,3.4,912.54,2025-07-07T11:25:47.061Z,2025-07-07T11:25:47.061Z,,,,UPI,upi-apps,2025,Apr,,,,en
10306,34,Timepay #,3.12,40.66,-,-,-,-,-,-,3.12,40.66,2025-07-07T11:25:47.061Z,2025-07-07T11:25:47.061Z,,,,UPI,upi-apps,2025,Apr,,,,en
10307,35,Fi Money #,3.01,396.69,-,-,-,-,-,-,3.01,396.69,2025-07-07T11:25:47.061Z,2025-07-07T11:25:47.061Z,,,,UPI,upi-apps,2025,Apr,,,,en
10308,36,Kiwi #,2.41,297.79,-,-,-,-,-,-,2.41,297.79,2025-07-07T11:25:47.061Z,2025-07-07T11:25:47.061Z,,,,UPI,upi-apps,2025,Apr,,,,en
10309,37,IndusInd Bank Apps,2.17,345.61,-,-,-,-,-,-,2.17,345.61,2025-07-07T11:25:47.061Z,2025-07-07T11:25:47.061Z,,,,UPI,upi-apps,2025,Apr,,,,en
10310,38,Jammu and Kashmir Bank Apps,2.11,281.4,-,-,-,-,-,-,2.11,281.4,2025-07-07T11:25:47.061Z,2025-07-07T11:25:47.061Z,,,,UPI,upi-apps,2025,Apr,,,,en
10312,39,Shri Ram One #,2.09,137.77,-,-,-,-,-,-,2.09,137.77,2025-07-07T11:25:47.061Z,2025-07-07T11:25:47.061Z,,,,UPI,upi-apps,2025,Apr,,,,en
10313,40,Bank of Baroda Apps,1.9,567.22,-,-,-,-,-,-,1.9,567.22,2025-07-07T11:25:47.061Z,2025-07-07T11:25:47.061Z,,,,UPI,upi-apps,2025,Apr,,,,en
10314,41,Standard Chartered Bank Apps,1.72,153.33,-,-,0.18,5.07,-,-,1.9,158.39,2025-07-07T11:25:47.061Z,2025-07-07T11:25:47.061Z,,,,UPI,upi-apps,2025,Apr,,,,en
10315,42,Omni Card,1.57,84.95,-,-,-,-,-,-,1.57,84.95,2025-07-07T11:25:47.061Z,2025-07-07T11:25:47.061Z,,,,UPI,upi-apps,2025,Apr,,,,en
10316,43,Central Bank of India Apps,1.54,263.72,-,-,-,-,-,-,1.54,263.72,2025-07-07T11:25:47.061Z,2025-07-07T11:25:47.061Z,,,,UPI,upi-apps,2025,Apr,,,,en
10317,44,DBS Digibank Apps,1.09,211.67,-,-,0.01,1.7,-,-,1.1,213.38,2025-07-07T11:25:47.061Z,2025-07-07T11:25:47.061Z,,,,UPI,upi-apps,2025,Apr,,,,en
10318,45,Ind Money #,1.05,541.53,-,-,-,-,-,-,1.05,541.53,2025-07-07T11:25:47.061Z,2025-07-07T11:25:47.061Z,,,,UPI,upi-apps,2025,Apr,,,,en
10319,46,HSBC Bank Apps,0.87,106.65,0.01,0.37,-,0.11,-,-,0.88,107.13,2025-07-07T11:25:47.061Z,2025-07-07T11:25:47.061Z,,,,UPI,upi-apps,2025,Apr,,,,en
10327,47,Digikhata,0.8,254.47,-,-,-,-,-,-,0.8,254.47,2025-07-07T11:25:47.061Z,2025-07-07T11:25:47.061Z,,,,UPI,upi-apps,2025,Apr,,,,en
10320,48,Bharat Pe #,0.78,59.59,-,-,-,-,-,-,0.78,59.59,2025-07-07T11:25:47.061Z,2025-07-07T11:25:47.061Z,,,,UPI,upi-apps,2025,Apr,,,,en
10321,49,Suryoday Bank Apps,0.73,130.27,-,-,0.01,5.3,-,-,0.75,135.57,2025-07-07T11:25:47.061Z,2025-07-07T11:25:47.061Z,,,,UPI,upi-apps,2025,Apr,,,,en
10322,50,One Card #,0.74,842.35,-,-,-,-,-,-,0.74,842.35,2025-07-07T11:25:47.061Z,2025-07-07T11:25:47.061Z,,,,UPI,upi-apps,2025,Apr,,,,en
10323,51,Union Bank Apps,0.72,243.46,-,-,-,-,-,-,0.72,243.46,2025-07-07T11:25:47.061Z,2025-07-07T11:25:47.061Z,,,,UPI,upi-apps,2025,Apr,,,,en
10324,52,Indian Bank Apps,0.7,186.42,-,-,-,-,-,-,0.7,186.42,2025-07-07T11:25:47.061Z,2025-07-07T11:25:47.061Z,,,,UPI,upi-apps,2025,Apr,,,,en
10325,53,South Indian Bank Apps,0.68,200.19,-,-,-,-,-,-,0.68,200.19,2025-07-07T11:25:47.061Z,2025-07-07T11:25:47.061Z,,,,UPI,upi-apps,2025,Apr,,,,en
10326,54,Aditya Birla Capital Digital #,0.63,32.69,-,-,-,-,-,-,0.63,32.69,2025-07-07T11:25:47.061Z,2025-07-07T11:25:47.061Z,,,,UPI,upi-apps,2025,Apr,,,,en
10336,55,AU Small Finance Bank Apps,0.57,178.31,-,-,-,-,-,-,0.57,178.31,2025-07-07T11:25:47.061Z,2025-07-07T11:25:47.061Z,,,,UPI,upi-apps,2025,Apr,,,,en
10328,56,Fino Payments Bank Apps,0.51,54.6,-,-,-,-,-,-,0.51,54.6,2025-07-07T11:25:47.061Z,2025-07-07T11:25:47.061Z,,,,UPI,upi-apps,2025,Apr,,,,en
10329,57,UCO Bank Apps,0.46,116.7,-,-,-,-,-,-,0.46,116.7,2025-07-07T11:25:47.061Z,2025-07-07T11:25:47.061Z,,,,UPI,upi-apps,2025,Apr,,,,en
10330,58,ESAF Small Finance Bank Apps,0.44,52.11,-,-,-,-,-,-,0.44,52.11,2025-07-07T11:25:47.061Z,2025-07-07T11:25:47.061Z,,,,UPI,upi-apps,2025,Apr,,,,en
10331,59,Tata Neu #,0.39,118.54,-,-,-,-,-,-,0.39,118.54,2025-07-07T11:25:47.061Z,2025-07-07T11:25:47.061Z,,,,UPI,upi-apps,2025,Apr,,,,en
10332,60,Salary Se #,0.37,17.58,-,-,-,-,-,-,0.37,17.58,2025-07-07T11:25:47.061Z,2025-07-07T11:25:47.061Z,,,,UPI,upi-apps,2025,Apr,,,,en
10333,61,Bank of India Apps,0.3,90.46,-,-,-,-,-,-,0.3,90.46,2025-07-07T11:25:47.061Z,2025-07-07T11:25:47.061Z,,,,UPI,upi-apps,2025,Apr,,,,en
10334,62,Indian Overseas Bank Apps,0.27,63.56,-,-,-,-,-,-,0.27,63.56,2025-07-07T11:25:47.061Z,2025-07-07T11:25:47.061Z,,,,UPI,upi-apps,2025,Apr,,,,en
10335,63,Karnataka Bank Apps,0.24,58.02,-,-,-,-,-,-,0.24,58.02,2025-07-07T11:25:47.061Z,2025-07-07T11:25:47.061Z,,,,UPI,upi-apps,2025,Apr,,,,en
10345,64,Money View #,0.23,25.72,-,-,-,-,-,-,0.23,25.72,2025-07-07T11:25:47.061Z,2025-07-07T11:25:47.061Z,,,,UPI,upi-apps,2025,Apr,,,,en
10337,65,Kredit.Pe #,0.22,28.84,-,-,-,-,-,-,0.22,28.84,2025-07-07T11:25:47.061Z,2025-07-07T11:25:47.061Z,,,,UPI,upi-apps,2025,Apr,,,,en
10338,66,Spice Money,0.17,12.63,-,-,-,-,-,-,0.17,12.63,2025-07-07T11:25:47.061Z,2025-07-07T11:25:47.061Z,,,,UPI,upi-apps,2025,Apr,,,,en
10339,67,Dhani,0.16,7.15,-,-,-,-,-,-,0.16,7.15,2025-07-07T11:25:47.061Z,2025-07-07T11:25:47.061Z,,,,UPI,upi-apps,2025,Apr,,,,en
10340,68,Rapipay,0.15,16.93,-,-,-,-,-,-,0.15,16.93,2025-07-07T11:25:47.061Z,2025-07-07T11:25:47.061Z,,,,UPI,upi-apps,2025,Apr,,,,en
10341,69,IDBI Bank Apps,0.13,47.44,-,-,-,-,-,-,0.13,47.44,2025-07-07T11:25:47.061Z,2025-07-07T11:25:47.061Z,,,,UPI,upi-apps,2025,Apr,,,,en
10342,70,Niyo Global #,0.11,58.73,-,-,-,-,-,-,0.11,58.73,2025-07-07T11:25:47.061Z,2025-07-07T11:25:47.061Z,,,,UPI,upi-apps,2025,Apr,,,,en
10343,71,Ultracash #,0.1,8.26,-,-,-,-,-,-,0.1,8.26,2025-07-07T11:25:47.061Z,2025-07-07T11:25:47.061Z,,,,UPI,upi-apps,2025,Apr,,,,en
10344,72,Karur Vysya Bank Apps,0.09,33.47,-,-,-,-,-,-,0.09,33.47,2025-07-07T11:25:47.061Z,2025-07-07T11:25:47.061Z,,,,UPI,upi-apps,2025,Apr,,,,en
10354,73,True Balance,0.09,3.02,-,-,-,-,-,-,0.09,3.02,2025-07-07T11:25:47.061Z,2025-07-07T11:25:47.061Z,,,,UPI,upi-apps,2025,Apr,,,,en
10346,74,Tamilnad Mercantile Bank Apps,0.09,31.21,-,-,-,-,-,-,0.09,31.21,2025-07-07T11:25:47.061Z,2025-07-07T11:25:47.061Z,,,,UPI,upi-apps,2025,Apr,,,,en
10347,75,City Union Bank Apps,0.08,29.3,-,-,-,-,-,-,0.08,29.3,2025-07-07T11:25:47.061Z,2025-07-07T11:25:47.061Z,,,,UPI,upi-apps,2025,Apr,,,,en
10348,76,Genwise #,0.07,27.48,-,-,-,-,-,-,0.07,27.48,2025-07-07T11:25:47.061Z,2025-07-07T11:25:47.061Z,,,,UPI,upi-apps,2025,Apr,,,,en
10349,77,NSDL Payments Bank Apps,0.06,6.78,-,-,-,-,-,-,0.06,6.78,2025-07-07T11:25:47.061Z,2025-07-07T11:25:47.061Z,,,,UPI,upi-apps,2025,Apr,,,,en
10350,78,Freo #,0.04,2.6,-,-,-,-,-,-,0.04,2.6,2025-07-07T11:25:47.061Z,2025-07-07T11:25:47.061Z,,,,UPI,upi-apps,2025,Apr,,,,en
10351,79,Obopay,0.04,4.79,-,-,-,-,-,-,0.04,4.79,2025-07-07T11:25:47.061Z,2025-07-07T11:25:47.061Z,,,,UPI,upi-apps,2025,Apr,,,,en
10352,80,Unity Small Finance Bank Apps,0.03,6.73,-,-,-,-,-,-,0.03,6.73,2025-07-07T11:25:47.061Z,2025-07-07T11:25:47.061Z,,,,UPI,upi-apps,2025,Apr,,,,en
10353,81,Punjab Sind Bank Apps,0.03,9.5,-,-,-,-,-,-,0.03,9.5,2025-07-07T11:25:47.061Z,2025-07-07T11:25:47.061Z,,,,UPI,upi-apps,2025,Apr,,,,en
10357,82,Cheq,0.02,1.72,-,-,-,-,-,-,0.02,1.72,2025-07-07T11:25:47.061Z,2025-07-07T11:25:47.061Z,,,,UPI,upi-apps,2025,Apr,,,,en
10355,83,Bank of Maharashtra Apps,0.02,6.66,-,-,-,-,-,-,0.02,6.66,2025-07-07T11:25:47.061Z,2025-07-07T11:25:47.061Z,,,,UPI,upi-apps,2025,Apr,,,,en
10356,84,Others,1.75,210.85,-,-,0.13,6.06,-,-,1.88,216.91,2025-07-07T11:25:47.061Z,2025-07-07T11:25:47.061Z,,,,UPI,upi-apps,2025,Apr,,,,en
10360,1,PhonePe,8682.08,1256541.09,-,-,-,-,-,-,8682.08,1256541.09,2025-07-07T11:29:01.357Z,2025-07-07T11:29:01.357Z,,,,UPI,upi-apps,2025,May,,,,en
10358,2,Google Pay #,6740.42,884735.12,-,-,-,-,-,-,6740.42,884735.12,2025-07-07T11:29:01.357Z,2025-07-07T11:29:01.357Z,,,,UPI,upi-apps,2025,May,,,,en
10362,3,Paytm,1277.56,138068.97,-,-,-,-,-,-,1277.56,138068.97,2025-07-07T11:29:01.357Z,2025-07-07T11:29:01.357Z,,,,UPI,upi-apps,2025,May,,,,en
10359,4,Navi #,386.21,21350.35,-,-,-,-,-,-,386.21,21350.35,2025-07-07T11:29:01.357Z,2025-07-07T11:29:01.357Z,,,,UPI,upi-apps,2025,May,,,,en
10361,5,super.money #,203.42,7054.28,-,-,-,-,-,-,203.42,7054.28,2025-07-07T11:29:01.357Z,2025-07-07T11:29:01.357Z,,,,UPI,upi-apps,2025,May,,,,en
10363,6,Cred #,141.95,55242.72,-,-,-,-,-,-,141.95,55242.72,2025-07-07T11:29:01.357Z,2025-07-07T11:29:01.357Z,,,,UPI,upi-apps,2025,May,,,,en
10364,7,Axis Bank Apps,23.1,5427.15,96.92,4253.72,0.01,2.95,-,-,120.03,9683.82,2025-07-07T11:29:01.357Z,2025-07-07T11:29:01.357Z,,,,UPI,upi-apps,2025,May,,,,en
10365,8,FamApp by Trio,110.38,1415.4,-,-,-,-,-,-,110.38,1415.4,2025-07-07T11:29:01.357Z,2025-07-07T11:29:01.357Z,,,,UPI,upi-apps,2025,May,,,,en
10366,9,Amazon Pay #,98.68,10343.44,-,-,-,-,-,-,98.68,10343.44,2025-07-07T11:29:01.357Z,2025-07-07T11:29:01.357Z,,,,UPI,upi-apps,2025,May,,,,en
10367,10,Whatsapp #,70.19,5280.89,-,-,-,-,-,-,70.19,5280.89,2025-07-07T11:29:01.357Z,2025-07-07T11:29:01.357Z,,,,UPI,upi-apps,2025,May,,,,en
10368,11,BHIM,64.6,11243.73,-,-,-,-,-,-,64.6,11243.73,2025-07-07T11:29:01.357Z,2025-12-23T06:55:00.374Z,,,1.0,UPI,upi-apps,2025,May,,,,en
10369,12,HDFC Bank Apps,48.1,14798.07,15.08,7.04,0.01,1.49,-,-,63.19,14806.6,2025-07-07T11:29:01.357Z,2025-07-07T11:29:01.357Z,,,,UPI,upi-apps,2025,May,,,,en
10370,13,Kotak Mahindra Bank Apps,59.74,7862.6,-,-,-,-,-,-,59.74,7862.6,2025-07-07T11:29:01.357Z,2025-07-07T11:29:01.357Z,,,,UPI,upi-apps,2025,May,,,,en
10379,14,ICICI Bank Apps,57.17,14783.71,0.01,13.9,2.29,1891.92,-,-,59.47,16689.54,2025-07-07T11:29:01.357Z,2025-07-07T11:29:01.357Z,,,,UPI,upi-apps,2025,May,,,,en
10371,15,Yes Bank Apps,53.19,9496.55,0.01,0.02,0.33,22.4,-,-,53.52,9518.96,2025-07-07T11:29:01.357Z,2025-07-07T11:29:01.357Z,,,,UPI,upi-apps,2025,May,,,,en
10372,16,Mobikwik #,33.92,4674.33,-,-,-,-,-,-,33.92,4674.33,2025-07-07T11:29:01.357Z,2025-07-07T11:29:01.357Z,,,,UPI,upi-apps,2025,May,,,,en
10373,17,Airtel Payments Bank Apps,20.14,1447.34,-,0.01,-,-,-,-,20.14,1447.35,2025-07-07T11:29:01.357Z,2025-07-07T11:29:01.357Z,,,,UPI,upi-apps,2025,May,,,,en
10374,18,Slice Small Finance Bank Apps,19.85,2330.2,-,-,-,0.02,-,-,19.85,2330.22,2025-07-07T11:29:01.357Z,2025-07-07T11:29:01.357Z,,,,UPI,upi-apps,2025,May,,,,en
10375,19,India Post Payments Bank Apps,16.51,1834.83,-,-,-,-,-,-,16.51,1834.83,2025-07-07T11:29:01.357Z,2025-07-07T11:29:01.357Z,,,,UPI,upi-apps,2025,May,,,,en
10376,20,IDFC Bank Apps,16.19,2493.14,-,0.02,0.02,0.12,-,-,16.21,2493.29,2025-07-07T11:29:01.357Z,2025-07-07T11:29:01.357Z,,,,UPI,upi-apps,2025,May,,,,en
10377,21,POP UPI,13.59,500.88,-,-,-,-,-,-,13.59,500.88,2025-07-07T11:29:01.357Z,2026-02-26T10:10:45.724Z,,,1.0,UPI,upi-apps,2025,May,,,,en
10378,22,State Bank of India Apps,13.48,3700.3,-,-,-,-,-,-,13.48,3700.3,2025-07-07T11:29:01.357Z,2025-07-07T11:29:01.357Z,,,,UPI,upi-apps,2025,May,,,,en
10380,23,RBL Bank Apps,13.17,1744.69,-,0.13,0.1,17.6,-,-,13.27,1762.42,2025-07-07T11:29:01.357Z,2025-07-07T11:29:01.357Z,,,,UPI,upi-apps,2025,May,,,,en
10381,24,Groww #,12.14,8443.05,-,-,-,-,-,-,12.14,8443.05,2025-07-07T11:29:01.357Z,2025-07-07T11:29:01.357Z,,,,UPI,upi-apps,2025,May,,,,en
10382,25,Bajaj Finserv,10.67,2219.95,-,-,-,-,-,-,10.67,2219.95,2025-07-07T11:29:01.357Z,2025-07-07T11:29:01.357Z,,,,UPI,upi-apps,2025,May,,,,en
10383,26,Samsung Pay,9.14,656.92,-,-,-,-,-,-,9.14,656.92,2025-07-07T11:29:01.357Z,2025-07-07T11:29:01.357Z,,,,UPI,upi-apps,2025,May,,,,en
10384,27,Jupiter Money,6.4,950.85,-,-,-,-,-,-,6.4,950.85,2025-07-07T11:29:01.357Z,2025-07-07T11:29:01.357Z,,,,UPI,upi-apps,2025,May,,,,en
10385,28,Federal Bank Apps,5.09,982.11,-,-,-,-,-,-,5.09,982.11,2025-07-07T11:29:01.357Z,2025-07-07T11:29:01.357Z,,,,UPI,upi-apps,2025,May,,,,en
10386,29,Jio Payments Bank Apps,4.7,341.19,-,-,-,-,-,-,4.7,341.19,2025-07-07T11:29:01.357Z,2025-07-07T11:29:01.357Z,,,,UPI,upi-apps,2025,May,,,,en
10387,30,Deutsche Bank Apps,4.02,723.74,-,-,-,0.14,-,-,4.02,723.88,2025-07-07T11:29:01.357Z,2025-07-07T11:29:01.357Z,,,,UPI,upi-apps,2025,May,,,,en
10395,31,Timepay #,3.9,50.01,-,-,-,-,-,-,3.9,50.01,2025-07-07T11:29:01.357Z,2025-07-07T11:29:01.357Z,,,,UPI,upi-apps,2025,May,,,,en
10388,32,Canara Bank Apps,3.85,992.9,-,-,-,-,-,-,3.85,992.9,2025-07-07T11:29:01.357Z,2025-07-07T11:29:01.357Z,,,,UPI,upi-apps,2025,May,,,,en
10389,33,Punjab National Bank Apps,3.6,953.88,-,-,-,-,-,-,3.6,953.88,2025-07-07T11:29:01.357Z,2025-07-07T11:29:01.357Z,,,,UPI,upi-apps,2025,May,,,,en
10390,34,Kiwi #,3.58,428.68,-,-,-,-,-,-,3.58,428.68,2025-07-07T11:29:01.357Z,2025-07-07T11:29:01.357Z,,,,UPI,upi-apps,2025,May,,,,en
10391,35,Flipkart UPI #,3.23,187.83,-,-,-,-,-,-,3.23,187.83,2025-07-07T11:29:01.357Z,2025-07-07T11:29:01.357Z,,,,UPI,upi-apps,2025,May,,,,en
10392,36,Standard Chartered Bank Apps,2.75,172.79,-,-,0.27,7.77,-,-,3.02,180.55,2025-07-07T11:29:01.357Z,2025-07-07T11:29:01.357Z,,,,UPI,upi-apps,2025,May,,,,en
10393,37,Fi Money #,2.99,407.88,-,-,-,-,-,-,2.99,407.88,2025-07-07T11:29:01.357Z,2025-07-07T11:29:01.357Z,,,,UPI,upi-apps,2025,May,,,,en
10394,38,Shri Ram One #,2.58,165.88,-,-,-,-,-,-,2.58,165.88,2025-07-07T11:29:01.357Z,2025-07-07T11:29:01.357Z,,,,UPI,upi-apps,2025,May,,,,en
10403,39,Jammu and Kashmir Bank Apps,2.36,308.47,-,-,-,-,-,-,2.36,308.47,2025-07-07T11:29:01.357Z,2025-07-07T11:29:01.357Z,,,,UPI,upi-apps,2025,May,,,,en
10396,40,IndusInd Bank Apps,1.99,258.89,-,-,-,-,-,-,1.99,258.89,2025-07-07T11:29:01.357Z,2025-07-07T11:29:01.357Z,,,,UPI,upi-apps,2025,May,,,,en
10397,41,Bank of Baroda Apps,1.8,528.32,-,-,-,-,-,-,1.8,528.32,2025-07-07T11:29:01.357Z,2025-07-07T11:29:01.357Z,,,,UPI,upi-apps,2025,May,,,,en
10398,42,Omni Card #,1.63,92.27,-,-,-,-,-,-,1.63,92.27,2025-07-07T11:29:01.357Z,2025-07-07T11:29:01.357Z,,,,UPI,upi-apps,2025,May,,,,en
10399,43,Central Bank of India Apps,1.56,268.09,-,-,-,-,-,-,1.56,268.09,2025-07-07T11:29:01.357Z,2025-07-07T11:29:01.357Z,,,,UPI,upi-apps,2025,May,,,,en
10400,44,Ind Money #,1.3,560.96,-,-,-,-,-,-,1.3,560.96,2025-07-07T11:29:01.357Z,2025-07-07T11:29:01.357Z,,,,UPI,upi-apps,2025,May,,,,en
10401,45,Suryoday Bank Apps,1.24,214.28,-,-,0.01,4.18,-,-,1.25,218.46,2025-07-07T11:29:01.357Z,2025-07-07T11:29:01.357Z,,,,UPI,upi-apps,2025,May,,,,en
10402,46,DBS Digibank Apps,1.04,224.55,-,-,0.02,2.1,-,-,1.06,226.65,2025-07-07T11:29:01.357Z,2025-07-07T11:29:01.357Z,,,,UPI,upi-apps,2025,May,,,,en
10412,47,HSBC Bank Apps,1.01,123.87,0.01,0.27,-,0.22,-,-,1.03,124.36,2025-07-07T11:29:01.357Z,2025-07-07T11:29:01.357Z,,,,UPI,upi-apps,2025,May,,,,en
10404,48,Digikhata,0.87,282.69,-,-,-,-,-,-,0.87,282.69,2025-07-07T11:29:01.357Z,2025-07-07T11:29:01.357Z,,,,UPI,upi-apps,2025,May,,,,en
10405,49,Indian Bank Apps,0.8,202.18,-,-,-,-,-,-,0.8,202.18,2025-07-07T11:29:01.357Z,2025-07-07T11:29:01.357Z,,,,UPI,upi-apps,2025,May,,,,en
10406,50,One Card #,0.8,954.81,-,-,-,-,-,-,0.8,954.81,2025-07-07T11:29:01.357Z,2025-07-07T11:29:01.357Z,,,,UPI,upi-apps,2025,May,,,,en
10407,51,Bharat Pe #,0.74,58.21,-,-,-,-,-,-,0.74,58.21,2025-07-07T11:29:01.357Z,2025-07-07T11:29:01.357Z,,,,UPI,upi-apps,2025,May,,,,en
10408,52,Union Bank Apps,0.73,241.85,-,-,-,-,-,-,0.73,241.85,2025-07-07T11:29:01.357Z,2025-07-07T11:29:01.357Z,,,,UPI,upi-apps,2025,May,,,,en
10409,53,South Indian Bank Apps,0.71,211.09,-,-,-,-,-,-,0.71,211.09,2025-07-07T11:29:01.357Z,2025-07-07T11:29:01.357Z,,,,UPI,upi-apps,2025,May,,,,en
10410,54,AU Small Finance Bank Apps,0.6,184.67,-,-,-,-,-,-,0.6,184.67,2025-07-07T11:29:01.357Z,2025-07-07T11:29:01.357Z,,,,UPI,upi-apps,2025,May,,,,en
10411,55,ESAF Small Finance Bank Apps,0.57,63.39,-,-,-,-,-,-,0.57,63.39,2025-07-07T11:29:01.357Z,2025-07-07T11:29:01.357Z,,,,UPI,upi-apps,2025,May,,,,en
10421,56,Fino Payments Bank Apps,0.54,56.9,-,-,-,-,-,-,0.54,56.9,2025-07-07T11:29:01.357Z,2025-07-07T11:29:01.357Z,,,,UPI,upi-apps,2025,May,,,,en
10413,57,Aditya Birla Capital Digital #,0.49,26.92,-,-,-,-,-,-,0.49,26.92,2025-07-07T11:29:01.357Z,2025-07-07T11:29:01.357Z,,,,UPI,upi-apps,2025,May,,,,en
10414,58,UCO Bank Apps,0.48,122.06,-,-,-,-,-,-,0.48,122.06,2025-07-07T11:29:01.357Z,2025-07-07T11:29:01.357Z,,,,UPI,upi-apps,2025,May,,,,en
10415,59,Tata Neu #,0.45,132.55,-,-,-,-,-,-,0.45,132.55,2025-07-07T11:29:01.357Z,2025-07-07T11:29:01.357Z,,,,UPI,upi-apps,2025,May,,,,en
10416,60,Salary Se #,0.43,20.47,-,-,-,-,-,-,0.43,20.47,2025-07-07T11:29:01.357Z,2025-07-07T11:29:01.357Z,,,,UPI,upi-apps,2025,May,,,,en
10417,61,Money View #,0.32,31.91,-,-,-,-,-,-,0.32,31.91,2025-07-07T11:29:01.357Z,2025-07-07T11:29:01.357Z,,,,UPI,upi-apps,2025,May,,,,en
10418,62,Kredit Pe #,0.32,35.29,-,-,-,-,-,-,0.32,35.29,2025-07-07T11:29:01.357Z,2025-07-07T11:29:01.357Z,,,,UPI,upi-apps,2025,May,,,,en
10419,63,Bank of India Apps,0.3,91.04,-,-,-,-,-,-,0.3,91.04,2025-07-07T11:29:01.357Z,2025-07-07T11:29:01.357Z,,,,UPI,upi-apps,2025,May,,,,en
10420,64,Indian Overseas Bank Apps,0.27,64.81,-,-,-,-,-,-,0.27,64.81,2025-07-07T11:29:01.357Z,2025-07-07T11:29:01.357Z,,,,UPI,upi-apps,2025,May,,,,en
10430,65,Karnataka Bank Apps,0.25,59.72,-,-,-,-,-,-,0.25,59.72,2025-07-07T11:29:01.357Z,2025-07-07T11:29:01.357Z,,,,UPI,upi-apps,2025,May,,,,en
10422,66,Spice Money,0.2,14.26,-,-,-,-,-,-,0.2,14.26,2025-07-07T11:29:01.357Z,2025-07-07T11:29:01.357Z,,,,UPI,upi-apps,2025,May,,,,en
10423,67,Dhani,0.17,8.63,-,-,-,-,-,-,0.17,8.63,2025-07-07T11:29:01.357Z,2025-07-07T11:29:01.357Z,,,,UPI,upi-apps,2025,May,,,,en
10424,68,NSDL Payments Bank Apps,0.16,16.23,-,-,-,0.02,-,-,0.17,16.25,2025-07-07T11:29:01.357Z,2025-07-07T11:29:01.357Z,,,,UPI,upi-apps,2025,May,,,,en
10425,69,Rapipay,0.17,19.16,-,-,-,-,-,-,0.17,19.16,2025-07-07T11:29:01.357Z,2025-07-07T11:29:01.357Z,,,,UPI,upi-apps,2025,May,,,,en
10426,70,IDBI Bank Apps,0.13,49.81,-,-,-,-,-,-,0.13,49.81,2025-07-07T11:29:01.357Z,2025-07-07T11:29:01.357Z,,,,UPI,upi-apps,2025,May,,,,en
10427,71,Ultracash #,0.1,7.77,-,-,-,-,-,-,0.1,7.77,2025-07-07T11:29:01.357Z,2025-07-07T11:29:01.357Z,,,,UPI,upi-apps,2025,May,,,,en
10428,72,True Balance,0.1,3.01,-,-,-,-,-,-,0.1,3.01,2025-07-07T11:29:01.357Z,2025-07-07T11:29:01.357Z,,,,UPI,upi-apps,2025,May,,,,en
10429,73,Karur Vysya Bank Apps,0.1,35.02,-,-,-,-,-,-,0.1,35.02,2025-07-07T11:29:01.357Z,2025-07-07T11:29:01.357Z,,,,UPI,upi-apps,2025,May,,,,en
10439,74,Tamilnad Mercantile Bank Apps,0.09,32.95,-,-,-,-,-,-,0.09,32.95,2025-07-07T11:29:01.357Z,2025-07-07T11:29:01.357Z,,,,UPI,upi-apps,2025,May,,,,en
10431,75,Niyo Global #,0.07,25.75,-,-,-,-,-,-,0.07,25.75,2025-07-07T11:29:01.357Z,2025-07-07T11:29:01.357Z,,,,UPI,upi-apps,2025,May,,,,en
10432,76,City Union Bank Apps,0.07,29.97,-,-,-,-,-,-,0.07,29.97,2025-07-07T11:29:01.357Z,2025-07-07T11:29:01.357Z,,,,UPI,upi-apps,2025,May,,,,en
10433,77,Obopay,0.06,8.77,-,-,-,-,-,-,0.06,8.77,2025-07-07T11:29:01.357Z,2025-07-07T11:29:01.357Z,,,,UPI,upi-apps,2025,May,,,,en
10434,78,Unity Small Finance Bank Apps,0.06,12.79,-,-,-,-,-,-,0.06,12.79,2025-07-07T11:29:01.357Z,2025-07-07T11:29:01.357Z,,,,UPI,upi-apps,2025,May,,,,en
10435,79,Freo #,0.04,2.27,-,-,-,-,-,-,0.04,2.27,2025-07-07T11:29:01.357Z,2025-07-07T11:29:01.357Z,,,,UPI,upi-apps,2025,May,,,,en
10436,80,Payworld,0.03,2.21,-,-,-,-,-,-,0.03,2.21,2025-07-07T11:29:01.357Z,2025-07-07T11:29:01.357Z,,,,UPI,upi-apps,2025,May,,,,en
10437,81,Punjab Sind Bank Apps,0.02,8.87,-,-,-,-,-,-,0.02,8.87,2025-07-07T11:29:01.357Z,2025-07-07T11:29:01.357Z,,,,UPI,upi-apps,2025,May,,,,en
10438,82,Bank of Maharashtra Apps,0.02,7.44,-,-,-,-,-,-,0.02,7.44,2025-07-07T11:29:01.357Z,2025-07-07T11:29:01.357Z,,,,UPI,upi-apps,2025,May,,,,en
10440,83,Others,1.76,235.74,-,-,0.12,5.04,-,-,1.87,240.77,2025-07-07T11:29:01.357Z,2025-07-07T11:29:01.357Z,,,,UPI,upi-apps,2025,May,,,,en
10444,1,PhonePe,8547.04,"11,98,690.03",-,-,-,-,-,,8547.04,"11,98,690.03",2025-08-12T04:18:52.149Z,2025-08-12T04:18:52.149Z,,,,UPI,upi-apps,2025,Jun,,,,en
10441,2,Google Pay #,6540.92,"8,40,931.06",-,-,-,-,-,-,6540.92,"8,40,931.06",2025-08-12T04:18:52.149Z,2025-08-12T04:18:52.149Z,,,,UPI,upi-apps,2025,Jun,,,,en
10447,3,Paytm,1269.16,"1,34,171.16",-,-,-,-,-,-,1269.16,"1,34,171.16",2025-08-12T04:18:52.149Z,2025-08-12T04:18:52.149Z,,,,UPI,upi-apps,2025,Jun,,,,en
10442,4,Navi #,406.01,21814.51,-,-,-,-,-,-,406.01,21814.51,2025-08-12T04:18:52.149Z,2025-08-12T04:18:52.149Z,,,,UPI,upi-apps,2025,Jun,,,,en
10446,5,super.money #,218.96,7716.48,-,-,-,-,-,-,218.96,7716.48,2025-08-12T04:18:52.149Z,2025-08-12T04:18:52.149Z,,,,UPI,upi-apps,2025,Jun,,,,en
10443,6,Cred #,138.32,51384.11,-,-,-,-,-,-,138.32,51384.11,2025-08-12T04:18:52.149Z,2025-08-12T04:18:52.149Z,,,,UPI,upi-apps,2025,Jun,,,,en
10445,7,Axis Bank Apps,24.05,5230.63,102.21,4155.09,0.01,2.78,-,-,126.27,9388.51,2025-08-12T04:18:52.149Z,2025-08-12T04:18:52.149Z,,,,UPI,upi-apps,2025,Jun,,,,en
10448,8,FamApp by Trio #,112.75,1439.64,-,-,-,-,-,-,112.75,1439.64,2025-08-12T04:18:52.149Z,2025-08-12T04:18:52.149Z,,,,UPI,upi-apps,2025,Jun,,,,en
10449,9,Amazon Pay #,93.25,9942.48,-,-,-,-,-,-,93.25,9942.48,2025-08-12T04:18:52.149Z,2025-08-12T04:18:52.149Z,,,,UPI,upi-apps,2025,Jun,,,,en
10450,10,BHIM,73.07,11725.85,-,-,-,-,-,-,73.07,11725.85,2025-08-12T04:18:52.149Z,2025-12-23T06:53:11.536Z,,,1.0,UPI,upi-apps,2025,Jun,,,,en
10451,11,Whatsapp #,67.48,4989.34,-,-,-,-,-,-,67.48,4989.34,2025-08-12T04:18:52.149Z,2025-08-12T04:18:52.149Z,,,,UPI,upi-apps,2025,Jun,,,,en
10452,12,HDFC Bank Apps,48.4,14287.88,19.05,8.75,0.01,1.18,-,-,67.46,14297.8,2025-08-12T04:18:52.149Z,2025-08-12T04:18:52.149Z,,,,UPI,upi-apps,2025,Jun,,,,en
10453,13,ICICI Bank Apps,59.57,14148.92,0.01,13.81,2.24,1821.19,-,-,61.82,15983.92,2025-08-12T04:18:52.149Z,2025-08-12T04:18:52.149Z,,,,UPI,upi-apps,2025,Jun,,,,en
10454,14,Kotak Mahindra Bank Apps,60.36,7735.27,-,-,-,-,-,-,60.36,7735.27,2025-08-12T04:18:52.149Z,2025-08-12T04:18:52.149Z,,,,UPI,upi-apps,2025,Jun,,,,en
10455,15,Yes Bank Apps,52.2,8898.96,0.01,0.05,0.34,18.31,-,-,52.55,8917.32,2025-08-12T04:18:52.149Z,2025-08-12T04:18:52.149Z,,,,UPI,upi-apps,2025,Jun,,,,en
10456,16,Mobikwik #,34.43,4600.71,-,-,-,-,-,-,34.43,4600.71,2025-08-12T04:18:52.149Z,2025-08-12T04:18:52.149Z,,,,UPI,upi-apps,2025,Jun,,,,en
10457,17,POP UPI,32.33,834.39,-,-,-,-,-,-,32.33,834.39,2025-08-12T04:18:52.149Z,2026-02-26T09:56:15.758Z,,,1.0,UPI,upi-apps,2025,Jun,,,,en
10458,18,Airtel Payments Bank Apps,19.74,1368.19,-,0.01,-,-,-,-,19.74,1368.2,2025-08-12T04:18:52.149Z,2025-08-12T04:18:52.149Z,,,,UPI,upi-apps,2025,Jun,,,,en
10459,19,Slice Small Finance Bank Apps,17.76,2317.46,-,-,-,-,-,-,17.76,2317.46,2025-08-12T04:18:52.149Z,2025-08-12T04:18:52.149Z,,,,UPI,upi-apps,2025,Jun,,,,en
10460,20,IDFC Bank Apps,17.42,2481.19,-,0.03,0.02,0.1,-,-,17.44,2481.31,2025-08-12T04:18:52.149Z,2025-08-12T04:18:52.149Z,,,,UPI,upi-apps,2025,Jun,,,,en
10461,21,India Post Payments Bank Apps,16.65,1730.46,-,-,-,-,-,-,16.65,1730.46,2025-08-12T04:18:52.149Z,2025-08-12T04:18:52.149Z,,,,UPI,upi-apps,2025,Jun,,,,en
10462,22,State Bank of India Apps,13.35,3591.53,-,-,-,-,-,-,13.35,3591.53,2025-08-12T04:18:52.149Z,2025-08-12T04:18:52.149Z,,,,UPI,upi-apps,2025,Jun,,,,en
10463,23,Groww #,12.46,8801.55,-,-,-,-,-,-,12.46,8801.55,2025-08-12T04:18:52.149Z,2025-08-12T04:18:52.149Z,,,,UPI,upi-apps,2025,Jun,,,,en
10464,24,Bajaj Finserv,11.4,2351.65,-,-,-,-,-,-,11.4,2351.65,2025-08-12T04:18:52.149Z,2025-08-12T04:18:52.149Z,,,,UPI,upi-apps,2025,Jun,,,,en
10465,25,RBL Bank Apps,10.57,1560.21,-,0.1,0.12,27.35,-,-,10.7,1587.67,2025-08-12T04:18:52.149Z,2025-08-12T04:18:52.149Z,,,,UPI,upi-apps,2025,Jun,,,,en
10466,26,Samsung Pay #,8.81,624.29,-,-,-,-,-,-,8.81,624.29,2025-08-12T04:18:52.149Z,2025-08-12T04:18:52.149Z,,,,UPI,upi-apps,2025,Jun,,,,en
10467,27,Jupiter Money #,5.99,905.62,-,-,-,-,-,-,5.99,905.62,2025-08-12T04:18:52.149Z,2025-08-12T04:18:52.149Z,,,,UPI,upi-apps,2025,Jun,,,,en
10468,28,Federal Bank Apps,5.22,1006.22,-,-,-,-,-,-,5.22,1006.22,2025-08-12T04:18:52.149Z,2025-08-12T04:18:52.149Z,,,,UPI,upi-apps,2025,Jun,,,,en
10469,29,Jio Payments Bank Apps,4.26,308.69,-,-,-,-,-,-,4.26,308.69,2025-08-12T04:18:52.149Z,2025-08-12T04:18:52.149Z,,,,UPI,upi-apps,2025,Jun,,,,en
10477,30,Deutsche Bank Apps,4.02,723.81,-,-,-,0.14,-,-,4.02,723.95,2025-08-12T04:18:52.149Z,2025-08-12T04:18:52.149Z,,,,UPI,upi-apps,2025,Jun,,,,en
10470,31,Timepay #,3.96,50.49,-,-,-,-,-,-,3.96,50.49,2025-08-12T04:18:52.149Z,2025-08-12T04:18:52.149Z,,,,UPI,upi-apps,2025,Jun,,,,en
10471,32,Canara Bank Apps,3.49,911.93,-,-,-,-,-,-,3.49,911.93,2025-08-12T04:18:52.149Z,2025-08-12T04:18:52.149Z,,,,UPI,upi-apps,2025,Jun,,,,en
10472,33,Punjab National Bank Apps,3.46,917.08,-,-,-,-,-,-,3.46,917.08,2025-08-12T04:18:52.149Z,2025-08-12T04:18:52.149Z,,,,UPI,upi-apps,2025,Jun,,,,en
10473,34,Kiwi #,3.43,385.72,-,-,-,-,-,-,3.43,385.72,2025-08-12T04:18:52.150Z,2025-08-12T04:18:52.150Z,,,,UPI,upi-apps,2025,Jun,,,,en
10474,35,Fi Money #,2.75,375.21,-,-,-,-,-,-,2.75,375.21,2025-08-12T04:18:52.150Z,2025-08-12T04:18:52.150Z,,,,UPI,upi-apps,2025,Jun,,,,en
10475,36,Flipkart UPI #,2.52,144.64,-,-,-,-,-,-,2.52,144.64,2025-08-12T04:18:52.150Z,2025-08-12T04:18:52.150Z,,,,UPI,upi-apps,2025,Jun,,,,en
10476,37,Jammu and Kashmir Bank Apps,2.41,316.86,-,-,-,-,-,-,2.41,316.86,2025-08-12T04:18:52.150Z,2025-08-12T04:18:52.150Z,,,,UPI,upi-apps,2025,Jun,,,,en
10485,38,Shri Ram One #,2.16,144.64,-,-,-,-,-,-,2.16,144.64,2025-08-12T04:18:52.150Z,2025-08-12T04:18:52.150Z,,,,UPI,upi-apps,2025,Jun,,,,en
10478,39,Bank of Baroda Apps,1.77,497.24,-,-,-,-,-,-,1.77,497.24,2025-08-12T04:18:52.150Z,2025-08-12T04:18:52.150Z,,,,UPI,upi-apps,2025,Jun,,,,en
10479,40,Standard Chartered Bank Apps,1.54,158.54,-,-,0.2,6.54,-,-,1.74,165.08,2025-08-12T04:18:52.150Z,2025-08-12T04:18:52.150Z,,,,UPI,upi-apps,2025,Jun,,,,en
10480,41,Omni Card,1.62,93.83,-,-,-,-,-,-,1.62,93.83,2025-08-12T04:18:52.150Z,2025-08-12T04:18:52.150Z,,,,UPI,upi-apps,2025,Jun,,,,en
10481,42,Ind Money #,1.41,558.23,-,-,-,-,-,-,1.41,558.23,2025-08-12T04:18:52.150Z,2025-08-12T04:18:52.150Z,,,,UPI,upi-apps,2025,Jun,,,,en
10482,43,IndusInd Bank Apps,1.31,173.24,-,-,-,-,-,-,1.31,173.24,2025-08-12T04:18:52.150Z,2025-08-12T04:18:52.150Z,,,,UPI,upi-apps,2025,Jun,,,,en
10483,44,NSDL Payments Bank Apps,1.18,47.5,-,-,0.01,0.91,-,-,1.19,48.41,2025-08-12T04:18:52.150Z,2025-08-12T04:18:52.150Z,,,,UPI,upi-apps,2025,Jun,,,,en
10484,45,HSBC Bank Apps,1,121.63,0.01,0.28,-,0.25,-,-,1.02,122.16,2025-08-12T04:18:52.150Z,2025-08-12T04:18:52.150Z,,,,UPI,upi-apps,2025,Jun,,,,en
10493,46,Central Bank of India Apps,0.93,186.91,-,-,-,-,-,-,0.93,186.91,2025-08-12T04:18:52.150Z,2025-08-12T04:18:52.150Z,,,,UPI,upi-apps,2025,Jun,,,,en
10486,47,Suryoday Bank Apps,0.89,118.34,-,-,0.01,3.07,-,-,0.9,121.41,2025-08-12T04:18:52.150Z,2025-08-12T04:18:52.150Z,,,,UPI,upi-apps,2025,Jun,,,,en
10487,48,Digikhata,0.88,287.21,-,-,-,-,-,-,0.88,287.21,2025-08-12T04:18:52.150Z,2025-08-12T04:18:52.150Z,,,,UPI,upi-apps,2025,Jun,,,,en
10488,49,DBS Digibank Apps,0.86,221.17,-,-,0.01,1.8,-,-,0.87,222.97,2025-08-12T04:18:52.150Z,2025-08-12T04:18:52.150Z,,,,UPI,upi-apps,2025,Jun,,,,en
10489,50,Indian Bank Apps,0.87,203.68,-,-,-,-,-,-,0.87,203.68,2025-08-12T04:18:52.150Z,2025-08-12T04:18:52.150Z,,,,UPI,upi-apps,2025,Jun,,,,en
10490,51,Union Bank Apps,0.74,236.2,-,-,-,-,-,-,0.74,236.2,2025-08-12T04:18:52.150Z,2025-08-12T04:18:52.150Z,,,,UPI,upi-apps,2025,Jun,,,,en
10491,52,South Indian Bank Apps,0.73,208.33,-,-,-,-,-,-,0.73,208.33,2025-08-12T04:18:52.150Z,2025-08-12T04:18:52.150Z,,,,UPI,upi-apps,2025,Jun,,,,en
10492,53,One Card #,0.73,834.56,-,-,-,-,-,-,0.73,834.56,2025-08-12T04:18:52.150Z,2025-08-12T04:18:52.150Z,,,,UPI,upi-apps,2025,Jun,,,,en
10502,54,AU Small Finance Bank Apps,0.62,184.72,-,-,-,-,-,-,0.62,184.72,2025-08-12T04:18:52.150Z,2025-08-12T04:18:52.150Z,,,,UPI,upi-apps,2025,Jun,,,,en
10494,55,ESAF Small Finance Bank Apps,0.57,58,-,-,-,-,-,-,0.57,58,2025-08-12T04:18:52.150Z,2025-08-12T04:18:52.150Z,,,,UPI,upi-apps,2025,Jun,,,,en
10495,56,Fino Payments Bank Apps,0.54,53.51,-,-,-,-,-,-,0.54,53.51,2025-08-12T04:18:52.150Z,2025-08-12T04:18:52.150Z,,,,UPI,upi-apps,2025,Jun,,,,en
10496,57,Bharat Pe #,0.54,46.14,-,-,-,-,-,-,0.54,46.14,2025-08-12T04:18:52.150Z,2025-08-12T04:18:52.150Z,,,,UPI,upi-apps,2025,Jun,,,,en
10497,58,UCO Bank Apps,0.51,125.51,-,-,-,-,-,-,0.51,125.51,2025-08-12T04:18:52.150Z,2025-08-12T04:18:52.150Z,,,,UPI,upi-apps,2025,Jun,,,,en
10498,59,Tata Pay #,0.47,134.16,-,-,-,-,-,-,0.47,134.16,2025-08-12T04:18:52.150Z,2025-08-12T04:18:52.150Z,,,,UPI,upi-apps,2025,Jun,,,,en
10499,60,Salary Se #,0.46,21.59,-,-,-,-,-,-,0.46,21.59,2025-08-12T04:18:52.150Z,2025-08-12T04:18:52.150Z,,,,UPI,upi-apps,2025,Jun,,,,en
10500,61,Kredit Pe #,0.43,42,-,-,-,-,-,-,0.43,42,2025-08-12T04:18:52.150Z,2025-08-12T04:18:52.150Z,,,,UPI,upi-apps,2025,Jun,,,,en
10501,62,Aditya Birla Capital Digital #,0.37,42.7,-,-,-,-,-,-,0.37,42.7,2025-08-12T04:18:52.150Z,2025-08-12T04:18:52.150Z,,,,UPI,upi-apps,2025,Jun,,,,en
10511,63,Money View #,0.34,38.22,-,-,-,-,-,-,0.34,38.22,2025-08-12T04:18:52.150Z,2025-08-12T04:18:52.150Z,,,,UPI,upi-apps,2025,Jun,,,,en
10503,64,Indian Overseas Bank Apps,0.28,67.04,-,-,-,-,-,-,0.28,67.04,2025-08-12T04:18:52.150Z,2025-08-12T04:18:52.150Z,,,,UPI,upi-apps,2025,Jun,,,,en
10504,65,Bank of India Apps,0.28,82.52,-,-,-,-,-,-,0.28,82.52,2025-08-12T04:18:52.150Z,2025-08-12T04:18:52.150Z,,,,UPI,upi-apps,2025,Jun,,,,en
10505,66,Karnataka Bank Apps,0.25,57.35,-,-,-,-,-,-,0.25,57.35,2025-08-12T04:18:52.150Z,2025-08-12T04:18:52.150Z,,,,UPI,upi-apps,2025,Jun,,,,en
10506,67,Spice Money,0.2,14.16,-,-,-,-,-,-,0.2,14.16,2025-08-12T04:18:52.150Z,2025-08-12T04:18:52.150Z,,,,UPI,upi-apps,2025,Jun,,,,en
10507,68,Rapipay,0.17,19.48,-,-,-,-,-,-,0.17,19.48,2025-08-12T04:18:52.150Z,2025-08-12T04:18:52.150Z,,,,UPI,upi-apps,2025,Jun,,,,en
10508,69,Dhani,0.17,7.65,-,-,-,-,-,-,0.17,7.65,2025-08-12T04:18:52.150Z,2025-08-12T04:18:52.150Z,,,,UPI,upi-apps,2025,Jun,,,,en
10509,70,IDBI Bank Apps,0.14,49.11,-,-,-,-,-,-,0.14,49.11,2025-08-12T04:18:52.150Z,2025-08-12T04:18:52.150Z,,,,UPI,upi-apps,2025,Jun,,,,en
10510,71,Ultracash #,0.1,7.45,-,-,-,-,-,-,0.1,7.45,2025-08-12T04:18:52.150Z,2025-08-12T04:18:52.150Z,,,,UPI,upi-apps,2025,Jun,,,,en
10520,72,Karur Vysya Bank Apps,0.1,35.57,-,-,-,-,-,-,0.1,35.57,2025-08-12T04:18:52.150Z,2025-08-12T04:18:52.150Z,,,,UPI,upi-apps,2025,Jun,,,,en
10512,73,Tamilnad Mercantile Bank Apps,0.09,32.85,-,-,-,-,-,-,0.09,32.85,2025-08-12T04:18:52.150Z,2025-08-12T04:18:52.150Z,,,,UPI,upi-apps,2025,Jun,,,,en
10513,74,Obopay,0.08,11.38,-,-,-,-,-,-,0.08,11.38,2025-08-12T04:18:52.150Z,2025-08-12T04:18:52.150Z,,,,UPI,upi-apps,2025,Jun,,,,en
10514,75,City Union Bank Apps,0.08,29.99,-,-,-,-,-,-,0.08,29.99,2025-08-12T04:18:52.150Z,2025-08-12T04:18:52.150Z,,,,UPI,upi-apps,2025,Jun,,,,en
10515,76,True Balance,0.07,2.2,-,-,-,-,-,-,0.07,2.2,2025-08-12T04:18:52.150Z,2025-08-12T04:18:52.150Z,,,,UPI,upi-apps,2025,Jun,,,,en
10516,77,Unity Small Finance Bank Apps,0.07,16.01,-,-,-,-,-,-,0.07,16.01,2025-08-12T04:18:52.150Z,2025-08-12T04:18:52.150Z,,,,UPI,upi-apps,2025,Jun,,,,en
10517,78,Niyo Global #,0.06,14.82,-,-,-,-,-,-,0.06,14.82,2025-08-12T04:18:52.150Z,2025-08-12T04:18:52.150Z,,,,UPI,upi-apps,2025,Jun,,,,en
10518,79,Freo #,0.03,2.23,-,-,-,-,-,-,0.03,2.23,2025-08-12T04:18:52.150Z,2025-08-12T04:18:52.150Z,,,,UPI,upi-apps,2025,Jun,,,,en
10519,80,Payworld,0.03,1.96,-,-,-,-,-,-,0.03,1.96,2025-08-12T04:18:52.150Z,2025-08-12T04:18:52.150Z,,,,UPI,upi-apps,2025,Jun,,,,en
10522,81,Bank of Maharashtra Apps,0.02,8.31,-,-,-,-,-,-,0.02,8.31,2025-08-12T04:18:52.150Z,2025-08-12T04:18:52.150Z,,,,UPI,upi-apps,2025,Jun,,,,en
10521,82,Others,1.94,238.55,-,-,0.12,5.06,-,-,2.06,243.61,2025-08-12T04:18:52.150Z,2025-08-12T04:18:52.150Z,,,,UPI,upi-apps,2025,Jun,,,,en
11037,1,PhonePe,8931.24,"12,20,140.68",0,0,0,0,8682.08,1256541.09,8931.24,"12,20,140.68",2025-11-13T14:48:16.114Z,2025-11-13T14:48:16.114Z,,,,UPI,upi-apps,2025,Jul,,,,en
11038,2,Google Pay #,6922.92,"8,91,297.38",0,0,0,0,6740.42,884735.12,6922.92,"8,91,297.38",2025-11-13T14:48:16.114Z,2025-11-13T14:48:16.114Z,,,,UPI,upi-apps,2025,Jul,,,,en
11034,3,Paytm,1366.05,"1,43,650.62",0,0,0,0,1277.56,138068.97,1366.05,"1,43,650.62",2025-11-13T14:48:16.114Z,2025-11-13T14:48:16.114Z,,,,UPI,upi-apps,2025,Jul,,,,en
11040,4,Navi #,444.06,23562.51,0,0,0,0,386.21,21350.35,444.06,23562.51,2025-11-13T14:48:16.114Z,2025-11-13T14:48:16.114Z,,,,UPI,upi-apps,2025,Jul,,,,en
11035,5,super.money #,252.85,9018.71,0,0,0,0,203.42,7054.28,252.85,9018.71,2025-11-13T14:48:16.114Z,2025-11-13T14:48:16.114Z,,,,UPI,upi-apps,2025,Jul,,,,en
11036,6,Cred #,144.38,55259.9,0,0,0,0,141.95,55242.72,144.38,55259.9,2025-11-13T14:48:16.114Z,2025-11-13T14:48:16.114Z,,,,UPI,upi-apps,2025,Jul,,,,en
11039,7,FamApp by Trio #,125,1563.58,0,0,0,0,120.03,9683.82,125,1563.58,2025-11-13T14:48:16.114Z,2025-11-13T14:48:16.114Z,,,,UPI,upi-apps,2025,Jul,,,,en
11041,8,Axis Bank Apps,27.79,5483.32,95.63,4287.26,0.01,2.81,110.38,1415.4,123.44,9773.39,2025-11-13T14:48:16.114Z,2025-11-13T14:48:16.114Z,,,,UPI,upi-apps,2025,Jul,,,,en
11042,9,Amazon Pay #,100.53,10813.98,0,0,0,0,98.68,10343.44,100.53,10813.98,2025-11-13T14:48:16.114Z,2025-11-13T14:48:16.114Z,,,,UPI,upi-apps,2025,Jul,,,,en
11043,10,BHIM,87.13,14522.39,0,0,0,0,70.19,5280.89,87.13,14522.39,2025-11-13T14:48:16.114Z,2025-12-23T06:53:19.261Z,,,1.0,UPI,upi-apps,2025,Jul,,,,en
11044,11,Whatsapp #,74.6,5412.58,0,0,0,0,64.6,11243.73,74.6,5412.58,2025-11-13T14:48:16.114Z,2025-11-13T14:48:16.114Z,,,,UPI,upi-apps,2025,Jul,,,,en
11045,12,ICICI Bank Apps,68.94,15112.05,0.01,14.78,2.37,1975.53,63.19,14806.6,71.33,17102.36,2025-11-13T14:48:16.114Z,2025-11-13T14:48:16.114Z,,,,UPI,upi-apps,2025,Jul,,,,en
11046,13,Kotak Mahindra Bank Apps,66.63,8497.73,0,0,0,0,59.74,7862.6,66.63,8497.73,2025-11-13T14:48:16.114Z,2025-11-13T14:48:16.114Z,,,,UPI,upi-apps,2025,Jul,,,,en
11047,14,HDFC Bank Apps,49.83,15420.1,15.13,9.63,0.01,0.87,59.47,16689.54,64.97,15430.59,2025-11-13T14:48:16.114Z,2025-11-13T14:48:16.114Z,,,,UPI,upi-apps,2025,Jul,,,,en
11048,15,POP UPI,63.63,1539.48,0,0,0,0,53.52,9518.96,63.63,1539.48,2025-11-13T14:48:16.114Z,2026-02-26T10:13:18.215Z,,,1.0,UPI,upi-apps,2025,Jul,,,,en
11049,16,Yes Bank Apps,55.2,9470.16,0,0,0.4,21.45,33.92,4674.33,55.6,9491.62,2025-11-13T14:48:16.114Z,2025-11-13T14:48:16.114Z,,,,UPI,upi-apps,2025,Jul,,,,en
11050,17,Mobikwik #,43.17,5578.43,0,0,0,0,20.14,1447.35,43.17,5578.43,2025-11-13T14:48:16.114Z,2025-11-13T14:48:16.114Z,,,,UPI,upi-apps,2025,Jul,,,,en
11051,18,Airtel Payments Bank Apps,21.34,1509.17,0,0.01,0,0,19.85,2330.22,21.34,1509.17,2025-11-13T14:48:16.114Z,2025-11-13T14:48:16.114Z,,,,UPI,upi-apps,2025,Jul,,,,en
11052,19,Slice Small Finance Bank Apps,19.83,2586.21,0,0,0,0.01,16.51,1834.83,19.83,2586.22,2025-11-13T14:48:16.114Z,2025-11-13T14:48:16.114Z,,,,UPI,upi-apps,2025,Jul,,,,en
11053,20,India Post Payments Bank Apps,18.16,1759.02,0,0,0,0,16.21,2493.29,18.16,1759.02,2025-11-13T14:48:16.114Z,2025-11-13T14:48:16.114Z,,,,UPI,upi-apps,2025,Jul,,,,en
11054,21,IDFC Bank Apps,18.04,2707.76,0,0.03,0.04,0.14,13.59,500.88,18.08,2707.93,2025-11-13T14:48:16.114Z,2025-11-13T14:48:16.114Z,,,,UPI,upi-apps,2025,Jul,,,,en
11063,22,Groww #,14.06,11012.81,0,0,0,0,13.48,3700.3,14.06,11012.81,2025-11-13T14:48:16.114Z,2025-11-13T14:48:16.114Z,,,,UPI,upi-apps,2025,Jul,,,,en
11055,23,State Bank of India Apps,12.26,3633.07,0,0,0,0,13.27,1762.42,12.26,3633.07,2025-11-13T14:48:16.114Z,2025-11-13T14:48:16.114Z,,,,UPI,upi-apps,2025,Jul,,,,en
11056,24,Bajaj Finserv,10.87,2516.08,0,0,0,0,12.14,8443.05,10.87,2516.08,2025-11-13T14:48:16.114Z,2025-11-13T14:48:16.114Z,,,,UPI,upi-apps,2025,Jul,,,,en
11057,25,Samsung Pay #,9.34,669.72,0,0,0,0,10.67,2219.95,9.34,669.72,2025-11-13T14:48:16.114Z,2025-11-13T14:48:16.114Z,,,,UPI,upi-apps,2025,Jul,,,,en
11058,26,RBL Bank Apps,8.41,1358.41,0,0.01,0.12,30.29,9.14,656.92,8.54,1388.7,2025-11-13T14:48:16.114Z,2025-11-13T14:48:16.114Z,,,,UPI,upi-apps,2025,Jul,,,,en
11059,27,Jupiter Money #,6.3,981.5,0,0,0,0,6.4,950.85,6.3,981.5,2025-11-13T14:48:16.114Z,2025-11-13T14:48:16.114Z,,,,UPI,upi-apps,2025,Jul,,,,en
11060,28,Federal Bank Apps,5.86,1163.18,0,0,0,0,5.09,982.11,5.86,1163.18,2025-11-13T14:48:16.114Z,2025-11-13T14:48:16.114Z,,,,UPI,upi-apps,2025,Jul,,,,en
11061,29,Jio Payments Bank Apps,4.47,306.58,0,0,0,0,4.7,341.19,4.47,306.58,2025-11-13T14:48:16.114Z,2025-11-13T14:48:16.114Z,,,,UPI,upi-apps,2025,Jul,,,,en
11062,30,Deutsche Bank Apps,4.43,770.49,0,0,0,0.14,4.02,723.88,4.43,770.63,2025-11-13T14:48:16.114Z,2025-11-13T14:48:16.114Z,,,,UPI,upi-apps,2025,Jul,,,,en
11064,31,Canara Bank Apps,4.05,1018.59,0,0,0,0,3.9,50.01,4.05,1018.59,2025-11-13T14:48:16.114Z,2025-11-13T14:48:16.114Z,,,,UPI,upi-apps,2025,Jul,,,,en
11065,32,Punjab National Bank Apps,3.67,980.66,0,0,0,0,3.85,992.9,3.67,980.66,2025-11-13T14:48:16.114Z,2025-11-13T14:48:16.114Z,,,,UPI,upi-apps,2025,Jul,,,,en
11066,33,Timepay #,3.14,47.4,0,0,0,0,3.6,953.88,3.14,47.4,2025-11-13T14:48:16.114Z,2025-11-13T14:48:16.114Z,,,,UPI,upi-apps,2025,Jul,,,,en
11067,34,Kiwi #,2.85,323.87,0,0,0,0,3.58,428.68,2.85,323.87,2025-11-13T14:48:16.114Z,2025-11-13T14:48:16.114Z,,,,UPI,upi-apps,2025,Jul,,,,en
11068,35,Fi Money #,2.84,400.92,0,0,0,0,3.23,187.83,2.84,400.92,2025-11-13T14:48:16.114Z,2025-11-13T14:48:16.114Z,,,,UPI,upi-apps,2025,Jul,,,,en
11069,36,NSDL Payments Bank Apps,2.72,107.11,0,0,0.06,3.14,3.02,180.55,2.78,110.25,2025-11-13T14:48:16.114Z,2025-11-13T14:48:16.114Z,,,,UPI,upi-apps,2025,Jul,,,,en
11070,37,Flipkart UPI #,2.7,155.64,0,0,0,0,2.99,407.88,2.7,155.64,2025-11-13T14:48:16.114Z,2025-11-13T14:48:16.114Z,,,,UPI,upi-apps,2025,Jul,,,,en
11071,38,Jammu and Kashmir Bank Apps,2.62,343.24,0,0,0,0,2.58,165.88,2.62,343.24,2025-11-13T14:48:16.114Z,2025-11-13T14:48:16.114Z,,,,UPI,upi-apps,2025,Jul,,,,en
11081,39,Shri Ram One,2.38,155.72,0,0,0,0,2.36,308.47,2.38,155.72,2025-11-13T14:48:16.114Z,2025-11-13T14:48:16.114Z,,,,UPI,upi-apps,2025,Jul,,,,en
11072,40,Bank of Baroda Apps,2.01,529.28,0,0,0,0.01,1.99,258.89,2.01,529.28,2025-11-13T14:48:16.114Z,2025-11-13T14:48:16.114Z,,,,UPI,upi-apps,2025,Jul,,,,en
11073,41,Ind Money #,1.86,730.24,0,0,0,0,1.8,528.32,1.86,730.24,2025-11-13T14:48:16.114Z,2025-11-13T14:48:16.114Z,,,,UPI,upi-apps,2025,Jul,,,,en
11074,42,Omni Card,1.73,98.15,0,0,0,0,1.63,92.27,1.73,98.15,2025-11-13T14:48:16.114Z,2025-11-13T14:48:16.114Z,,,,UPI,upi-apps,2025,Jul,,,,en
11075,43,IndusInd Bank Apps,1.26,178.71,0,0,0,0,1.56,268.09,1.26,178.71,2025-11-13T14:48:16.114Z,2025-11-13T14:48:16.114Z,,,,UPI,upi-apps,2025,Jul,,,,en
11076,44,Indian Bank Apps,1.11,255.91,0,0,0,0,1.3,560.96,1.11,255.91,2025-11-13T14:48:16.114Z,2025-11-13T14:48:16.114Z,,,,UPI,upi-apps,2025,Jul,,,,en
11077,45,HSBC Bank Apps,1.08,134.67,0.01,0.41,0,0.44,1.25,218.46,1.09,135.52,2025-11-13T14:48:16.114Z,2025-11-13T14:48:16.114Z,,,,UPI,upi-apps,2025,Jul,,,,en
11078,46,Suryoday Bank Apps,1.05,150.41,0,0,0.01,1.42,1.06,226.65,1.06,151.82,2025-11-13T14:48:16.114Z,2025-11-13T14:48:16.114Z,,,,UPI,upi-apps,2025,Jul,,,,en
11079,47,Digikhata,1.01,320.5,0,0,0,0,1.03,124.36,1.01,320.5,2025-11-13T14:48:16.114Z,2025-11-13T14:48:16.114Z,,,,UPI,upi-apps,2025,Jul,,,,en
11080,48,Standard Chartered Bank Apps,0.91,147.75,0,0,0.08,3.06,0.87,282.69,0.99,150.81,2025-11-13T14:48:16.114Z,2025-11-13T14:48:16.114Z,,,,UPI,upi-apps,2025,Jul,,,,en
11082,49,Bharat Pe #,0.92,62.45,0,0,0,0,0.8,202.18,0.92,62.45,2025-11-13T14:48:16.114Z,2025-11-13T14:48:16.114Z,,,,UPI,upi-apps,2025,Jul,,,,en
11083,50,DBS Digibank Apps,0.88,221.94,0,0,0,0.54,0.8,954.81,0.88,222.49,2025-11-13T14:48:16.114Z,2025-11-13T14:48:16.114Z,,,,UPI,upi-apps,2025,Jul,,,,en
11084,51,Central Bank of India Apps,0.86,186.24,0,0,0,0,0.74,58.21,0.86,186.24,2025-11-13T14:48:16.114Z,2025-11-13T14:48:16.114Z,,,,UPI,upi-apps,2025,Jul,,,,en
11085,52,South Indian Bank Apps,0.83,240.25,0,0,0,0,0.73,241.85,0.83,240.25,2025-11-13T14:48:16.114Z,2025-11-13T14:48:16.114Z,,,,UPI,upi-apps,2025,Jul,,,,en
11086,53,Union Bank Apps,0.79,259.13,0,0,0,0,0.71,211.09,0.79,259.13,2025-11-13T14:48:16.114Z,2025-11-13T14:48:16.114Z,,,,UPI,upi-apps,2025,Jul,,,,en
11087,54,One Card #,0.78,918.16,0,0,0,0,0.6,184.67,0.78,918.16,2025-11-13T14:48:16.114Z,2025-11-13T14:48:16.114Z,,,,UPI,upi-apps,2025,Jul,,,,en
11088,55,Money View #,0.71,64.31,0,0,0,0,0.57,63.39,0.71,64.31,2025-11-13T14:48:16.114Z,2025-11-13T14:48:16.114Z,,,,UPI,upi-apps,2025,Jul,,,,en
11089,56,AU Small Finance Bank Apps,0.65,201.78,0,0,0,0,0.54,56.9,0.65,201.78,2025-11-13T14:48:16.114Z,2025-11-13T14:48:16.114Z,,,,UPI,upi-apps,2025,Jul,,,,en
11097,57,Kredit Pe #,0.6,54.67,0,0,0,0,0.49,26.92,0.6,54.67,2025-11-13T14:48:16.114Z,2025-11-13T14:48:16.114Z,,,,UPI,upi-apps,2025,Jul,,,,en
11098,58,ESAF Small Finance Bank Apps,0.59,64.58,0,0,0,0,0.48,122.06,0.59,64.58,2025-11-13T14:48:16.114Z,2025-11-13T14:48:16.114Z,,,,UPI,upi-apps,2025,Jul,,,,en
11090,59,UCO Bank Apps,0.57,140.44,0,0,0,0,0.45,132.55,0.57,140.44,2025-11-13T14:48:16.114Z,2025-11-13T14:48:16.114Z,,,,UPI,upi-apps,2025,Jul,,,,en
11091,60,Fino Payments Bank Apps,0.55,55.18,0,0,0,0,0.43,20.47,0.55,55.18,2025-11-13T14:48:16.114Z,2025-11-13T14:48:16.114Z,,,,UPI,upi-apps,2025,Jul,,,,en
11092,61,Salary Se #,0.5,22.32,0,0,0,0,0.32,31.91,0.5,22.32,2025-11-13T14:48:16.114Z,2025-11-13T14:48:16.114Z,,,,UPI,upi-apps,2025,Jul,,,,en
11093,62,Tata Pay #,0.49,144.2,0,0,0,0,0.32,35.29,0.49,144.2,2025-11-13T14:48:16.114Z,2025-11-13T14:48:16.114Z,,,,UPI,upi-apps,2025,Jul,,,,en
11094,63,Aditya Birla Capital Digital,0.39,23.14,0,0,0,0,0.3,91.04,0.39,23.14,2025-11-13T14:48:16.114Z,2025-11-13T14:48:16.114Z,,,,UPI,upi-apps,2025,Jul,,,,en
11095,64,Bank of India Apps,0.31,95.7,0,0,0,0,0.27,64.81,0.31,95.7,2025-11-13T14:48:16.114Z,2025-11-13T14:48:16.114Z,,,,UPI,upi-apps,2025,Jul,,,,en
11096,65,Indian Overseas Bank Apps,0.29,69.35,0,0,0,0,0.25,59.72,0.29,69.35,2025-11-13T14:48:16.114Z,2025-11-13T14:48:16.114Z,,,,UPI,upi-apps,2025,Jul,,,,en
11106,66,Karnataka Bank Apps,0.26,61.44,0,0,0,0,0.2,14.26,0.26,61.44,2025-11-13T14:48:16.114Z,2025-11-13T14:48:16.114Z,,,,UPI,upi-apps,2025,Jul,,,,en
11099,67,Spice Money,0.26,21.44,0,0,0,0,0.17,8.63,0.26,21.44,2025-11-13T14:48:16.114Z,2025-11-13T14:48:16.114Z,,,,UPI,upi-apps,2025,Jul,,,,en
11100,68,Rapipay,0.22,23.19,0,0,0,0,0.17,16.25,0.22,23.19,2025-11-13T14:48:16.114Z,2025-11-13T14:48:16.114Z,,,,UPI,upi-apps,2025,Jul,,,,en
11101,69,Dhani,0.2,8.73,0,0,0,0,0.17,19.16,0.2,8.73,2025-11-13T14:48:16.114Z,2025-11-13T14:48:16.114Z,,,,UPI,upi-apps,2025,Jul,,,,en
11102,70,IDBI Bank Apps,0.16,60.93,0,0,0,0,0.13,49.81,0.16,60.93,2025-11-13T14:48:16.114Z,2025-11-13T14:48:16.114Z,,,,UPI,upi-apps,2025,Jul,,,,en
11103,71,True Balance,0.13,4.22,0,0,0,0,0.1,7.77,0.13,4.22,2025-11-13T14:48:16.114Z,2025-11-13T14:48:16.114Z,,,,UPI,upi-apps,2025,Jul,,,,en
11104,72,Ultracash #,0.11,7.7,0,0,0,0,0.1,3.01,0.11,7.7,2025-11-13T14:48:16.114Z,2025-11-13T14:48:16.114Z,,,,UPI,upi-apps,2025,Jul,,,,en
11105,73,Karur Vysya Bank Apps,0.11,38.44,0,0,0,0,0.1,35.02,0.11,38.44,2025-11-13T14:48:16.114Z,2025-11-13T14:48:16.114Z,,,,UPI,upi-apps,2025,Jul,,,,en
11114,74,Obopay,0.11,15.31,0,0,0,0,0.09,32.95,0.11,15.31,2025-11-13T14:48:16.114Z,2025-11-13T14:48:16.114Z,,,,UPI,upi-apps,2025,Jul,,,,en
11115,75,Tamilnad Mercantile Bank Apps,0.1,33.72,0,0,0,0,0.07,25.75,0.1,33.72,2025-11-13T14:48:16.114Z,2025-11-13T14:48:16.114Z,,,,UPI,upi-apps,2025,Jul,,,,en
11107,76,Niyo Global #,0.08,20.06,0,0,0,0,0.07,29.97,0.08,20.06,2025-11-13T14:48:16.114Z,2025-11-13T14:48:16.114Z,,,,UPI,upi-apps,2025,Jul,,,,en
11108,77,City Union Bank Apps,0.07,27.83,0,0,0,0,0.06,8.77,0.07,27.83,2025-11-13T14:48:16.114Z,2025-11-13T14:48:16.114Z,,,,UPI,upi-apps,2025,Jul,,,,en
11109,78,Unity Small Finance Bank Apps,0.07,16.97,0,0,0,0,0.06,12.79,0.07,16.97,2025-11-13T14:48:16.114Z,2025-11-13T14:48:16.114Z,,,,UPI,upi-apps,2025,Jul,,,,en
11110,79,Freo #,0.04,2.57,0,0,0,0,0.04,2.27,0.04,2.57,2025-11-13T14:48:16.114Z,2025-11-13T14:48:16.114Z,,,,UPI,upi-apps,2025,Jul,,,,en
11111,80,Payworld,0.04,3.27,0,0,0,0,0.03,2.21,0.04,3.27,2025-11-13T14:48:16.114Z,2025-11-13T14:48:16.114Z,,,,UPI,upi-apps,2025,Jul,,,,en
11112,81,Utkarsh Small Finance Bank Apps,0.02,3.19,0,0,0,0,0.02,8.87,0.02,3.19,2025-11-13T14:48:16.115Z,2025-11-13T14:48:16.115Z,,,,UPI,upi-apps,2025,Jul,,,,en
11113,82,Bank of Maharashtra Apps,0.02,8.09,0,0,0,0,0.02,7.44,0.02,8.09,2025-11-13T14:48:16.115Z,2025-11-13T14:48:16.115Z,,,,UPI,upi-apps,2025,Jul,,,,en
11118,83,Jar #,0.02,0.5,0,0,0,0,1.87,240.77,0.02,0.5,2025-11-13T14:48:16.115Z,2025-11-13T14:48:16.115Z,,,,UPI,upi-apps,2025,Jul,,,,en
11116,84,Punjab Sind Bank Apps,0.02,7.28,0,0,0,0,,,0.02,7.28,2025-11-13T14:48:16.115Z,2025-11-13T14:48:16.115Z,,,,UPI,upi-apps,2025,Jul,,,,en
11117,85,Others,2.15,238,0,0,0.16,6.14,,,2.31,244.14,2025-11-13T14:48:16.115Z,2025-11-13T14:48:16.115Z,,,,UPI,upi-apps,2025,Jul,,,,en
11119,1,PhonePe,9152.54,"11,99,457.73",0,0,0,0,8682.08,1256541.09,9152.54,"11,99,457.73",2025-11-13T14:52:35.592Z,2025-11-13T14:52:35.592Z,,,,UPI,upi-apps,2025,Aug,,,,en
11120,2,Google Pay #,7063.76,"8,83,682.27",0,0,0,0,6740.42,884735.12,7063.76,"8,83,682.27",2025-11-13T14:52:35.592Z,2025-11-13T14:52:35.592Z,,,,UPI,upi-apps,2025,Aug,,,,en
11121,3,Paytm,1407.23,"1,43,484.97",0,0,0,0,1277.56,138068.97,1407.23,"1,43,484.97",2025-11-13T14:52:35.592Z,2025-11-13T14:52:35.592Z,,,,UPI,upi-apps,2025,Aug,,,,en
11122,4,Navi #,504.45,25396.91,0,0,0,0,386.21,21350.35,504.45,25396.91,2025-11-13T14:52:35.592Z,2025-11-13T14:52:35.592Z,,,,UPI,upi-apps,2025,Aug,,,,en
11124,5,super.money #,256.64,9290.21,0,0,0,0,203.42,7054.28,256.64,9290.21,2025-11-13T14:52:35.592Z,2025-11-13T14:52:35.592Z,,,,UPI,upi-apps,2025,Aug,,,,en
11123,6,Cred #,150,55756.24,0,0,0,0,141.95,55242.72,150,55756.24,2025-11-13T14:52:35.592Z,2025-11-13T14:52:35.592Z,,,,UPI,upi-apps,2025,Aug,,,,en
11125,7,FamApp by Trio #,135.65,1708.85,0,0,0,0,120.03,9683.82,135.65,1708.85,2025-11-13T14:52:35.592Z,2025-11-13T14:52:35.592Z,,,,UPI,upi-apps,2025,Aug,,,,en
11126,8,Axis Bank Apps,30.37,5482.37,104.76,4327.97,0.01,2.17,110.38,1415.4,135.14,9812.52,2025-11-13T14:52:35.592Z,2025-11-13T14:52:35.592Z,,,,UPI,upi-apps,2025,Aug,,,,en
11127,9,BHIM,100.16,15002.68,0,0,0,0,98.68,10343.44,100.17,15002.68,2025-11-13T14:52:35.592Z,2025-12-23T06:55:52.202Z,,,1.0,UPI,upi-apps,2025,Aug,,,,en
11128,10,Amazon Pay #,98.98,10830.8,0,0,0,0,70.19,5280.89,98.98,10830.8,2025-11-13T14:52:35.592Z,2025-11-13T14:52:35.592Z,,,,UPI,upi-apps,2025,Aug,,,,en
11129,11,Whatsapp #,78.21,5583.34,0,0,0,0,64.6,11243.73,78.21,5583.34,2025-11-13T14:52:35.592Z,2025-11-13T14:52:35.592Z,,,,UPI,upi-apps,2025,Aug,,,,en
11130,12,ICICI Bank Apps,73.48,14644.94,0.01,15.57,2.31,1929.25,63.19,14806.6,75.8,16589.76,2025-11-13T14:52:35.592Z,2025-11-13T14:52:35.592Z,,,,UPI,upi-apps,2025,Aug,,,,en
11131,13,HDFC Bank Apps,49.66,16107.74,23.19,11.75,0.01,0.7,59.74,7862.6,72.86,16120.19,2025-11-13T14:52:35.592Z,2025-11-13T14:52:35.592Z,,,,UPI,upi-apps,2025,Aug,,,,en
11139,14,Kotak Mahindra Bank Apps,71.87,8662.31,0,0,0,0,59.47,16689.54,71.87,8662.31,2025-11-13T14:52:35.592Z,2025-11-13T14:52:35.592Z,,,,UPI,upi-apps,2025,Aug,,,,en
11132,15,Yes Bank Apps,53.91,9408.85,0,0,0.43,19.3,53.52,9518.96,54.33,9428.15,2025-11-13T14:52:35.592Z,2025-11-13T14:52:35.592Z,,,,UPI,upi-apps,2025,Aug,,,,en
11133,16,Mobikwik #,48.14,6010.88,0,0,0,0,33.92,4674.33,48.14,6010.88,2025-11-13T14:52:35.592Z,2025-11-13T14:52:35.592Z,,,,UPI,upi-apps,2025,Aug,,,,en
11134,17,POP UPI,44.53,1694.22,0,0,0,0,20.14,1447.35,44.53,1694.22,2025-11-13T14:52:35.592Z,2026-02-26T10:11:23.711Z,,,1.0,UPI,upi-apps,2025,Aug,,,,en
11135,18,Airtel Payments Bank Apps,21.4,1650.42,0,0,0,0,19.85,2330.22,21.4,1650.42,2025-11-13T14:52:35.592Z,2025-11-13T14:52:35.592Z,,,,UPI,upi-apps,2025,Aug,,,,en
11136,19,Slice Small Finance Bank Apps,20.75,2716.14,0,0,0,0.01,16.51,1834.83,20.75,2716.15,2025-11-13T14:52:35.592Z,2025-11-13T14:52:35.592Z,,,,UPI,upi-apps,2025,Aug,,,,en
11137,20,India Post Payments Bank Apps,19.58,1892.61,0,0,0,0,16.21,2493.29,19.58,1892.61,2025-11-13T14:52:35.592Z,2025-11-13T14:52:35.592Z,,,,UPI,upi-apps,2025,Aug,,,,en
11138,21,IDFC Bank Apps,17.44,2728.15,0,0.03,0.04,0.19,13.59,500.88,17.48,2728.37,2025-11-13T14:52:35.592Z,2025-11-13T14:52:35.592Z,,,,UPI,upi-apps,2025,Aug,,,,en
11147,22,Groww #,13.01,9001.87,0,0,0,0,13.48,3700.3,13.01,9001.87,2025-11-13T14:52:35.592Z,2025-11-13T14:52:35.592Z,,,,UPI,upi-apps,2025,Aug,,,,en
11140,23,State Bank of India Apps,12.99,3668.47,0,0,0,0,13.27,1762.42,12.99,3668.47,2025-11-13T14:52:35.592Z,2025-11-13T14:52:35.592Z,,,,UPI,upi-apps,2025,Aug,,,,en
11141,24,Bajaj Finserv,11.63,2456.88,0,0,0,0,12.14,8443.05,11.63,2456.88,2025-11-13T14:52:35.592Z,2025-11-13T14:52:35.592Z,,,,UPI,upi-apps,2025,Aug,,,,en
11142,25,Samsung Pay #,9.9,682.42,0,0,0,0,10.67,2219.95,9.9,682.42,2025-11-13T14:52:35.592Z,2025-11-13T14:52:35.592Z,,,,UPI,upi-apps,2025,Aug,,,,en
11143,26,RBL Bank Apps,9.15,1423.59,0,0,0.14,33.26,9.14,656.92,9.29,1456.85,2025-11-13T14:52:35.592Z,2025-11-13T14:52:35.592Z,,,,UPI,upi-apps,2025,Aug,,,,en
11144,27,Federal Bank Apps,6.55,1295.01,0,0,0,0,6.4,950.85,6.55,1295.01,2025-11-13T14:52:35.592Z,2025-11-13T14:52:35.592Z,,,,UPI,upi-apps,2025,Aug,,,,en
11145,28,Jupiter Money #,6.49,998.01,0,0,0,0,5.09,982.11,6.49,998.01,2025-11-13T14:52:35.592Z,2025-11-13T14:52:35.592Z,,,,UPI,upi-apps,2025,Aug,,,,en
11146,29,Bharat Pe #,4.69,233.82,0,0,0,0,4.7,341.19,4.69,233.82,2025-11-13T14:52:35.592Z,2025-11-13T14:52:35.592Z,,,,UPI,upi-apps,2025,Aug,,,,en
11156,30,Jio Payments Bank Apps,4.65,319.72,0,0,0,0,4.02,723.88,4.65,319.72,2025-11-13T14:52:35.592Z,2025-11-13T14:52:35.592Z,,,,UPI,upi-apps,2025,Aug,,,,en
11148,31,Canara Bank Apps,4.27,1028.07,0,0,0,0,3.9,50.01,4.27,1028.07,2025-11-13T14:52:35.592Z,2025-11-13T14:52:35.592Z,,,,UPI,upi-apps,2025,Aug,,,,en
11149,32,Deutsche Bank Apps,4.23,774.07,0,0,0,0.13,3.85,992.9,4.24,774.19,2025-11-13T14:52:35.592Z,2025-11-13T14:52:35.592Z,,,,UPI,upi-apps,2025,Aug,,,,en
11150,33,Punjab National Bank Apps,3.79,964.86,0,0,0,0,3.6,953.88,3.79,964.86,2025-11-13T14:52:35.592Z,2025-11-13T14:52:35.592Z,,,,UPI,upi-apps,2025,Aug,,,,en
11151,34,NSDL Payments Bank Apps,3.46,191.44,0,0,0.13,7.3,3.58,428.68,3.59,198.74,2025-11-13T14:52:35.592Z,2025-11-13T14:52:35.592Z,,,,UPI,upi-apps,2025,Aug,,,,en
11152,35,Flipkart UPI #,3.46,194.88,0,0,0,0,3.23,187.83,3.46,194.88,2025-11-13T14:52:35.592Z,2025-11-13T14:52:35.592Z,,,,UPI,upi-apps,2025,Aug,,,,en
11153,36,Timepay #,2.98,43.77,0,0,0,0,3.02,180.55,2.98,43.77,2025-11-13T14:52:35.592Z,2025-11-13T14:52:35.592Z,,,,UPI,upi-apps,2025,Aug,,,,en
11154,37,Fi Money #,2.77,391.19,0,0,0,0,2.99,407.88,2.77,391.19,2025-11-13T14:52:35.592Z,2025-11-13T14:52:35.592Z,,,,UPI,upi-apps,2025,Aug,,,,en
11155,38,Kiwi #,2.69,305.39,0,0,0,0,2.58,165.88,2.69,305.39,2025-11-13T14:52:35.592Z,2025-11-13T14:52:35.592Z,,,,UPI,upi-apps,2025,Aug,,,,en
11157,39,Shri Ram One,2.61,159.27,0,0,0,0,2.36,308.47,2.61,159.27,2025-11-13T14:52:35.592Z,2025-11-13T14:52:35.592Z,,,,UPI,upi-apps,2025,Aug,,,,en
11158,40,Jammu and Kashmir Bank Apps,2.47,334.59,0,0,0,0,1.99,258.89,2.47,334.59,2025-11-13T14:52:35.592Z,2025-11-13T14:52:35.592Z,,,,UPI,upi-apps,2025,Aug,,,,en
11159,41,Bank of Baroda Apps,2.39,508.85,0,0,0,0,1.8,528.32,2.39,508.85,2025-11-13T14:52:35.592Z,2025-11-13T14:52:35.592Z,,,,UPI,upi-apps,2025,Aug,,,,en
11160,42,Ind Money #,2.15,758.73,0,0,0,0,1.63,92.27,2.15,758.73,2025-11-13T14:52:35.592Z,2025-11-13T14:52:35.592Z,,,,UPI,upi-apps,2025,Aug,,,,en
11161,43,IndusInd Bank Apps,1.91,238.35,0,0,0,0,1.56,268.09,1.91,238.35,2025-11-13T14:52:35.592Z,2025-11-13T14:52:35.592Z,,,,UPI,upi-apps,2025,Aug,,,,en
11162,44,Omni Card,1.82,113.4,0,0,0,0,1.3,560.96,1.82,113.4,2025-11-13T14:52:35.592Z,2025-11-13T14:52:35.592Z,,,,UPI,upi-apps,2025,Aug,,,,en
11163,45,Suryoday Bank Apps,1.46,111.08,0,0,0.01,0.86,1.25,218.46,1.46,111.94,2025-11-13T14:52:35.592Z,2025-11-13T14:52:35.592Z,,,,UPI,upi-apps,2025,Aug,,,,en
11164,46,Indian Bank Apps,1.26,281.53,0,0,0,0,1.06,226.65,1.26,281.53,2025-11-13T14:52:35.592Z,2025-11-13T14:52:35.592Z,,,,UPI,upi-apps,2025,Aug,,,,en
11165,47,HSBC Bank Apps,1.2,150.84,0.01,0.31,0,0.41,1.03,124.36,1.21,151.55,2025-11-13T14:52:35.592Z,2025-11-13T14:52:35.592Z,,,,UPI,upi-apps,2025,Aug,,,,en
11175,48,Digikhata,1.1,365.04,0,0,0,0,0.87,282.69,1.1,365.04,2025-11-13T14:52:35.592Z,2025-11-13T14:52:35.592Z,,,,UPI,upi-apps,2025,Aug,,,,en
11166,49,Money View #,1.03,74.94,0,0,0,0,0.8,202.18,1.03,74.94,2025-11-13T14:52:35.592Z,2025-11-13T14:52:35.592Z,,,,UPI,upi-apps,2025,Aug,,,,en
11167,50,South Indian Bank Apps,0.9,248.87,0,0,0,0,0.8,954.81,0.9,248.87,2025-11-13T14:52:35.592Z,2025-11-13T14:52:35.592Z,,,,UPI,upi-apps,2025,Aug,,,,en
11168,51,Union Bank Apps,0.84,259.85,0,0,0,0,0.74,58.21,0.84,259.85,2025-11-13T14:52:35.592Z,2025-11-13T14:52:35.592Z,,,,UPI,upi-apps,2025,Aug,,,,en
11169,52,One Card,0.76,884.64,0,0,0,0,0.73,241.85,0.76,884.64,2025-11-13T14:52:35.592Z,2025-11-13T14:52:35.592Z,,,,UPI,upi-apps,2025,Aug,,,,en
11170,53,DBS Digibank Apps,0.75,252.09,0,0,0,0.2,0.71,211.09,0.75,252.29,2025-11-13T14:52:35.592Z,2025-11-13T14:52:35.592Z,,,,UPI,upi-apps,2025,Aug,,,,en
11171,54,Kredit Pe #,0.71,60.21,0,0,0,0,0.6,184.67,0.71,60.21,2025-11-13T14:52:35.592Z,2025-11-13T14:52:35.592Z,,,,UPI,upi-apps,2025,Aug,,,,en
11172,55,Central Bank of India Apps,0.71,161.42,0,0,0,0,0.57,63.39,0.71,161.42,2025-11-13T14:52:35.592Z,2025-11-13T14:52:35.592Z,,,,UPI,upi-apps,2025,Aug,,,,en
11173,56,Fino Payments Bank Apps,0.69,68.05,0,0,0,0,0.54,56.9,0.69,68.05,2025-11-13T14:52:35.592Z,2025-11-13T14:52:35.592Z,,,,UPI,upi-apps,2025,Aug,,,,en
11174,57,AU Small Finance Bank Apps,0.68,208.06,0,0,0,0,0.49,26.92,0.68,208.06,2025-11-13T14:52:35.592Z,2025-11-13T14:52:35.592Z,,,,UPI,upi-apps,2025,Aug,,,,en
11176,58,ESAF Small Finance Bank Apps,0.59,63.66,0,0,0,0,0.48,122.06,0.59,63.66,2025-11-13T14:52:35.592Z,2025-11-13T14:52:35.592Z,,,,UPI,upi-apps,2025,Aug,,,,en
11177,59,UCO Bank Apps,0.53,130.16,0,0,0,0,0.45,132.55,0.53,130.16,2025-11-13T14:52:35.592Z,2025-11-13T14:52:35.592Z,,,,UPI,upi-apps,2025,Aug,,,,en
11178,60,Salary Se #,0.53,24.31,0,0,0,0,0.43,20.47,0.53,24.31,2025-11-13T14:52:35.592Z,2025-11-13T14:52:35.592Z,,,,UPI,upi-apps,2025,Aug,,,,en
11179,61,Tata Pay #,0.52,155.47,0,0,0,0,0.32,31.91,0.52,155.47,2025-11-13T14:52:35.592Z,2025-11-13T14:52:35.592Z,,,,UPI,upi-apps,2025,Aug,,,,en
11180,62,Aditya Birla Capital Digital,0.42,28.13,0,0,0,0,0.32,35.29,0.42,28.13,2025-11-13T14:52:35.592Z,2025-11-13T14:52:35.592Z,,,,UPI,upi-apps,2025,Aug,,,,en
11181,63,Bank of India Apps,0.3,93.6,0,0,0,0,0.3,91.04,0.3,93.6,2025-11-13T14:52:35.592Z,2025-11-13T14:52:35.592Z,,,,UPI,upi-apps,2025,Aug,,,,en
11182,64,Spice Money,0.3,26.1,0,0,0,0,0.27,64.81,0.3,26.1,2025-11-13T14:52:35.592Z,2025-11-13T14:52:35.592Z,,,,UPI,upi-apps,2025,Aug,,,,en
11183,65,Karnataka Bank Apps,0.27,60.7,0,0,0,0.01,0.25,59.72,0.27,60.71,2025-11-13T14:52:35.592Z,2025-11-13T14:52:35.592Z,,,,UPI,upi-apps,2025,Aug,,,,en
11184,66,Indian Overseas Bank Apps,0.26,64.38,0,0,0,0,0.2,14.26,0.26,64.38,2025-11-13T14:52:35.592Z,2025-11-13T14:52:35.592Z,,,,UPI,upi-apps,2025,Aug,,,,en
11193,67,Standard Chartered Bank Apps,0.26,123.17,0,0,0,0.16,0.17,8.63,0.26,123.33,2025-11-13T14:52:35.592Z,2025-11-13T14:52:35.592Z,,,,UPI,upi-apps,2025,Aug,,,,en
11185,68,Rapipay,0.24,25,0,0,0,0,0.17,16.25,0.24,25,2025-11-13T14:52:35.592Z,2025-11-13T14:52:35.592Z,,,,UPI,upi-apps,2025,Aug,,,,en
11186,69,Dhani,0.22,9.85,0,0,0,0,0.17,19.16,0.22,9.85,2025-11-13T14:52:35.592Z,2025-11-13T14:52:35.592Z,,,,UPI,upi-apps,2025,Aug,,,,en
11187,70,IDBI Bank Apps,0.17,67.08,0,0,0,0,0.13,49.81,0.17,67.08,2025-11-13T14:52:35.592Z,2025-11-13T14:52:35.592Z,,,,UPI,upi-apps,2025,Aug,,,,en
11188,71,True Balance,0.15,4.9,0,0,0,0,0.1,7.77,0.15,4.9,2025-11-13T14:52:35.592Z,2025-11-13T14:52:35.592Z,,,,UPI,upi-apps,2025,Aug,,,,en
11189,72,OBOPAY,0.11,16.77,0,0,0,0,0.1,3.01,0.11,16.77,2025-11-13T14:52:35.592Z,2025-11-13T14:52:35.592Z,,,,UPI,upi-apps,2025,Aug,,,,en
11190,73,Karur Vysya Bank Apps,0.11,38.33,0,0,0,0,0.1,35.02,0.11,38.33,2025-11-13T14:52:35.592Z,2025-11-13T14:52:35.592Z,,,,UPI,upi-apps,2025,Aug,,,,en
11191,74,Ultracash #,0.1,7.48,0,0,0,0,0.09,32.95,0.1,7.48,2025-11-13T14:52:35.592Z,2025-11-13T14:52:35.592Z,,,,UPI,upi-apps,2025,Aug,,,,en
11192,75,Tamilnad Mercantile Bank Apps,0.1,33.36,0,0,0,0,0.07,25.75,0.1,33.36,2025-11-13T14:52:35.592Z,2025-11-13T14:52:35.592Z,,,,UPI,upi-apps,2025,Aug,,,,en
11202,76,Niyo Global #,0.09,22.11,0,0,0,0,0.07,29.97,0.09,22.11,2025-11-13T14:52:35.592Z,2025-11-13T14:52:35.592Z,,,,UPI,upi-apps,2025,Aug,,,,en
11194,77,City Union Bank Apps,0.07,28.22,0,0,0,0,0.06,8.77,0.07,28.22,2025-11-13T14:52:35.592Z,2025-11-13T14:52:35.592Z,,,,UPI,upi-apps,2025,Aug,,,,en
11195,78,Unity Small Finance Bank Apps,0.07,19.76,0,0,0,0,0.06,12.79,0.07,19.76,2025-11-13T14:52:35.592Z,2025-11-13T14:52:35.592Z,,,,UPI,upi-apps,2025,Aug,,,,en
11196,79,Payworld,0.04,4,0,0,0,0,0.04,2.27,0.04,4,2025-11-13T14:52:35.592Z,2025-11-13T14:52:35.592Z,,,,UPI,upi-apps,2025,Aug,,,,en
11197,80,JAR #,0.04,1.14,0,0,0,0,0.03,2.21,0.04,1.14,2025-11-13T14:52:35.592Z,2025-11-13T14:52:35.592Z,,,,UPI,upi-apps,2025,Aug,,,,en
11198,81,Freo #,0.04,2.43,0,0,0,0,0.02,8.87,0.04,2.43,2025-11-13T14:52:35.592Z,2025-11-13T14:52:35.592Z,,,,UPI,upi-apps,2025,Aug,,,,en
11199,82,Utkarsh Small Finance Bank Apps,0.03,4.18,0,0,0,0,0.02,7.44,0.03,4.18,2025-11-13T14:52:35.592Z,2025-11-13T14:52:35.592Z,,,,UPI,upi-apps,2025,Aug,,,,en
11200,83,Punjab Sind Bank Apps,0.02,6.63,0,0,0,0,1.87,240.77,0.02,6.63,2025-11-13T14:52:35.592Z,2025-11-13T14:52:35.592Z,,,,UPI,upi-apps,2025,Aug,,,,en
11201,84,Others,2.24,266.66,0,0,0.16,6.35,,,2.41,273.01,2025-11-13T14:52:35.592Z,2025-11-13T14:52:35.592Z,,,,UPI,upi-apps,2025,Aug,,,,en
11203,85,Others,2.15,238,0,0,0.16,6.14,,,2.31,244.14,2025-11-13T14:52:35.592Z,2025-11-13T14:52:35.592Z,,,,UPI,upi-apps,2025,Aug,,,,en
10948,1,PhonePe,"8,961.78","12,03,787.91",0.00,0.00,0.00,0.00,0,0,"8,961.78","12,03,787.91",2025-10-14T05:39:46.181Z,2025-10-14T05:39:46.181Z,,,,UPI,upi-apps,2025,Sep,,,,en
10949,2,Google Pay #,"6,832.93","8,73,639.91",0.00,0.00,0.00,0.00,0,0,"6,832.93","8,73,639.91",2025-10-14T05:39:46.181Z,2025-10-14T05:39:46.181Z,,,,UPI,upi-apps,2025,Sep,,,,en
10950,3,Paytm,"1,394.07","1,45,134.78",0.00,0.00,0.00,0.00,0,0,"1,394.07","1,45,134.78",2025-10-14T05:39:46.181Z,2025-10-14T05:39:46.181Z,,,,UPI,upi-apps,2025,Sep,,,,en
10951,4,Navi #,526.02,"26,510.97",0.00,0.00,0.00,0.00,0,0,526.02,"26,510.97",2025-10-14T05:39:46.181Z,2025-10-14T05:39:46.181Z,,,,UPI,upi-apps,2025,Sep,,,,en
10952,5,super.money #,256.34,"9,852.44",0.00,0.00,0.00,0.00,0,0,256.34,"9,852.44",2025-10-14T05:39:46.181Z,2025-10-14T05:39:46.181Z,,,,UPI,upi-apps,2025,Sep,,,,en
10953,6,Axis Bank Apps,29.21,"5,381.50",128.83,"9,528.33",0.01,1.53,0,0,158.05,"14,911.36",2025-10-14T05:39:46.181Z,2025-10-14T05:39:46.181Z,,,,UPI,upi-apps,2025,Sep,,,,en
10954,7,Cred #,147.86,"54,796.41",0.00,0.00,0.00,0.00,0,0,147.86,"54,796.41",2025-10-14T05:39:46.181Z,2025-10-14T05:39:46.181Z,,,,UPI,upi-apps,2025,Sep,,,,en
10955,8,FamApp by Trio #,140.01,"1,751.77",0.00,0.00,0.00,0.00,0,0,140.01,"1,751.77",2025-10-14T05:39:46.181Z,2025-10-14T05:39:46.181Z,,,,UPI,upi-apps,2025,Sep,,,,en
10956,9,BHIM,110.84,"16,273.38",0.00,0.00,0.00,0.00,0,0,110.84,"16,273.38",2025-10-14T05:39:46.181Z,2025-12-23T06:55:58.427Z,,,1.0,UPI,upi-apps,2025,Sep,,,,en
10957,10,Amazon Pay #,91.40,"10,234.84",0.00,0.00,0.00,0.00,0,0,91.40,"10,234.84",2025-10-14T05:39:46.181Z,2025-10-14T05:39:46.181Z,,,,UPI,upi-apps,2025,Sep,,,,en
10958,11,Whatsapp #,79.75,"5,768.86",0.00,0.00,0.00,0.00,0,0,79.75,"5,768.86",2025-10-14T05:39:46.181Z,2025-10-14T05:39:46.181Z,,,,UPI,upi-apps,2025,Sep,,,,en
10959,12,Kotak Mahindra Bank Apps,75.46,"9,168.77",0.00,0.00,0.00,0.00,0,0,75.46,"9,168.77",2025-10-14T05:39:46.181Z,2025-10-14T05:39:46.181Z,,,,UPI,upi-apps,2025,Sep,,,,en
10960,13,HDFC Bank Apps,48.29,"16,409.20",26.30,10.60,0.01,0.84,0,0,74.60,"16,420.63",2025-10-14T05:39:46.181Z,2025-10-14T05:39:46.181Z,,,,UPI,upi-apps,2025,Sep,,,,en
10961,14,ICICI Bank Apps,71.63,"14,491.28",0.02,16.91,2.45,"2,116.41",0,0,74.10,"16,624.59",2025-10-14T05:39:46.181Z,2025-10-14T05:39:46.181Z,,,,UPI,upi-apps,2025,Sep,,,,en
10962,15,POP UPI,51.61,"1,953.68",0.00,0.00,0.00,0.00,0,0,51.61,"1,953.68",2025-10-14T05:39:46.181Z,2026-02-26T10:13:31.632Z,,,1.0,UPI,upi-apps,2025,Sep,,,,en
10963,16,Yes Bank Apps,47.37,"6,735.08",0.00,0.00,0.38,23.35,0,0,47.75,"6,758.44",2025-10-14T05:39:46.181Z,2025-10-14T05:39:46.181Z,,,,UPI,upi-apps,2025,Sep,,,,en
10964,17,Mobikwik #,46.95,"5,761.51",0.00,0.00,0.00,0.00,0,0,46.95,"5,761.51",2025-10-14T05:39:46.181Z,2025-10-14T05:39:46.181Z,,,,UPI,upi-apps,2025,Sep,,,,en
10965,18,Slice Small Finance Bank Apps,22.62,"3,014.80",0.00,0.00,0.00,0.00,0,0,22.62,"3,014.80",2025-10-14T05:39:46.181Z,2025-10-14T05:39:46.181Z,,,,UPI,upi-apps,2025,Sep,,,,en
10966,19,Airtel Payments Bank Apps,17.34,"1,290.54",0.00,0.00,0.00,0.00,0,0,17.34,"1,290.54",2025-10-14T05:39:46.181Z,2025-10-14T05:39:46.181Z,,,,UPI,upi-apps,2025,Sep,,,,en
10967,20,India Post Payments Bank Apps,16.81,"1,625.33",0.00,0.00,0.00,0.00,0,0,16.81,"1,625.33",2025-10-14T05:39:46.181Z,2025-10-14T05:39:46.181Z,,,,UPI,upi-apps,2025,Sep,,,,en
10968,21,Bharat Pe #,16.05,"1,357.79",0.00,0.00,0.02,0.00,0,0,16.07,"1,357.79",2025-10-14T05:39:46.181Z,2025-10-14T05:39:46.181Z,,,,UPI,upi-apps,2025,Sep,,,,en
10977,22,Groww #,14.17,"10,098.51",0.00,0.00,0.00,0.00,0,0,14.17,"10,098.51",2025-10-14T05:39:46.181Z,2025-10-14T05:39:46.181Z,,,,UPI,upi-apps,2025,Sep,,,,en
10969,23,IDFC Bank Apps,12.99,"2,718.60",0.00,0.03,0.15,0.16,0,0,13.14,"2,718.78",2025-10-14T05:39:46.181Z,2025-10-14T05:39:46.181Z,,,,UPI,upi-apps,2025,Sep,,,,en
10970,24,State Bank of India Apps,12.18,"3,614.58",0.00,0.00,0.00,0.00,0,0,12.18,"3,614.58",2025-10-14T05:39:46.181Z,2025-10-14T05:39:46.181Z,,,,UPI,upi-apps,2025,Sep,,,,en
10971,25,Bajaj Finserv,12.01,"2,520.30",0.00,0.00,0.00,0.00,0,0,12.01,"2,520.30",2025-10-14T05:39:46.181Z,2025-10-14T05:39:46.181Z,,,,UPI,upi-apps,2025,Sep,,,,en
10972,26,Samsung Pay #,9.90,676.36,0.00,0.00,0.00,0.00,0,0,9.90,676.36,2025-10-14T05:39:46.181Z,2025-10-14T05:39:46.181Z,,,,UPI,upi-apps,2025,Sep,,,,en
10973,27,RBL Bank Apps,7.79,"1,512.34",0.00,0.00,0.12,33.77,0,0,7.92,"1,546.10",2025-10-14T05:39:46.181Z,2025-10-14T05:39:46.181Z,,,,UPI,upi-apps,2025,Sep,,,,en
10974,28,Federal Bank Apps,6.61,"1,330.79",0.00,0.00,0.00,0.00,0,0,6.61,"1,330.79",2025-10-14T05:39:46.181Z,2025-10-14T05:39:46.181Z,,,,UPI,upi-apps,2025,Sep,,,,en
10975,29,Jupiter Money #,6.06,958.38,0.00,0.00,0.00,0.00,0,0,6.06,958.38,2025-10-14T05:39:46.181Z,2025-10-14T05:39:46.181Z,,,,UPI,upi-apps,2025,Sep,,,,en
10976,30,Jio Payments Bank Apps,5.00,344.89,0.00,0.00,0.00,0.00,0,0,5.00,344.89,2025-10-14T05:39:46.182Z,2025-10-14T05:39:46.182Z,,,,UPI,upi-apps,2025,Sep,,,,en
10978,31,Deutsche Bank Apps,4.63,764.92,0.00,0.00,0.00,0.46,0,0,4.63,765.38,2025-10-14T05:39:46.182Z,2025-10-14T05:39:46.182Z,,,,UPI,upi-apps,2025,Sep,,,,en
10979,32,Canara Bank Apps,4.27,"1,049.05",0.00,0.00,0.00,0.00,0,0,4.27,"1,049.05",2025-10-14T05:39:46.182Z,2025-10-14T05:39:46.182Z,,,,UPI,upi-apps,2025,Sep,,,,en
10980,33,Punjab National Bank Apps,3.88,983.32,0.00,0.00,0.00,0.00,0,0,3.88,983.32,2025-10-14T05:39:46.182Z,2025-10-14T05:39:46.182Z,,,,UPI,upi-apps,2025,Sep,,,,en
10981,34,Flipkart UPI #,3.58,263.48,0.00,0.00,0.00,0.00,0,0,3.58,263.48,2025-10-14T05:39:46.182Z,2025-10-14T05:39:46.182Z,,,,UPI,upi-apps,2025,Sep,,,,en
10982,35,Timepay #,2.98,41.89,0.00,0.00,0.00,0.00,0,0,2.98,41.89,2025-10-14T05:39:46.182Z,2025-10-14T05:39:46.182Z,,,,UPI,upi-apps,2025,Sep,,,,en
10983,36,Fi Money #,2.66,382.26,0.00,0.00,0.00,0.00,0,0,2.66,382.26,2025-10-14T05:39:46.182Z,2025-10-14T05:39:46.182Z,,,,UPI,upi-apps,2025,Sep,,,,en
10984,37,Ind Money #,2.61,870.13,0.00,0.00,0.00,0.00,0,0,2.61,870.13,2025-10-14T05:39:46.182Z,2025-10-14T05:39:46.182Z,,,,UPI,upi-apps,2025,Sep,,,,en
10985,38,Bank of Baroda Apps,2.59,611.74,0.00,0.00,0.00,0.00,0,0,2.59,611.74,2025-10-14T05:39:46.182Z,2025-10-14T05:39:46.182Z,,,,UPI,upi-apps,2025,Sep,,,,en
10994,39,Kiwi #,2.50,306.62,0.00,0.00,0.00,0.00,0,0,2.50,306.62,2025-10-14T05:39:46.182Z,2025-10-14T05:39:46.182Z,,,,UPI,upi-apps,2025,Sep,,,,en
10986,40,Jammu and Kashmir Bank Apps,2.38,348.51,0.00,0.00,0.00,0.00,0,0,2.38,348.51,2025-10-14T05:39:46.182Z,2025-10-14T05:39:46.182Z,,,,UPI,upi-apps,2025,Sep,,,,en
10987,41,NSDL Payments Bank Apps,1.95,210.27,0.00,0.00,0.10,6.03,0,0,2.05,216.31,2025-10-14T05:39:46.182Z,2025-10-14T05:39:46.182Z,,,,UPI,upi-apps,2025,Sep,,,,en
10988,42,Omni Card,1.86,118.22,0.00,0.00,0.00,0.00,0,0,1.86,118.22,2025-10-14T05:39:46.182Z,2025-10-14T05:39:46.182Z,,,,UPI,upi-apps,2025,Sep,,,,en
10989,43,Shri Ram One,1.81,136.08,0.00,0.00,0.00,0.00,0,0,1.81,136.08,2025-10-14T05:39:46.182Z,2025-10-14T05:39:46.182Z,,,,UPI,upi-apps,2025,Sep,,,,en
10990,44,Suryoday Bank Apps,1.67,11.34,0.00,0.00,0.01,2.13,0,0,1.68,13.47,2025-10-14T05:39:46.182Z,2025-10-14T05:39:46.182Z,,,,UPI,upi-apps,2025,Sep,,,,en
10991,45,IndusInd Bank Apps,1.67,222.41,0.00,0.00,0.00,0.00,0,0,1.67,222.41,2025-10-14T05:39:46.182Z,2025-10-14T05:39:46.182Z,,,,UPI,upi-apps,2025,Sep,,,,en
10992,46,Indian Bank Apps,1.38,316.14,0.00,0.00,0.00,0.00,0,0,1.38,316.14,2025-10-14T05:39:46.182Z,2025-10-14T05:39:46.182Z,,,,UPI,upi-apps,2025,Sep,,,,en
10993,47,HSBC Bank Apps,1.21,145.51,0.01,0.25,0.00,0.13,0,0,1.22,145.89,2025-10-14T05:39:46.182Z,2025-10-14T05:39:46.182Z,,,,UPI,upi-apps,2025,Sep,,,,en
11003,48,Money View #,1.09,87.15,0.00,0.00,0.00,0.00,0,0,1.09,87.15,2025-10-14T05:39:46.182Z,2025-10-14T05:39:46.182Z,,,,UPI,upi-apps,2025,Sep,,,,en
10995,49,Digikhata,1.05,352.31,0.00,0.00,0.00,0.00,0,0,1.05,352.31,2025-10-14T05:39:46.182Z,2025-10-14T05:39:46.182Z,,,,UPI,upi-apps,2025,Sep,,,,en
10996,50,South Indian Bank Apps,0.86,248.26,0.00,0.00,0.00,0.00,0,0,0.86,248.26,2025-10-14T05:39:46.182Z,2025-10-14T05:39:46.182Z,,,,UPI,upi-apps,2025,Sep,,,,en
10997,51,Fino Payments Bank Apps,0.78,69.88,0.00,0.00,0.00,0.00,0,0,0.78,69.88,2025-10-14T05:39:46.182Z,2025-10-14T05:39:46.182Z,,,,UPI,upi-apps,2025,Sep,,,,en
10998,52,Union Bank Apps,0.73,232.38,0.00,0.00,0.00,0.00,0,0,0.73,232.38,2025-10-14T05:39:46.182Z,2025-10-14T05:39:46.182Z,,,,UPI,upi-apps,2025,Sep,,,,en
10999,53,DBS Digibank Apps,0.72,250.56,0.00,0.00,0.00,0.34,0,0,0.73,250.90,2025-10-14T05:39:46.182Z,2025-10-14T05:39:46.182Z,,,,UPI,upi-apps,2025,Sep,,,,en
11000,54,One Card,0.71,827.92,0.00,0.00,0.00,0.00,0,0,0.71,827.92,2025-10-14T05:39:46.182Z,2025-10-14T05:39:46.182Z,,,,UPI,upi-apps,2025,Sep,,,,en
11001,55,AU Small Finance Bank Apps,0.69,221.41,0.00,0.00,0.00,0.00,0,0,0.69,221.41,2025-10-14T05:39:46.182Z,2025-10-14T05:39:46.182Z,,,,UPI,upi-apps,2025,Sep,,,,en
11002,56,ESAF Small Finance Bank Apps,0.67,65.43,0.00,0.00,0.00,0.00,0,0,0.67,65.43,2025-10-14T05:39:46.182Z,2025-10-14T05:39:46.182Z,,,,UPI,upi-apps,2025,Sep,,,,en
11013,57,Kredit Pe #,0.67,54.86,0.00,0.00,0.00,0.00,0,0,0.67,54.86,2025-10-14T05:39:46.182Z,2025-10-14T05:39:46.182Z,,,,UPI,upi-apps,2025,Sep,,,,en
11004,58,Aditya Birla Capital Digital,0.56,25.14,0.00,0.00,0.00,0.00,0,0,0.56,25.14,2025-10-14T05:39:46.182Z,2025-10-14T05:39:46.182Z,,,,UPI,upi-apps,2025,Sep,,,,en
11005,59,Central Bank of India Apps,0.55,137.29,0.00,0.00,0.00,0.00,0,0,0.55,137.29,2025-10-14T05:39:46.182Z,2025-10-14T05:39:46.182Z,,,,UPI,upi-apps,2025,Sep,,,,en
11006,60,UCO Bank Apps,0.54,140.39,0.00,0.00,0.00,0.00,0,0,0.54,140.39,2025-10-14T05:39:46.182Z,2025-10-14T05:39:46.182Z,,,,UPI,upi-apps,2025,Sep,,,,en
11007,61,Tata Pay #,0.50,159.60,0.00,0.00,0.00,0.00,0,0,0.50,159.60,2025-10-14T05:39:46.182Z,2025-10-14T05:39:46.182Z,,,,UPI,upi-apps,2025,Sep,,,,en
11008,62,Salary Se #,0.49,22.88,0.00,0.00,0.00,0.00,0,0,0.49,22.88,2025-10-14T05:39:46.182Z,2025-10-14T05:39:46.182Z,,,,UPI,upi-apps,2025,Sep,,,,en
11009,63,Bank of India Apps,0.32,101.51,0.00,0.00,0.00,0.00,0,0,0.32,101.51,2025-10-14T05:39:46.182Z,2025-10-14T05:39:46.182Z,,,,UPI,upi-apps,2025,Sep,,,,en
11010,64,Spice Money,0.30,28.07,0.00,0.00,0.00,0.00,0,0,0.30,28.07,2025-10-14T05:39:46.182Z,2025-10-14T05:39:46.182Z,,,,UPI,upi-apps,2025,Sep,,,,en
11011,65,Karnataka Bank Apps,0.27,62.55,0.00,0.00,0.00,0.03,0,0,0.27,62.58,2025-10-14T05:39:46.182Z,2025-10-14T05:39:46.182Z,,,,UPI,upi-apps,2025,Sep,,,,en
11012,66,Standard Chartered Bank Apps,0.25,113.45,0.00,0.00,0.00,0.18,0,0,0.25,113.63,2025-10-14T05:39:46.183Z,2025-10-14T05:39:46.183Z,,,,UPI,upi-apps,2025,Sep,,,,en
11014,67,Indian Overseas Bank Apps,0.24,62.77,0.00,0.00,0.00,0.00,0,0,0.24,62.77,2025-10-14T05:39:46.183Z,2025-10-14T05:39:46.183Z,,,,UPI,upi-apps,2025,Sep,,,,en
11015,68,Rapipay,0.23,24.83,0.00,0.00,0.00,0.00,0,0,0.23,24.83,2025-10-14T05:39:46.183Z,2025-10-14T05:39:46.183Z,,,,UPI,upi-apps,2025,Sep,,,,en
11016,69,Dhani,0.23,10.70,0.00,0.00,0.00,0.00,0,0,0.23,10.70,2025-10-14T05:39:46.183Z,2025-10-14T05:39:46.183Z,,,,UPI,upi-apps,2025,Sep,,,,en
11017,70,IDBI Bank Apps,0.17,69.18,0.00,0.00,0.00,0.00,0,0,0.17,69.18,2025-10-14T05:39:46.183Z,2025-10-14T05:39:46.183Z,,,,UPI,upi-apps,2025,Sep,,,,en
11018,71,Jar #,0.14,3.13,0.00,0.00,0.00,0.00,0,0,0.14,3.13,2025-10-14T05:39:46.183Z,2025-10-14T05:39:46.183Z,,,,UPI,upi-apps,2025,Sep,,,,en
11019,72,True Balance,0.13,4.49,0.00,0.00,0.00,0.00,0,0,0.13,4.49,2025-10-14T05:39:46.183Z,2025-10-14T05:39:46.183Z,,,,UPI,upi-apps,2025,Sep,,,,en
11020,73,Obopay,0.13,19.72,0.00,0.00,0.00,0.00,0,0,0.13,19.72,2025-10-14T05:39:46.183Z,2025-10-14T05:39:46.183Z,,,,UPI,upi-apps,2025,Sep,,,,en
11021,74,Karur Vysya Bank Apps,0.11,40.62,0.00,0.00,0.00,0.00,0,0,0.11,40.62,2025-10-14T05:39:46.183Z,2025-10-14T05:39:46.183Z,,,,UPI,upi-apps,2025,Sep,,,,en
11022,75,Tamilnad Mercantile Bank Apps,0.10,36.17,0.00,0.00,0.00,0.00,0,0,0.10,36.17,2025-10-14T05:39:46.183Z,2025-10-14T05:39:46.183Z,,,,UPI,upi-apps,2025,Sep,,,,en
11031,76,Ultracash #,0.09,6.96,0.00,0.00,0.00,0.00,0,0,0.09,6.96,2025-10-14T05:39:46.183Z,2025-10-14T05:39:46.183Z,,,,UPI,upi-apps,2025,Sep,,,,en
11023,77,City Union Bank Apps,0.08,31.81,0.00,0.00,0.00,0.00,0,0,0.08,31.81,2025-10-14T05:39:46.183Z,2025-10-14T05:39:46.183Z,,,,UPI,upi-apps,2025,Sep,,,,en
11024,78,Unity Small Finance Bank Apps,0.07,21.92,0.00,0.00,0.00,0.00,0,0,0.07,21.92,2025-10-14T05:39:46.183Z,2025-10-14T05:39:46.183Z,,,,UPI,upi-apps,2025,Sep,,,,en
11025,79,Niyo Global #,0.05,13.16,0.00,0.00,0.00,0.00,0,0,0.05,13.16,2025-10-14T05:39:46.183Z,2025-10-14T05:39:46.183Z,,,,UPI,upi-apps,2025,Sep,,,,en
11026,80,KreditBee #,0.05,2.18,0.00,0.00,0.00,0.00,0,0,0.05,2.18,2025-10-14T05:39:46.183Z,2025-10-14T05:39:46.183Z,,,,UPI,upi-apps,2025,Sep,,,,en
11027,81,Payworld,0.05,4.05,0.00,0.00,0.00,0.00,0,0,0.05,4.05,2025-10-14T05:39:46.183Z,2025-10-14T05:39:46.183Z,,,,UPI,upi-apps,2025,Sep,,,,en
11028,82,Utkarsh Small Finance Bank Apps,0.03,5.49,0.00,0.00,0.00,0.00,0,0,0.03,5.49,2025-10-14T05:39:46.183Z,2025-10-14T05:39:46.183Z,,,,UPI,upi-apps,2025,Sep,,,,en
11029,83,Freo #,0.03,1.96,0.00,0.00,0.00,0.00,0,0,0.03,1.96,2025-10-14T05:39:46.183Z,2025-10-14T05:39:46.183Z,,,,UPI,upi-apps,2025,Sep,,,,en
11030,84,Punjab Sind Bank Apps,0.02,7.21,0.00,0.00,0.00,0.00,0,0,0.02,7.21,2025-10-14T05:39:46.183Z,2025-10-14T05:39:46.183Z,,,,UPI,upi-apps,2025,Sep,,,,en
11033,85,Equitas Small Finance Bank Apps,0.02,7.23,0.00,0.00,0.00,0.00,0,0,0.02,7.23,2025-10-14T05:39:46.183Z,2025-10-14T05:39:46.183Z,,,,UPI,upi-apps,2025,Sep,,,,en
11032,86,Others,2.15,221.08,0.00,0.00,0.17,6.13,0,0,2.32,227.21,2025-10-14T05:39:46.183Z,2025-10-14T05:39:46.183Z,,,,UPI,upi-apps,2025,Sep,,,,en
12450,1,PhonePe,"9,410.55","13,06,265.20",0.00,0.00,0.00,0.00,0,0,"9,410.55","13,06,265.20",2026-02-09T07:02:25.965Z,2026-02-09T07:02:25.965Z,,,,UPI,upi-apps,2025,Oct,,,,en
12451,2,Google Pay #,"7,164.43","9,54,048.01",0.00,0.00,0.00,0.00,0,0,"7,164.43","9,54,048.01",2026-02-09T07:02:25.996Z,2026-02-09T07:02:25.996Z,,,,UPI,upi-apps,2025,Oct,,,,en
12452,3,Paytm,"1,498.54","1,66,629.10",0.00,0.00,0.00,0.00,0,0,"1,498.54","1,66,629.10",2026-02-09T07:02:26.008Z,2026-02-09T07:02:26.008Z,,,,UPI,upi-apps,2025,Oct,,,,en
12453,4,Navi #,573.79,"30,599.37",0.00,0.00,0.00,0.00,0,0,573.79,"30,599.37",2026-02-09T07:02:26.021Z,2026-02-09T07:02:26.021Z,,,,UPI,upi-apps,2025,Oct,,,,en
12454,5,super.money #,264.77,"10,962.09",0.00,0.00,0.00,0.00,0,0,264.77,"10,962.09",2026-02-09T07:02:26.032Z,2026-02-09T07:02:26.032Z,,,,UPI,upi-apps,2025,Oct,,,,en
12455,6,Cred #,157.99,"62,438.03",0.00,0.00,0.00,0.00,0,0,157.99,"62,438.03",2026-02-09T07:02:26.048Z,2026-02-09T07:02:26.048Z,,,,UPI,upi-apps,2025,Oct,,,,en
12456,7,FamApp by Trio #,146.03,"1,900.99",0.00,0.00,0.00,0.00,0,0,146.03,"1,900.99",2026-02-09T07:02:26.058Z,2026-02-09T07:02:26.058Z,,,,UPI,upi-apps,2025,Oct,,,,en
12457,8,BHIM,124.25,"19,376.26",0.00,0.00,0.00,0.00,0,0,124.25,"19,376.26",2026-02-09T07:02:26.069Z,2026-02-09T07:02:26.069Z,,,,UPI,upi-apps,2025,Oct,,,,en
12458,9,Axis Bank Apps,17.09,"4,666.78",96.34,"11,080.46",0.15,14.01,0,0,113.58,"15,761.25",2026-02-09T07:02:26.079Z,2026-02-09T07:02:26.079Z,,,,UPI,upi-apps,2025,Oct,,,,en
12459,10,Amazon Pay #,91.65,"10,710.43",0.00,0.00,0.00,0.00,0,0,91.65,"10,710.43",2026-02-09T07:02:26.091Z,2026-02-09T07:02:26.091Z,,,,UPI,upi-apps,2025,Oct,,,,en
12460,11,Kotak Mahindra Bank Apps,85.14,"10,842.53",0.00,0.44,0.00,0.00,0,0,85.14,"10,842.97",2026-02-09T07:02:26.101Z,2026-02-09T07:02:26.101Z,,,,UPI,upi-apps,2025,Oct,,,,en
12461,12,Whatsapp #,84.35,"6,512.78",0.00,0.00,0.00,0.00,0,0,84.35,"6,512.78",2026-02-09T07:02:26.113Z,2026-02-09T07:02:26.113Z,,,,UPI,upi-apps,2025,Oct,,,,en
12462,13,HDFC Bank Apps,34.58,"11,910.56",45.78,"6,712.15",0.01,0.99,0,0,80.37,"18,623.69",2026-02-09T07:02:26.123Z,2026-02-09T07:02:26.123Z,,,,UPI,upi-apps,2025,Oct,,,,en
12463,14,ICICI Bank Apps,23.03,"7,137.83",47.72,"8,686.08",2.45,"2,290.93",0,0,73.20,"18,114.84",2026-02-09T07:02:26.139Z,2026-02-09T07:02:26.139Z,,,,UPI,upi-apps,2025,Oct,,,,en
12464,15,Yes Bank Apps,3.57,"2,992.99",50.82,"4,478.84",0.43,23.86,0,0,54.81,"7,495.68",2026-02-09T07:02:26.178Z,2026-02-09T07:02:26.178Z,,,,UPI,upi-apps,2025,Oct,,,,en
12465,16,Mobikwik #,52.39,"6,500.58",0.00,0.00,0.00,0.00,0,0,52.39,"6,500.58",2026-02-09T07:02:26.232Z,2026-02-09T07:02:26.232Z,,,,UPI,upi-apps,2025,Oct,,,,en
12466,17,POP UPI,38.92,"1,700.27",0.00,0.00,0.00,0.00,0,0,38.92,"1,700.27",2026-02-09T07:02:27.512Z,2026-02-26T10:12:36.949Z,,,1.0,UPI,upi-apps,2025,Oct,,,,en
12467,18,Slice Small Finance Bank Apps,23.76,"2,519.29",1.34,635.84,0.00,0.02,0,0,25.10,"3,155.16",2026-02-09T07:02:27.527Z,2026-02-09T07:02:27.527Z,,,,UPI,upi-apps,2025,Oct,,,,en
12468,19,India Post Payments Bank Apps,17.97,"1,879.52",0.00,0.00,0.00,0.00,0,0,17.97,"1,879.52",2026-02-09T07:02:28.669Z,2026-02-09T07:02:28.669Z,,,,UPI,upi-apps,2025,Oct,,,,en
12492,20,Bharat Pe #,1.77,137.63,0.00,0.00,0.00,0.00,0,0,1.77,137.63,2026-02-09T07:02:28.967Z,2026-02-09T07:02:28.967Z,,,,UPI,upi-apps,2025,Oct,,,,en
12469,21,Airtel Payments Bank Apps,16.78,"1,285.71",0.65,54.31,0.00,0.00,0,0,17.43,"1,340.02",2026-02-09T07:02:28.683Z,2026-02-09T07:02:28.683Z,,,,UPI,upi-apps,2025,Oct,,,,en
12470,22,Groww #,15.87,"12,555.52",0.00,0.00,0.00,0.00,0,0,15.87,"12,555.52",2026-02-09T07:02:28.711Z,2026-02-09T07:02:28.711Z,,,,UPI,upi-apps,2025,Oct,,,,en
12471,23,IDFC Bank Apps,13.35,"2,977.47",0.37,64.05,0.02,0.21,0,0,13.74,"3,041.73",2026-02-09T07:02:28.723Z,2026-02-09T07:02:28.723Z,,,,UPI,upi-apps,2025,Oct,,,,en
12472,24,State Bank of India Apps,12.90,"4,041.63",0.00,0.01,0.00,0.00,0,0,12.90,"4,041.65",2026-02-09T07:02:28.734Z,2026-02-09T07:02:28.734Z,,,,UPI,upi-apps,2025,Oct,,,,en
12473,25,Bajaj Finserv #,12.82,"2,599.28",0.00,0.00,0.00,0.00,0,0,12.82,"2,599.28",2026-02-09T07:02:28.745Z,2026-02-09T07:02:28.745Z,,,,UPI,upi-apps,2025,Oct,,,,en
12474,26,Samsung Pay #,10.47,758.79,0.00,0.00,0.00,0.00,0,0,10.47,758.79,2026-02-09T07:02:28.757Z,2026-02-09T07:02:28.757Z,,,,UPI,upi-apps,2025,Oct,,,,en
12475,27,Federal Bank Apps,6.99,"1,621.30",0.00,5.27,0.00,0.00,0,0,6.99,"1,626.56",2026-02-09T07:02:28.769Z,2026-02-09T07:02:28.769Z,,,,UPI,upi-apps,2025,Oct,,,,en
12476,28,RBL Bank Apps,0.56,228.48,6.19,"1,717.37",0.18,37.41,0,0,6.92,"1,983.26",2026-02-09T07:02:28.784Z,2026-02-09T07:02:28.784Z,,,,UPI,upi-apps,2025,Oct,,,,en
12477,29,Jupiter Money #,6.06,991.43,0.00,0.00,0.00,0.00,0,0,6.06,991.43,2026-02-09T07:02:28.797Z,2026-02-09T07:02:28.797Z,,,,UPI,upi-apps,2025,Oct,,,,en
12478,30,Jio Payments Bank Apps,5.68,417.41,0.00,0.00,0.00,0.00,0,0,5.68,417.41,2026-02-09T07:02:28.807Z,2026-02-09T07:02:28.807Z,,,,UPI,upi-apps,2025,Oct,,,,en
12479,31,Deutsche Bank Apps,0.03,37.74,5.18,997.43,0.00,0.15,0,0,5.21,"1,035.32",2026-02-09T07:02:28.819Z,2026-02-09T07:02:28.819Z,,,,UPI,upi-apps,2025,Oct,,,,en
12480,32,Canara Bank Apps,4.37,"1,133.76",0.00,0.00,0.00,0.00,0,0,4.37,"1,133.76",2026-02-09T07:02:28.829Z,2026-02-09T07:02:28.829Z,,,,UPI,upi-apps,2025,Oct,,,,en
12481,33,Punjab National Bank Apps,4.15,"1,110.15",0.00,0.00,0.00,0.00,0,0,4.15,"1,110.15",2026-02-09T07:02:28.841Z,2026-02-09T07:02:28.841Z,,,,UPI,upi-apps,2025,Oct,,,,en
12482,34,NSDL Payments Bank Apps,0.12,12.18,3.22,348.40,0.13,7.81,0,0,3.47,368.39,2026-02-09T07:02:28.851Z,2026-02-09T07:02:28.851Z,,,,UPI,upi-apps,2025,Oct,,,,en
12483,35,Flipkart UPI #,3.31,208.86,0.00,0.00,0.00,0.00,0,0,3.31,208.86,2026-02-09T07:02:28.863Z,2026-02-09T07:02:28.863Z,,,,UPI,upi-apps,2025,Oct,,,,en
12484,36,Ind Money #,2.98,"1,121.61",0.00,0.00,0.00,0.00,0,0,2.98,"1,121.61",2026-02-09T07:02:28.874Z,2026-02-09T07:02:28.874Z,,,,UPI,upi-apps,2025,Oct,,,,en
12485,37,Kiwi #,2.92,403.52,0.00,0.00,0.00,0.00,0,0,2.92,403.52,2026-02-09T07:02:28.885Z,2026-02-09T07:02:28.885Z,,,,UPI,upi-apps,2025,Oct,,,,en
12486,38,Bank of Baroda Apps,2.77,721.61,0.00,0.00,0.00,1.67,0,0,2.77,723.28,2026-02-09T07:02:28.896Z,2026-02-09T07:02:28.896Z,,,,UPI,upi-apps,2025,Oct,,,,en
12490,39,Timepay #,1.94,38.42,0.00,0.00,0.00,0.00,0,0,1.94,38.42,2026-02-09T07:02:28.944Z,2026-02-09T07:02:28.944Z,,,,UPI,upi-apps,2025,Oct,,,,en
12487,40,Fi Money #,2.70,405.88,0.00,0.00,0.00,0.00,0,0,2.70,405.88,2026-02-09T07:02:28.909Z,2026-02-09T07:02:28.909Z,,,,UPI,upi-apps,2025,Oct,,,,en
12488,41,Jammu and Kashmir Bank Apps,2.66,419.17,0.00,0.00,0.00,0.00,0,0,2.66,419.17,2026-02-09T07:02:28.920Z,2026-02-09T07:02:28.920Z,,,,UPI,upi-apps,2025,Oct,,,,en
12489,43,Suryoday Bank Apps,-,-,2.29,13.31,0.01,1.02,0,0,2.30,14.34,2026-02-09T07:02:28.933Z,2026-02-09T07:02:28.933Z,,,,UPI,upi-apps,2025,Oct,,,,en
12491,44,Omni Card,1.92,128.78,0.00,0.00,0.00,0.00,0,0,1.92,128.78,2026-02-09T07:02:28.956Z,2026-02-09T07:02:28.956Z,,,,UPI,upi-apps,2025,Oct,,,,en
12493,45,IndusInd Bank Apps,0.53,141.01,1.06,83.24,0.00,0.00,0,0,1.58,224.25,2026-02-09T07:02:28.980Z,2026-02-09T07:02:28.980Z,,,,UPI,upi-apps,2025,Oct,,,,en
12494,46,HSBC Bank Apps,0.92,166.98,0.58,3.00,0.00,0.27,0,0,1.50,170.25,2026-02-09T07:02:28.990Z,2026-02-09T07:02:28.990Z,,,,UPI,upi-apps,2025,Oct,,,,en
12495,47,Indian Bank Apps,1.38,342.06,0.00,0.00,0.10,106.40,0,0,1.49,448.46,2026-02-09T07:02:29.005Z,2026-02-09T07:02:29.005Z,,,,UPI,upi-apps,2025,Oct,,,,en
12496,48,Shri Ram One #,1.43,121.39,0.00,0.00,0.00,0.00,0,0,1.43,121.39,2026-02-09T07:02:29.016Z,2026-02-09T07:02:29.016Z,,,,UPI,upi-apps,2025,Oct,,,,en
12497,49,Money View #,1.38,105.13,0.00,0.00,0.00,0.00,0,0,1.38,105.13,2026-02-09T07:02:29.027Z,2026-02-09T07:02:29.027Z,,,,UPI,upi-apps,2025,Oct,,,,en
12498,50,Digikhata,1.14,409.70,0.00,0.00,0.00,0.00,0,0,1.14,409.70,2026-02-09T07:02:29.613Z,2026-02-09T07:02:29.613Z,,,,UPI,upi-apps,2025,Oct,,,,en
12499,51,ESAF Small Finance Bank Apps,0.97,98.21,0.00,0.00,0.00,0.00,0,0,0.97,98.21,2026-02-09T07:02:32.685Z,2026-02-09T07:02:32.685Z,,,,UPI,upi-apps,2025,Oct,,,,en
12500,52,Fino Payments Bank Apps,0.91,82.72,0.00,0.00,0.00,0.00,0,0,0.91,82.72,2026-02-09T07:02:32.765Z,2026-02-09T07:02:32.765Z,,,,UPI,upi-apps,2025,Oct,,,,en
12501,53,South Indian Bank Apps,0.87,259.65,0.00,0.01,0.00,0.00,0,0,0.87,259.65,2026-02-09T07:02:33.348Z,2026-02-09T07:02:33.348Z,,,,UPI,upi-apps,2025,Oct,,,,en
12502,54,One Card #,0.73,904.13,0.00,0.00,0.00,0.00,0,0,0.73,904.13,2026-02-09T07:02:33.369Z,2026-02-09T07:02:33.369Z,,,,UPI,upi-apps,2025,Oct,,,,en
12503,55,Union Bank Apps,0.73,225.05,0.00,0.00,0.00,0.00,0,0,0.73,225.05,2026-02-09T07:02:33.379Z,2026-02-09T07:02:33.379Z,,,,UPI,upi-apps,2025,Oct,,,,en
12504,56,AU Small Finance Bank Apps,0.71,244.77,0.00,1.90,0.00,0.00,0,0,0.71,246.67,2026-02-09T07:02:33.388Z,2026-02-09T07:02:33.388Z,,,,UPI,upi-apps,2025,Oct,,,,en
12505,57,Kredit Pe #,0.63,56.41,0.00,0.00,0.00,0.00,0,0,0.63,56.41,2026-02-09T07:02:33.397Z,2026-02-09T07:02:33.397Z,,,,UPI,upi-apps,2025,Oct,,,,en
12506,58,DBS Digibank Apps,0.54,191.82,0.06,25.82,0.00,0.19,0,0,0.61,217.83,2026-02-09T07:02:33.411Z,2026-02-09T07:02:33.411Z,,,,UPI,upi-apps,2025,Oct,,,,en
12507,59,UCO Bank Apps,0.59,161.03,0.00,0.00,0.00,0.00,0,0,0.59,161.03,2026-02-09T07:02:33.422Z,2026-02-09T07:02:33.422Z,,,,UPI,upi-apps,2025,Oct,,,,en
12508,60,Tata Pay #,0.50,167.09,0.00,0.00,0.00,0.00,0,0,0.50,167.09,2026-02-09T07:02:33.431Z,2026-02-09T07:02:33.431Z,,,,UPI,upi-apps,2025,Oct,,,,en
12509,61,KreditBee #,0.50,13.90,0.00,0.00,0.00,0.00,0,0,0.50,13.90,2026-02-09T07:02:33.445Z,2026-02-09T07:02:33.445Z,,,,UPI,upi-apps,2025,Oct,,,,en
12510,62,Salary Se #,0.48,24.33,0.00,0.00,0.00,0.00,0,0,0.48,24.33,2026-02-09T07:02:33.457Z,2026-02-09T07:02:33.457Z,,,,UPI,upi-apps,2025,Oct,,,,en
12511,63,Jar #,0.46,10.67,0.00,0.00,0.00,0.00,0,0,0.46,10.67,2026-02-09T07:02:33.471Z,2026-02-09T07:02:33.471Z,,,,UPI,upi-apps,2025,Oct,,,,en
12512,64,Aditya Birla Capital Digital #,0.42,21.45,0.00,0.00,0.00,0.00,0,0,0.42,21.45,2026-02-09T07:02:33.482Z,2026-02-09T07:02:33.482Z,,,,UPI,upi-apps,2025,Oct,,,,en
12513,65,Central Bank of India Apps,0.40,115.39,0.00,0.00,0.00,0.00,0,0,0.40,115.39,2026-02-09T07:02:33.497Z,2026-02-09T07:02:33.497Z,,,,UPI,upi-apps,2025,Oct,,,,en
12514,66,Bank of India Apps,0.33,107.21,0.00,0.00,0.00,0.00,0,0,0.33,107.21,2026-02-09T07:02:33.507Z,2026-02-09T07:02:33.507Z,,,,UPI,upi-apps,2025,Oct,,,,en
12515,67,Spice Money,0.33,31.47,0.00,0.00,0.00,0.00,0,0,0.33,31.47,2026-02-09T07:02:33.522Z,2026-02-09T07:02:33.522Z,,,,UPI,upi-apps,2025,Oct,,,,en
12516,68,Standard Chartered Bank Apps,0.14,109.77,0.15,10.40,0.00,0.16,0,0,0.29,120.33,2026-02-09T07:02:33.533Z,2026-02-09T07:02:33.533Z,,,,UPI,upi-apps,2025,Oct,,,,en
12517,69,Rapipay,0.26,27.54,0.00,0.00,0.00,0.00,0,0,0.26,27.54,2026-02-09T07:02:33.546Z,2026-02-09T07:02:33.546Z,,,,UPI,upi-apps,2025,Oct,,,,en
12518,70,Karnataka Bank Apps,0.26,62.54,0.00,0.00,0.00,0.01,0,0,0.26,62.55,2026-02-09T07:02:33.557Z,2026-02-09T07:02:33.557Z,,,,UPI,upi-apps,2025,Oct,,,,en
12519,71,Dhani,0.24,10.84,0.00,0.00,0.00,0.00,0,0,0.24,10.84,2026-02-09T07:02:33.568Z,2026-02-09T07:02:33.568Z,,,,UPI,upi-apps,2025,Oct,,,,en
12520,72,Indian Overseas Bank Apps,0.21,59.47,0.00,0.00,0.00,0.00,0,0,0.21,59.47,2026-02-09T07:02:33.580Z,2026-02-09T07:02:33.580Z,,,,UPI,upi-apps,2025,Oct,,,,en
12521,73,IDBI Bank Apps,0.17,75.41,0.00,0.00,0.00,0.00,0,0,0.17,75.41,2026-02-09T07:02:33.591Z,2026-02-09T07:02:33.591Z,,,,UPI,upi-apps,2025,Oct,,,,en
12522,74,True Balance,0.15,5.04,0.00,0.00,0.00,0.00,0,0,0.15,5.04,2026-02-09T07:02:33.602Z,2026-02-09T07:02:33.602Z,,,,UPI,upi-apps,2025,Oct,,,,en
12523,75,Obopay,0.14,21.43,0.00,0.00,0.00,0.00,0,0,0.14,21.43,2026-02-09T07:02:33.612Z,2026-02-09T07:02:33.612Z,,,,UPI,upi-apps,2025,Oct,,,,en
12524,76,Karur Vysya Bank Apps,0.12,44.87,0.00,0.00,0.00,0.00,0,0,0.12,44.87,2026-02-09T07:02:33.624Z,2026-02-09T07:02:33.624Z,,,,UPI,upi-apps,2025,Oct,,,,en
12525,77,TwidPay #,0.10,10.90,0.00,0.00,0.00,0.00,0,0,0.10,10.90,2026-02-09T07:02:33.635Z,2026-02-09T07:02:33.635Z,,,,UPI,upi-apps,2025,Oct,,,,en
12526,78,Tamilnad Mercantile Bank Apps,0.10,35.99,0.00,0.00,0.00,0.00,0,0,0.10,35.99,2026-02-09T07:02:33.647Z,2026-02-09T07:02:33.647Z,,,,UPI,upi-apps,2025,Oct,,,,en
12527,79,Ultracash #,0.09,6.99,0.00,0.00,0.00,0.00,0,0,0.09,6.99,2026-02-09T07:02:33.658Z,2026-02-09T07:02:33.658Z,,,,UPI,upi-apps,2025,Oct,,,,en
12528,80,Unity Small Finance Bank Apps,0.08,25.74,0.00,0.00,0.00,0.00,0,0,0.08,25.74,2026-02-09T07:02:33.671Z,2026-02-09T07:02:33.671Z,,,,UPI,upi-apps,2025,Oct,,,,en
12529,81,City Union Bank Apps,0.08,32.76,0.00,0.00,0.00,0.00,0,0,0.08,32.76,2026-02-09T07:02:33.685Z,2026-02-09T07:02:33.685Z,,,,UPI,upi-apps,2025,Oct,,,,en
12530,82,Payworld,0.07,5.97,0.00,0.00,0.00,0.00,0,0,0.07,5.97,2026-02-09T07:02:33.697Z,2026-02-09T07:02:33.697Z,,,,UPI,upi-apps,2025,Oct,,,,en
12531,83,Punjab Sind Bank Apps,0.04,14.19,0.00,0.00,0.00,0.00,0,0,0.04,14.19,2026-02-09T07:02:33.708Z,2026-02-09T07:02:33.708Z,,,,UPI,upi-apps,2025,Oct,,,,en
12532,85,Freo #,0.03,2.10,0.00,0.00,0.00,0.00,0,0,0.03,2.10,2026-02-09T07:02:33.718Z,2026-02-09T07:02:33.718Z,,,,UPI,upi-apps,2025,Oct,,,,en
12533,86,Bank of Maharashtra Apps,0.03,6.86,0.00,0.00,0.00,2.60,0,0,0.03,9.46,2026-02-09T07:02:33.729Z,2026-02-09T07:02:33.729Z,,,,UPI,upi-apps,2025,Oct,,,,en
12534,87,Equitas Small Finance Bank Apps,0.02,7.76,0.00,0.00,0.00,0.00,0,0,0.02,7.76,2026-02-09T07:02:33.741Z,2026-02-09T07:02:33.741Z,,,,UPI,upi-apps,2025,Oct,,,,en
12535,88,Utkarsh Small Finance Bank Apps,0.02,5.64,0.00,0.00,0.00,0.00,0,0,0.02,5.64,2026-02-09T07:02:33.753Z,2026-02-09T07:02:33.753Z,,,,UPI,upi-apps,2025,Oct,,,,en
12536,89,Others,2.26,227.57,0.00,0.12,0.18,6.71,0,0,2.44,234.40,2026-02-09T07:02:33.766Z,2026-02-09T07:02:33.766Z,,,,UPI,upi-apps,2025,Oct,,,,en
12537,1,PhonePe,"9,322.29","12,74,723.47",0.00,0.00,0.00,0.00,0,0,"9,322.29","12,74,723.47",2026-02-09T07:04:37.559Z,2026-02-09T07:04:37.559Z,,,,UPI,upi-apps,2025,Nov,,,,en
12538,2,Google Pay #,"7,020.94","9,05,445.37",0.00,0.00,0.00,0.00,0,0,"7,020.94","9,05,445.37",2026-02-09T07:04:37.596Z,2026-02-09T07:04:37.596Z,,,,UPI,upi-apps,2025,Nov,,,,en
12539,3,Paytm,"1,518.95","1,63,210.19",0.00,0.00,0.00,0.00,0,0,"1,518.95","1,63,210.19",2026-02-09T07:04:37.607Z,2026-02-09T07:04:37.607Z,,,,UPI,upi-apps,2025,Nov,,,,en
12540,4,Navi #,606.61,"32,180.80",0.00,0.00,0.00,0.00,0,0,606.61,"32,180.80",2026-02-09T07:04:37.617Z,2026-02-09T07:04:37.617Z,,,,UPI,upi-apps,2025,Nov,,,,en
12541,5,super.money #,265.07,"10,569.55",0.00,0.00,0.00,0.00,0,0,265.07,"10,569.55",2026-02-09T07:04:37.628Z,2026-02-09T07:04:37.628Z,,,,UPI,upi-apps,2025,Nov,,,,en
12542,6,Cred #,153.54,"59,261.16",0.00,0.00,0.00,0.00,0,0,153.54,"59,261.16",2026-02-09T07:04:37.637Z,2026-02-09T07:04:37.637Z,,,,UPI,upi-apps,2025,Nov,,,,en
12543,7,FamApp by Trio #,149.79,"1,867.72",0.00,0.00,0.00,0.00,0,0,149.79,"1,867.72",2026-02-09T07:04:37.648Z,2026-02-09T07:04:37.648Z,,,,UPI,upi-apps,2025,Nov,,,,en
12544,8,BHIM,139.11,"18,280.83",0.00,0.00,0.00,0.00,0,0,139.11,"18,280.83",2026-02-09T07:04:37.657Z,2026-02-09T07:04:37.657Z,,,,UPI,upi-apps,2025,Nov,,,,en
12545,9,Axis Bank Apps,30.70,"5,053.53",102.87,"10,450.25",0.06,12.18,0,0,133.63,"15,515.97",2026-02-09T07:04:37.667Z,2026-02-09T07:04:37.667Z,,,,UPI,upi-apps,2025,Nov,,,,en
12547,10,Amazon Pay #,86.58,"9,909.89",0.00,0.00,0.00,0.00,0,0,86.58,"9,909.89",2026-02-09T07:04:37.690Z,2026-02-09T07:04:37.690Z,,,,UPI,upi-apps,2025,Nov,,,,en
12546,11,Whatsapp #,87.06,"7,168.01",0.00,0.00,0.00,0.00,0,0,87.06,"7,168.01",2026-02-09T07:04:37.679Z,2026-02-09T07:04:37.679Z,,,,UPI,upi-apps,2025,Nov,,,,en
12548,12,Kotak Mahindra Bank Apps,86.37,"10,392.95",0.01,0.50,0.00,0.00,0,0,86.37,"10,393.45",2026-02-09T07:04:37.702Z,2026-02-09T07:04:37.702Z,,,,UPI,upi-apps,2025,Nov,,,,en
12549,13,HDFC Bank Apps,32.78,"10,671.41",40.78,"6,123.52",0.01,0.86,0,0,73.57,"16,795.79",2026-02-09T07:04:37.713Z,2026-02-09T07:04:37.713Z,,,,UPI,upi-apps,2025,Nov,,,,en
12550,14,ICICI Bank Apps,22.35,"6,431.84",41.01,"8,583.95",2.37,"2,141.13",0,0,65.74,"17,156.92",2026-02-09T07:04:37.723Z,2026-02-09T07:04:37.723Z,,,,UPI,upi-apps,2025,Nov,,,,en
12551,15,Mobikwik #,56.52,"6,916.48",0.00,0.00,0.00,0.00,0,0,56.52,"6,916.48",2026-02-09T07:04:37.733Z,2026-02-09T07:04:37.733Z,,,,UPI,upi-apps,2025,Nov,,,,en
12552,16,Yes Bank Apps,3.52,"2,879.46",43.44,"3,482.04",0.40,22.67,0,0,47.37,"6,384.17",2026-02-09T07:04:37.742Z,2026-02-09T07:04:37.742Z,,,,UPI,upi-apps,2025,Nov,,,,en
12553,17,Slice Small Finance Bank Apps,28.27,"2,774.41",1.05,396.95,0.00,1.56,0,0,29.32,"3,172.92",2026-02-09T07:04:37.753Z,2026-02-09T07:04:37.753Z,,,,UPI,upi-apps,2025,Nov,,,,en
12554,18,India Post Payments Bank Apps,19.17,"1,912.88",0.00,0.00,0.00,0.00,0,0,19.17,"1,912.89",2026-02-09T07:04:37.766Z,2026-02-09T07:04:37.766Z,,,,UPI,upi-apps,2025,Nov,,,,en
12576,19,Bharat Pe #,2.28,177.52,0.00,0.00,0.00,0.00,0,0,2.28,177.52,2026-02-09T07:04:40.891Z,2026-02-09T07:04:40.891Z,,,,UPI,upi-apps,2025,Nov,,,,en
12555,20,Airtel Payments Bank Apps,15.08,"1,202.76",0.65,61.10,0.00,0.00,0,0,15.73,"1,263.86",2026-02-09T07:04:37.783Z,2026-02-09T07:04:37.783Z,,,,UPI,upi-apps,2025,Nov,,,,en
12556,21,IDFC Bank Apps,13.22,"2,886.78",2.15,68.42,0.02,0.19,0,0,15.38,"2,955.39",2026-02-09T07:04:37.798Z,2026-02-09T07:04:37.798Z,,,,UPI,upi-apps,2025,Nov,,,,en
12557,22,POP UPI,14.58,834.96,0.00,0.00,0.00,0.00,0,0,14.58,834.96,2026-02-09T07:04:37.811Z,2026-02-26T10:12:23.163Z,,,1.0,UPI,upi-apps,2025,Nov,,,,en
12558,23,Groww #,14.28,"9,763.15",0.00,0.00,0.00,0.00,0,0,14.28,"9,763.15",2026-02-09T07:04:40.127Z,2026-02-09T07:04:40.127Z,,,,UPI,upi-apps,2025,Nov,,,,en
12559,24,State Bank of India Apps,13.17,"3,838.91",0.00,0.02,0.00,0.00,0,0,13.17,"3,838.92",2026-02-09T07:04:40.137Z,2026-02-09T07:04:40.137Z,,,,UPI,upi-apps,2025,Nov,,,,en
12560,25,Bajaj Finserv #,12.87,"2,750.64",0.00,0.00,0.00,0.00,0,0,12.87,"2,750.64",2026-02-09T07:04:40.717Z,2026-02-09T07:04:40.717Z,,,,UPI,upi-apps,2025,Nov,,,,en
12561,26,Samsung Pay #,11.21,716.66,0.00,0.00,0.00,0.00,0,0,11.21,716.66,2026-02-09T07:04:40.727Z,2026-02-09T07:04:40.727Z,,,,UPI,upi-apps,2025,Nov,,,,en
12562,27,RBL Bank Apps,0.52,202.34,6.13,"1,985.96",0.25,40.20,0,0,6.90,"2,228.50",2026-02-09T07:04:40.753Z,2026-02-09T07:04:40.753Z,,,,UPI,upi-apps,2025,Nov,,,,en
12563,28,Federal Bank Apps,6.37,"1,576.12",0.00,5.45,0.00,0.00,0,0,6.38,"1,581.57",2026-02-09T07:04:40.763Z,2026-02-09T07:04:40.763Z,,,,UPI,upi-apps,2025,Nov,,,,en
12564,29,Jupiter Money #,6.04,935.10,0.00,0.00,0.00,0.00,0,0,6.04,935.10,2026-02-09T07:04:40.773Z,2026-02-09T07:04:40.773Z,,,,UPI,upi-apps,2025,Nov,,,,en
12565,30,Jio Payments Bank Apps,5.92,418.34,0.00,0.00,0.00,0.00,0,0,5.92,418.34,2026-02-09T07:04:40.783Z,2026-02-09T07:04:40.783Z,,,,UPI,upi-apps,2025,Nov,,,,en
12566,31,Deutsche Bank Apps,0.03,34.78,4.35,723.43,0.00,2.54,0,0,4.39,760.75,2026-02-09T07:04:40.792Z,2026-02-09T07:04:40.792Z,,,,UPI,upi-apps,2025,Nov,,,,en
12567,32,Canara Bank Apps,4.35,"1,074.18",0.00,0.00,0.00,0.00,0,0,4.35,"1,074.18",2026-02-09T07:04:40.803Z,2026-02-09T07:04:40.803Z,,,,UPI,upi-apps,2025,Nov,,,,en
12568,33,Punjab National Bank Apps,4.03,"1,040.95",0.00,0.00,0.00,0.00,0,0,4.03,"1,040.95",2026-02-09T07:04:40.812Z,2026-02-09T07:04:40.812Z,,,,UPI,upi-apps,2025,Nov,,,,en
12569,34,NSDL Payments Bank Apps,0.14,13.01,3.22,299.76,0.12,6.79,0,0,3.48,319.56,2026-02-09T07:04:40.822Z,2026-02-09T07:04:40.822Z,,,,UPI,upi-apps,2025,Nov,,,,en
12570,35,Kiwi #,3.08,404.62,0.00,0.00,0.00,0.00,0,0,3.08,404.62,2026-02-09T07:04:40.831Z,2026-02-09T07:04:40.831Z,,,,UPI,upi-apps,2025,Nov,,,,en
12571,36,Ind Money #,3.02,994.89,0.00,0.00,0.00,0.00,0,0,3.02,994.89,2026-02-09T07:04:40.841Z,2026-02-09T07:04:40.841Z,,,,UPI,upi-apps,2025,Nov,,,,en
12572,37,Bank of Baroda Apps,2.74,649.77,0.00,0.00,0.00,3.75,0,0,2.74,653.52,2026-02-09T07:04:40.852Z,2026-02-09T07:04:40.852Z,,,,UPI,upi-apps,2025,Nov,,,,en
12577,38,Timepay #,2.00,39.98,0.00,0.00,0.00,0.00,0,0,2.00,39.98,2026-02-09T07:04:40.900Z,2026-02-09T07:04:40.900Z,,,,UPI,upi-apps,2025,Nov,,,,en
12573,39,Flipkart UPI #,2.66,146.29,0.00,0.00,0.00,0.00,0,0,2.66,146.29,2026-02-09T07:04:40.861Z,2026-02-09T07:04:40.861Z,,,,UPI,upi-apps,2025,Nov,,,,en
12574,40,Fi Money #,2.58,375.77,0.00,0.00,0.00,0.00,0,0,2.58,375.77,2026-02-09T07:04:40.871Z,2026-02-09T07:04:40.871Z,,,,UPI,upi-apps,2025,Nov,,,,en
12575,41,Jammu and Kashmir Bank Apps,2.42,378.25,0.00,0.00,0.00,0.00,0,0,2.42,378.25,2026-02-09T07:04:40.881Z,2026-02-09T07:04:40.881Z,,,,UPI,upi-apps,2025,Nov,,,,en
12578,42,Omni Card,1.90,129.21,0.00,0.00,0.00,0.00,0,0,1.90,129.21,2026-02-09T07:04:40.910Z,2026-02-09T07:04:40.910Z,,,,UPI,upi-apps,2025,Nov,,,,en
12579,43,Suryoday Bank Apps,0.00,0.00,1.88,2.40,0.01,1.15,0,0,1.89,3.55,2026-02-09T07:04:40.920Z,2026-02-09T07:04:40.920Z,,,,UPI,upi-apps,2025,Nov,,,,en
12580,44,Indian Bank Apps,1.42,323.95,0.00,0.00,0.10,98.70,0,0,1.52,422.65,2026-02-09T07:04:40.929Z,2026-02-09T07:04:40.929Z,,,,UPI,upi-apps,2025,Nov,,,,en
12581,45,Money View #,1.41,98.11,0.00,0.00,0.00,0.00,0,0,1.41,98.11,2026-02-09T07:04:40.941Z,2026-02-09T07:04:40.941Z,,,,UPI,upi-apps,2025,Nov,,,,en
12582,46,IndusInd Bank Apps,0.52,131.55,0.87,80.73,0.00,0.00,0,0,1.39,212.28,2026-02-09T07:04:40.951Z,2026-02-09T07:04:40.951Z,,,,UPI,upi-apps,2025,Nov,,,,en
12583,47,Shri Ram One #,1.39,108.40,0.00,0.00,0.00,0.00,0,0,1.39,108.40,2026-02-09T07:04:40.962Z,2026-02-09T07:04:40.962Z,,,,UPI,upi-apps,2025,Nov,,,,en
12584,48,HSBC Bank Apps,0.84,155.18,0.41,2.78,0.00,0.16,0,0,1.26,158.12,2026-02-09T07:04:40.973Z,2026-02-09T07:04:40.973Z,,,,UPI,upi-apps,2025,Nov,,,,en
12585,49,ESAF Small Finance Bank Apps,1.19,127.39,0.00,0.00,0.00,0.00,0,0,1.19,127.39,2026-02-09T07:04:40.983Z,2026-02-09T07:04:40.983Z,,,,UPI,upi-apps,2025,Nov,,,,en
12586,50,Digikhata,1.16,412.73,0.00,0.00,0.00,0.00,0,0,1.16,412.73,2026-02-09T07:04:40.993Z,2026-02-09T07:04:40.993Z,,,,UPI,upi-apps,2025,Nov,,,,en
12587,51,Aditya Birla Capital Digital #,1.11,24.14,0.00,0.00,0.00,0.00,0,0,1.11,24.14,2026-02-09T07:04:41.002Z,2026-02-09T07:04:41.002Z,,,,UPI,upi-apps,2025,Nov,,,,en
12588,52,KreditBee #,1.06,37.32,0.00,0.00,0.00,0.00,0,0,1.06,37.32,2026-02-09T07:04:41.013Z,2026-02-09T07:04:41.013Z,,,,UPI,upi-apps,2025,Nov,,,,en
12589,53,Fino Payments Bank Apps,0.96,83.45,0.00,0.00,0.00,0.00,0,0,0.96,83.45,2026-02-09T07:04:41.022Z,2026-02-09T07:04:41.022Z,,,,UPI,upi-apps,2025,Nov,,,,en
12590,54,Union Bank Apps,0.88,250.09,0.00,0.00,0.00,0.00,0,0,0.88,250.09,2026-02-09T07:04:41.032Z,2026-02-09T07:04:41.032Z,,,,UPI,upi-apps,2025,Nov,,,,en
12591,55,South Indian Bank Apps,0.84,243.72,0.00,0.01,0.00,0.00,0,0,0.84,243.72,2026-02-09T07:04:41.041Z,2026-02-09T07:04:41.041Z,,,,UPI,upi-apps,2025,Nov,,,,en
12592,56,AU Small Finance Bank Apps,0.73,240.02,0.00,1.66,0.00,0.00,0,0,0.73,241.68,2026-02-09T07:04:41.051Z,2026-02-09T07:04:41.051Z,,,,UPI,upi-apps,2025,Nov,,,,en
12593,57,One Card #,0.63,793.04,0.00,0.00,0.00,0.00,0,0,0.63,793.04,2026-02-09T07:04:41.060Z,2026-02-09T07:04:41.060Z,,,,UPI,upi-apps,2025,Nov,,,,en
12594,58,Kredit Pe #,0.60,53.81,0.00,0.00,0.00,0.00,0,0,0.60,53.81,2026-02-09T07:04:41.071Z,2026-02-09T07:04:41.071Z,,,,UPI,upi-apps,2025,Nov,,,,en
12595,59,DBS Digibank Apps,0.52,172.45,0.06,30.12,0.00,0.45,0,0,0.58,203.03,2026-02-09T07:04:41.080Z,2026-02-09T07:04:41.080Z,,,,UPI,upi-apps,2025,Nov,,,,en
12596,60,UCO Bank Apps,0.58,154.26,0.00,0.00,0.00,0.00,0,0,0.58,154.26,2026-02-09T07:04:41.090Z,2026-02-09T07:04:41.090Z,,,,UPI,upi-apps,2025,Nov,,,,en
12597,61,Salary Se #,0.48,23.87,0.00,0.00,0.00,0.00,0,0,0.48,23.87,2026-02-09T07:04:41.099Z,2026-02-09T07:04:41.099Z,,,,UPI,upi-apps,2025,Nov,,,,en
12598,62,Central Bank of India Apps,0.42,126.34,0.00,0.00,0.00,0.00,0,0,0.42,126.34,2026-02-09T07:04:41.110Z,2026-02-09T07:04:41.110Z,,,,UPI,upi-apps,2025,Nov,,,,en
12599,63,Tata Pay #,0.42,148.43,0.00,0.00,0.00,0.00,0,0,0.42,148.43,2026-02-09T07:04:41.124Z,2026-02-09T07:04:41.124Z,,,,UPI,upi-apps,2025,Nov,,,,en
12600,64,Standard Chartered Bank Apps,0.13,104.43,0.23,11.87,0.00,0.23,0,0,0.36,116.53,2026-02-09T07:04:41.715Z,2026-02-09T07:04:41.715Z,,,,UPI,upi-apps,2025,Nov,,,,en
12601,65,Bank of India Apps,0.34,108.52,0.00,0.00,0.00,0.00,0,0,0.34,108.52,2026-02-09T07:04:41.740Z,2026-02-09T07:04:41.740Z,,,,UPI,upi-apps,2025,Nov,,,,en
12602,66,Jar #,0.33,8.42,0.00,0.00,0.00,0.00,0,0,0.33,8.42,2026-02-09T07:04:44.873Z,2026-02-09T07:04:44.873Z,,,,UPI,upi-apps,2025,Nov,,,,en
12603,67,Spice Money,0.32,30.58,0.00,0.00,0.00,0.00,0,0,0.32,30.58,2026-02-09T07:04:44.924Z,2026-02-09T07:04:44.924Z,,,,UPI,upi-apps,2025,Nov,,,,en
12604,68,Rapipay,0.30,29.39,0.00,0.00,0.00,0.00,0,0,0.30,29.39,2026-02-09T07:04:45.512Z,2026-02-09T07:04:45.512Z,,,,UPI,upi-apps,2025,Nov,,,,en
12605,69,Karnataka Bank Apps,0.27,63.01,0.00,0.00,0.00,0.01,0,0,0.27,63.02,2026-02-09T07:04:45.522Z,2026-02-09T07:04:45.522Z,,,,UPI,upi-apps,2025,Nov,,,,en
12606,70,Dhani,0.21,9.42,0.00,0.00,0.00,0.00,0,0,0.21,9.42,2026-02-09T07:04:45.536Z,2026-02-09T07:04:45.536Z,,,,UPI,upi-apps,2025,Nov,,,,en
12607,71,Indian Overseas Bank Apps,0.20,53.88,0.00,0.00,0.00,0.00,0,0,0.20,53.88,2026-02-09T07:04:45.549Z,2026-02-09T07:04:45.549Z,,,,UPI,upi-apps,2025,Nov,,,,en
12608,72,True Balance,0.18,6.09,0.00,0.00,0.00,0.00,0,0,0.18,6.09,2026-02-09T07:04:45.560Z,2026-02-09T07:04:45.560Z,,,,UPI,upi-apps,2025,Nov,,,,en
12609,73,Oxymoney,0.00,0.00,0.16,10.58,0.00,0.00,0,0,0.16,10.58,2026-02-09T07:04:45.571Z,2026-02-09T07:04:45.571Z,,,,UPI,upi-apps,2025,Nov,,,,en
12610,74,IDBI Bank Apps,0.16,71.99,0.00,0.00,0.00,0.00,0,0,0.16,71.99,2026-02-09T07:04:45.581Z,2026-02-09T07:04:45.581Z,,,,UPI,upi-apps,2025,Nov,,,,en
12611,75,Obopay,0.15,23.14,0.00,0.00,0.00,0.00,0,0,0.15,23.14,2026-02-09T07:04:45.591Z,2026-02-09T07:04:45.591Z,,,,UPI,upi-apps,2025,Nov,,,,en
12612,76,Karur Vysya Bank Apps,0.12,43.70,0.00,0.00,0.00,0.00,0,0,0.12,43.70,2026-02-09T07:04:45.601Z,2026-02-09T07:04:45.601Z,,,,UPI,upi-apps,2025,Nov,,,,en
12613,77,TwidPay #,0.11,12.18,0.00,0.00,0.00,0.00,0,0,0.11,12.18,2026-02-09T07:04:45.612Z,2026-02-09T07:04:45.612Z,,,,UPI,upi-apps,2025,Nov,,,,en
12614,78,Tamilnad Mercantile Bank Apps,0.10,34.64,0.00,0.00,0.00,0.00,0,0,0.10,34.64,2026-02-09T07:04:45.622Z,2026-02-09T07:04:45.622Z,,,,UPI,upi-apps,2025,Nov,,,,en
12615,79,Payworld,0.08,7.81,0.00,0.00,0.00,0.00,0,0,0.08,7.81,2026-02-09T07:04:45.633Z,2026-02-09T07:04:45.633Z,,,,UPI,upi-apps,2025,Nov,,,,en
12616,80,Ultracash #,0.08,6.31,0.00,0.00,0.00,0.00,0,0,0.08,6.31,2026-02-09T07:04:45.644Z,2026-02-09T07:04:45.644Z,,,,UPI,upi-apps,2025,Nov,,,,en
12617,81,Unity Small Finance Bank Apps,0.08,24.79,0.00,0.00,0.00,0.00,0,0,0.08,24.79,2026-02-09T07:04:45.654Z,2026-02-09T07:04:45.654Z,,,,UPI,upi-apps,2025,Nov,,,,en
12618,82,City Union Bank Apps,0.07,29.85,0.00,0.00,0.00,0.00,0,0,0.07,29.85,2026-02-09T07:04:45.664Z,2026-02-09T07:04:45.664Z,,,,UPI,upi-apps,2025,Nov,,,,en
12619,83,Bank of Maharashtra Apps,0.04,10.83,0.00,0.00,0.00,0.11,0,0,0.04,10.94,2026-02-09T07:04:45.676Z,2026-02-09T07:04:45.676Z,,,,UPI,upi-apps,2025,Nov,,,,en
12620,84,Curie Money #,0.04,3.25,0.00,0.00,0.00,0.00,0,0,0.04,3.25,2026-02-09T07:04:45.687Z,2026-02-09T07:04:45.687Z,,,,UPI,upi-apps,2025,Nov,,,,en
12621,85,Punjab Sind Bank Apps,0.03,11.81,0.00,0.00,0.00,0.00,0,0,0.03,11.81,2026-02-09T07:04:45.697Z,2026-02-09T07:04:45.697Z,,,,UPI,upi-apps,2025,Nov,,,,en
12622,86,Equitas Small Finance Bank Apps,0.03,10.20,0.00,0.00,0.00,0.00,0,0,0.03,10.20,2026-02-09T07:04:45.707Z,2026-02-09T07:04:45.707Z,,,,UPI,upi-apps,2025,Nov,,,,en
12623,87,Freo #,0.03,1.84,0.00,0.00,0.00,0.00,0,0,0.03,1.84,2026-02-09T07:04:45.718Z,2026-02-09T07:04:45.718Z,,,,UPI,upi-apps,2025,Nov,,,,en
12624,88,Cheq,0.02,2.44,0.00,0.00,0.00,0.00,0,0,0.02,2.44,2026-02-09T07:04:45.728Z,2026-02-09T07:04:45.728Z,,,,UPI,upi-apps,2025,Nov,,,,en
12625,89,LXME #,0.02,1.65,0.00,0.00,0.00,0.00,0,0,0.02,1.65,2026-02-09T07:04:45.742Z,2026-02-09T07:04:45.742Z,,,,UPI,upi-apps,2025,Nov,,,,en
12626,90,Others,2.37,238.45,0.00,0.00,0.17,6.29,0,0,2.54,244.75,2026-02-09T07:04:45.752Z,2026-02-09T07:04:45.752Z,,,,UPI,upi-apps,2025,Nov,,,,en
12627,1,PhonePe,"9,799.14","13,60,501.94",0.00,0.00,0.00,0.00,0,0,"9,799.14","13,60,501.94",2026-02-09T07:07:23.609Z,2026-02-09T07:07:23.609Z,,,,UPI,upi-apps,2025,Dec,,,,en
12628,2,Google Pay #,"7,311.67","9,56,693.92",0.00,0.00,0.00,0.00,0,0,"7,311.67","9,56,693.92",2026-02-09T07:07:23.643Z,2026-02-09T07:07:23.643Z,,,,UPI,upi-apps,2025,Dec,,,,en
12629,3,Paytm,"1,624.45","1,75,716.10",0.00,0.00,0.00,0.00,0,0,"1,624.45","1,75,716.10",2026-02-09T07:07:23.654Z,2026-02-09T07:07:23.654Z,,,,UPI,upi-apps,2025,Dec,,,,en
12630,4,Navi #,671.89,"35,715.89",0.00,0.00,0.00,0.00,0,0,671.89,"35,715.89",2026-02-09T07:07:23.664Z,2026-02-09T07:07:23.664Z,,,,UPI,upi-apps,2025,Dec,,,,en
12631,5,super.money #,286.86,"11,745.61",0.00,0.00,0.00,0.00,0,0,286.86,"11,745.61",2026-02-09T07:07:23.675Z,2026-02-09T07:07:23.675Z,,,,UPI,upi-apps,2025,Dec,,,,en
12632,6,FamApp by Trio #,159.05,"2,007.01",0.00,0.00,0.00,0.00,0,0,159.05,"2,007.01",2026-02-09T07:07:23.684Z,2026-02-09T07:07:23.684Z,,,,UPI,upi-apps,2025,Dec,,,,en
12633,7,Cred #,157.25,"59,073.03",0.00,0.00,0.00,0.00,0,0,157.25,"59,073.03",2026-02-09T07:07:23.695Z,2026-02-09T07:07:23.695Z,,,,UPI,upi-apps,2025,Dec,,,,en
12634,8,BHIM,155.75,"20,246.97",0.00,0.00,0.00,0.00,0,0,155.75,"20,246.97",2026-02-09T07:07:23.705Z,2026-06-10T09:18:13.256Z,,,,UPI,upi-apps,2025,Dec,,,,en
12635,9,Axis Bank Apps,35.50,"5,272.52",109.14,"8,324.04",0.10,15.45,0,0,144.75,"13,612.02",2026-02-09T07:07:23.716Z,2026-02-09T07:07:23.716Z,,,,UPI,upi-apps,2025,Dec,,,,en
12636,10,Whatsapp #,100.45,"7,399.16",0.00,0.00,0.00,0.00,0,0,100.45,"7,399.16",2026-02-09T07:07:23.726Z,2026-02-09T07:07:23.726Z,,,,UPI,upi-apps,2025,Dec,,,,en
12637,11,Kotak Mahindra Bank Apps,94.54,"11,500.37",0.01,0.27,0.00,0.00,0,0,94.55,"11,500.65",2026-02-09T07:07:23.737Z,2026-02-09T07:07:23.737Z,,,,UPI,upi-apps,2025,Dec,,,,en
12638,12,Amazon Pay #,86.48,"10,133.85",0.00,0.00,0.00,0.00,0,0,86.48,"10,133.85",2026-02-09T07:07:23.746Z,2026-02-09T07:07:23.746Z,,,,UPI,upi-apps,2025,Dec,,,,en
12639,13,HDFC Bank Apps,32.68,"10,686.26",42.66,"6,853.22",0.00,0.88,0,0,75.34,"17,540.37",2026-02-09T07:07:23.757Z,2026-02-09T07:07:23.757Z,,,,UPI,upi-apps,2025,Dec,,,,en
12640,14,ICICI Bank Apps,23.61,"7,137.59",46.43,"9,309.60",2.48,"2,295.76",0,0,72.52,"18,742.95",2026-02-09T07:07:23.766Z,2026-02-09T07:07:23.766Z,,,,UPI,upi-apps,2025,Dec,,,,en
12641,15,Mobikwik #,63.40,"7,451.94",0.00,0.00,0.00,0.00,0,0,63.40,"7,451.94",2026-02-09T07:07:23.777Z,2026-02-09T07:07:23.777Z,,,,UPI,upi-apps,2025,Dec,,,,en
12642,16,Yes Bank Apps,3.64,"3,437.24",45.55,"3,460.28",0.28,20.17,0,0,49.47,"6,917.69",2026-02-09T07:07:23.787Z,2026-02-09T07:07:23.787Z,,,,UPI,upi-apps,2025,Dec,,,,en
12643,17,Slice Small Finance Bank Apps,32.71,"3,224.74",1.74,522.84,0.00,2.01,0,0,34.45,"3,749.59",2026-02-09T07:07:23.798Z,2026-02-09T07:07:23.798Z,,,,UPI,upi-apps,2025,Dec,,,,en
12644,18,India Post Payments Bank Apps,17.91,"1,893.26",0.00,0.00,0.00,0.00,0,0,17.91,"1,893.26",2026-02-09T07:07:23.808Z,2026-02-09T07:07:23.808Z,,,,UPI,upi-apps,2025,Dec,,,,en
12645,19,Airtel Payments Bank Apps,14.78,"1,184.43",1.27,148.52,0.00,0.00,0,0,16.05,"1,332.95",2026-02-09T07:07:23.820Z,2026-02-09T07:07:23.820Z,,,,UPI,upi-apps,2025,Dec,,,,en
12646,20,Groww #,15.87,"11,688.01",0.00,0.00,0.00,0.00,0,0,15.87,"11,688.01",2026-02-09T07:07:23.830Z,2026-02-09T07:07:23.830Z,,,,UPI,upi-apps,2025,Dec,,,,en
12647,21,State Bank of India Apps,14.63,"4,313.66",0.00,0.19,0.00,0.00,0,0,14.63,"4,313.86",2026-02-09T07:07:23.841Z,2026-02-09T07:07:23.841Z,,,,UPI,upi-apps,2025,Dec,,,,en
12648,22,IDFC Bank Apps,14.10,"3,122.92",0.37,50.36,0.02,0.03,0,0,14.49,"3,173.31",2026-02-09T07:07:23.860Z,2026-02-09T07:07:23.860Z,,,,UPI,upi-apps,2025,Dec,,,,en
12649,23,Bajaj Finserv #,13.35,"2,822.57",0.00,0.00,0.00,0.00,0,0,13.35,"2,822.57",2026-02-09T07:07:23.873Z,2026-02-09T07:07:23.873Z,,,,UPI,upi-apps,2025,Dec,,,,en
12650,24,Samsung Pay #,11.36,745.25,0.00,0.00,0.00,0.00,0,0,11.36,745.25,2026-02-09T07:07:26.200Z,2026-02-09T07:07:26.200Z,,,,UPI,upi-apps,2025,Dec,,,,en
12651,25,POP UPI,9.38,705.72,0.00,0.00,0.00,0.00,0,0,9.38,705.72,2026-02-09T07:07:26.217Z,2026-02-26T10:11:12.714Z,,,1.0,UPI,upi-apps,2025,Dec,,,,en
12652,26,RBL Bank Apps,0.56,215.29,7.80,"4,070.31",0.21,42.38,0,0,8.56,"4,327.98",2026-02-09T07:07:26.809Z,2026-02-09T07:07:26.809Z,,,,UPI,upi-apps,2025,Dec,,,,en
12653,27,Federal Bank Apps,7.32,"1,848.12",0.00,5.13,0.00,0.00,0,0,7.33,"1,853.24",2026-02-09T07:07:26.821Z,2026-02-09T07:07:26.821Z,,,,UPI,upi-apps,2025,Dec,,,,en
12654,28,Jio Payments Bank Apps,6.39,440.97,0.00,0.00,0.00,0.00,0,0,6.39,440.97,2026-02-09T07:07:26.849Z,2026-02-09T07:07:26.849Z,,,,UPI,upi-apps,2025,Dec,,,,en
12655,29,Jupiter Money #,6.09,966.07,0.00,0.00,0.00,0.00,0,0,6.09,966.07,2026-02-09T07:07:26.859Z,2026-02-09T07:07:26.859Z,,,,UPI,upi-apps,2025,Dec,,,,en
12656,30,Deutsche Bank Apps,0.03,37.88,5.32,786.44,0.00,2.78,0,0,5.36,827.10,2026-02-09T07:07:26.869Z,2026-02-09T07:07:26.869Z,,,,UPI,upi-apps,2025,Dec,,,,en
12657,31,Canara Bank Apps,4.53,"1,142.72",0.00,0.00,0.00,0.00,0,0,4.53,"1,142.72",2026-02-09T07:07:26.880Z,2026-02-09T07:07:26.880Z,,,,UPI,upi-apps,2025,Dec,,,,en
12658,32,NSDL Payments Bank Apps,0.16,14.28,3.49,293.57,0.11,8.19,0,0,3.77,316.05,2026-02-09T07:07:26.889Z,2026-02-09T07:07:26.889Z,,,,UPI,upi-apps,2025,Dec,,,,en
12659,33,Ind Money #,3.33,"1,054.69",0.00,0.00,0.00,0.00,0,0,3.33,"1,054.69",2026-02-09T07:07:26.900Z,2026-02-09T07:07:26.900Z,,,,UPI,upi-apps,2025,Dec,,,,en
12660,34,Kiwi #,3.10,439.43,0.00,0.00,0.00,0.00,0,0,3.10,439.43,2026-02-09T07:07:26.909Z,2026-02-09T07:07:26.909Z,,,,UPI,upi-apps,2025,Dec,,,,en
12661,35,Punjab National Bank Apps,2.96,748.71,0.00,0.00,0.00,0.00,0,0,2.96,748.71,2026-02-09T07:07:26.919Z,2026-02-09T07:07:26.919Z,,,,UPI,upi-apps,2025,Dec,,,,en
12662,36,Flipkart UPI #,2.80,152.97,0.00,0.00,0.00,0.00,0,0,2.80,152.97,2026-02-09T07:07:26.929Z,2026-02-09T07:07:26.929Z,,,,UPI,upi-apps,2025,Dec,,,,en
12663,37,Fi Money #,2.59,381.14,0.00,0.00,0.00,0.00,0,0,2.59,381.14,2026-02-09T07:07:26.939Z,2026-02-09T07:07:26.939Z,,,,UPI,upi-apps,2025,Dec,,,,en
12664,38,Jammu and Kashmir Bank Apps,2.50,390.02,0.00,0.00,0.00,0.00,0,0,2.50,390.02,2026-02-09T07:07:26.950Z,2026-02-09T07:07:26.950Z,,,,UPI,upi-apps,2025,Dec,,,,en
12665,39,Suryoday Bank Apps,0.00,0.00,2.47,3.94,0.03,1.82,0,0,2.50,5.76,2026-02-09T07:07:26.960Z,2026-02-09T07:07:26.960Z,,,,UPI,upi-apps,2025,Dec,,,,en
12666,40,Bharat Pe #,2.46,206.84,0.00,0.00,0.00,0.00,0,0,2.46,206.84,2026-02-09T07:07:26.970Z,2026-02-09T07:07:26.970Z,,,,UPI,upi-apps,2025,Dec,,,,en
12667,41,Bank of Baroda Apps,2.25,565.02,0.00,0.00,0.00,1.73,0,0,2.25,566.75,2026-02-09T07:07:26.980Z,2026-02-09T07:07:26.980Z,,,,UPI,upi-apps,2025,Dec,,,,en
12668,42,Omni Card,1.95,134.81,0.00,0.00,0.00,0.00,0,0,1.95,134.81,2026-02-09T07:07:26.990Z,2026-02-09T07:07:26.990Z,,,,UPI,upi-apps,2025,Dec,,,,en
12669,43,Timepay #,1.81,37.13,0.00,0.00,0.00,0.00,0,0,1.81,37.13,2026-02-09T07:07:27.000Z,2026-02-09T07:07:27.000Z,,,,UPI,upi-apps,2025,Dec,,,,en
12670,44,Money View #,1.79,103.65,0.00,0.00,0.00,0.00,0,0,1.79,103.65,2026-02-09T07:07:27.009Z,2026-02-09T07:07:27.009Z,,,,UPI,upi-apps,2025,Dec,,,,en
12671,45,IndusInd Bank Apps,0.57,149.77,1.13,116.30,0.00,0.02,0,0,1.70,266.09,2026-02-09T07:07:27.019Z,2026-02-09T07:07:27.019Z,,,,UPI,upi-apps,2025,Dec,,,,en
12672,46,Indian Bank Apps,1.48,352.99,0.00,0.00,0.11,121.13,0,0,1.59,474.12,2026-02-09T07:07:27.029Z,2026-02-09T07:07:27.029Z,,,,UPI,upi-apps,2025,Dec,,,,en
12673,47,KreditBee #,1.57,77.28,0.00,0.00,0.00,0.00,0,0,1.57,77.28,2026-02-09T07:07:27.039Z,2026-02-09T07:07:27.039Z,,,,UPI,upi-apps,2025,Dec,,,,en
12674,48,Aditya Birla Capital Digital #,1.46,26.21,0.00,0.00,0.00,0.00,0,0,1.46,26.21,2026-02-09T07:07:27.048Z,2026-02-09T07:07:27.048Z,,,,UPI,upi-apps,2025,Dec,,,,en
12675,49,Shri Ram One #,1.43,111.67,0.00,0.00,0.00,0.00,0,0,1.43,111.67,2026-02-09T07:07:27.061Z,2026-02-09T07:07:27.061Z,,,,UPI,upi-apps,2025,Dec,,,,en
12676,50,ESAF Small Finance Bank Apps,1.28,133.33,0.00,0.00,0.00,0.00,0,0,1.28,133.33,2026-02-09T07:07:27.070Z,2026-02-09T07:07:27.070Z,,,,UPI,upi-apps,2025,Dec,,,,en
12677,51,HSBC Bank Apps,0.82,153.36,0.44,3.24,0.01,0.32,0,0,1.26,156.91,2026-02-09T07:07:27.080Z,2026-02-09T07:07:27.080Z,,,,UPI,upi-apps,2025,Dec,,,,en
12678,52,Digikhata,1.25,421.60,0.00,0.00,0.00,0.00,0,0,1.25,421.60,2026-02-09T07:07:27.090Z,2026-02-09T07:07:27.090Z,,,,UPI,upi-apps,2025,Dec,,,,en
12679,53,Oxymoney,0.00,0.08,1.01,16.89,0.00,0.00,0,0,1.01,16.97,2026-02-09T07:07:27.100Z,2026-02-09T07:07:27.100Z,,,,UPI,upi-apps,2025,Dec,,,,en
12680,54,Fino Payments Bank Apps,1.00,87.85,0.00,0.00,0.00,0.00,0,0,1.00,87.85,2026-02-09T07:07:27.110Z,2026-02-09T07:07:27.110Z,,,,UPI,upi-apps,2025,Dec,,,,en
12681,55,Union Bank Apps,0.94,273.39,0.00,0.00,0.00,0.00,0,0,0.94,273.39,2026-02-09T07:07:27.121Z,2026-02-09T07:07:27.121Z,,,,UPI,upi-apps,2025,Dec,,,,en
12682,56,South Indian Bank Apps,0.93,273.46,0.00,0.00,0.00,0.00,0,0,0.93,273.46,2026-02-09T07:07:27.130Z,2026-02-09T07:07:27.130Z,,,,UPI,upi-apps,2025,Dec,,,,en
12683,57,AU Small Finance Bank Apps,0.81,263.27,0.00,0.90,0.00,0.00,0,0,0.81,264.18,2026-02-09T07:07:27.141Z,2026-02-09T07:07:27.141Z,,,,UPI,upi-apps,2025,Dec,,,,en
12684,58,DBS Digibank Apps,0.54,180.15,0.08,43.47,0.00,0.94,0,0,0.63,224.56,2026-02-09T07:07:27.152Z,2026-02-09T07:07:27.152Z,,,,UPI,upi-apps,2025,Dec,,,,en
12685,59,One Card #,0.62,784.25,0.00,0.00,0.00,0.00,0,0,0.62,784.25,2026-02-09T07:07:27.743Z,2026-02-09T07:07:27.743Z,,,,UPI,upi-apps,2025,Dec,,,,en
12686,60,Kredit Pe #,0.61,54.13,0.00,0.00,0.00,0.00,0,0,0.61,54.13,2026-02-09T07:07:27.765Z,2026-02-09T07:07:27.765Z,,,,UPI,upi-apps,2025,Dec,,,,en
12687,61,UCO Bank Apps,0.60,164.56,0.00,0.00,0.00,0.00,0,0,0.60,164.56,2026-02-09T07:07:30.679Z,2026-02-09T07:07:30.679Z,,,,UPI,upi-apps,2025,Dec,,,,en
12688,62,Freo #,0.59,56.56,0.00,0.00,0.00,0.00,0,0,0.59,56.56,2026-02-09T07:07:30.728Z,2026-02-09T07:07:30.728Z,,,,UPI,upi-apps,2025,Dec,,,,en
12689,63,Central Bank of India Apps,0.46,150.27,0.00,0.00,0.00,0.00,0,0,0.46,150.27,2026-02-09T07:07:31.326Z,2026-02-09T07:07:31.326Z,,,,UPI,upi-apps,2025,Dec,,,,en
12690,64,Salary Se #,0.42,25.24,0.00,0.00,0.00,0.00,0,0,0.42,25.24,2026-02-09T07:07:31.350Z,2026-02-09T07:07:31.350Z,,,,UPI,upi-apps,2025,Dec,,,,en
12691,65,Standard Chartered Bank Apps,0.13,102.09,0.28,20.49,0.00,0.25,0,0,0.41,122.83,2026-02-09T07:07:31.361Z,2026-02-09T07:07:31.361Z,,,,UPI,upi-apps,2025,Dec,,,,en
12692,66,Rapipay,0.40,33.66,0.00,0.00,0.00,0.00,0,0,0.40,33.66,2026-02-09T07:07:31.378Z,2026-02-09T07:07:31.378Z,,,,UPI,upi-apps,2025,Dec,,,,en
12693,67,Bank of India Apps,0.38,120.71,0.00,0.00,0.00,0.00,0,0,0.38,120.71,2026-02-09T07:07:31.388Z,2026-02-09T07:07:31.388Z,,,,UPI,upi-apps,2025,Dec,,,,en
12694,68,Tata Pay #,0.37,126.35,0.00,0.00,0.00,0.00,0,0,0.37,126.35,2026-02-09T07:07:31.398Z,2026-02-09T07:07:31.398Z,,,,UPI,upi-apps,2025,Dec,,,,en
12695,69,Spice Money,0.36,32.52,0.00,0.00,0.00,0.00,0,0,0.36,32.52,2026-02-09T07:07:31.408Z,2026-02-09T07:07:31.408Z,,,,UPI,upi-apps,2025,Dec,,,,en
12696,70,Karnataka Bank Apps,0.29,68.62,0.00,0.01,0.00,0.01,0,0,0.29,68.64,2026-02-09T07:07:31.417Z,2026-02-09T07:07:31.417Z,,,,UPI,upi-apps,2025,Dec,,,,en
12697,71,Jar #,0.25,6.05,0.00,0.00,0.00,0.00,0,0,0.25,6.05,2026-02-09T07:07:31.428Z,2026-02-09T07:07:31.428Z,,,,UPI,upi-apps,2025,Dec,,,,en
12698,72,True Balance,0.21,7.24,0.00,0.00,0.00,0.00,0,0,0.21,7.24,2026-02-09T07:07:31.437Z,2026-02-09T07:07:31.437Z,,,,UPI,upi-apps,2025,Dec,,,,en
12699,73,Dhani,0.21,9.10,0.00,0.00,0.00,0.00,0,0,0.21,9.10,2026-02-09T07:07:31.447Z,2026-02-09T07:07:31.447Z,,,,UPI,upi-apps,2025,Dec,,,,en
12700,74,Indian Overseas Bank Apps,0.19,52.64,0.00,0.00,0.00,0.00,0,0,0.19,52.64,2026-02-09T07:07:31.457Z,2026-02-09T07:07:31.457Z,,,,UPI,upi-apps,2025,Dec,,,,en
12701,75,IDBI Bank Apps,0.17,84.40,0.00,0.00,0.00,0.00,0,0,0.17,84.40,2026-02-09T07:07:31.467Z,2026-02-09T07:07:31.467Z,,,,UPI,upi-apps,2025,Dec,,,,en
12702,76,Obopay,0.17,26.26,0.00,0.00,0.00,0.00,0,0,0.17,26.26,2026-02-09T07:07:31.479Z,2026-02-09T07:07:31.479Z,,,,UPI,upi-apps,2025,Dec,,,,en
12703,77,Karur Vysya Bank Apps,0.13,45.88,0.00,0.00,0.00,0.00,0,0,0.13,45.88,2026-02-09T07:07:31.489Z,2026-02-09T07:07:31.489Z,,,,UPI,upi-apps,2025,Dec,,,,en
12704,78,TwidPay #,0.13,15.83,0.00,0.00,0.00,0.00,0,0,0.13,15.83,2026-02-09T07:07:31.498Z,2026-02-09T07:07:31.498Z,,,,UPI,upi-apps,2025,Dec,,,,en
12705,79,Tamilnad Mercantile Bank Apps,0.11,39.25,0.00,0.00,0.00,0.00,0,0,0.11,39.25,2026-02-09T07:07:31.515Z,2026-02-09T07:07:31.515Z,,,,UPI,upi-apps,2025,Dec,,,,en
12706,80,Payworld,0.10,10.22,0.00,0.00,0.00,0.00,0,0,0.10,10.22,2026-02-09T07:07:31.524Z,2026-02-09T07:07:31.524Z,,,,UPI,upi-apps,2025,Dec,,,,en
12707,81,Unity Small Finance Bank Apps,0.08,26.45,0.00,0.00,0.00,0.00,0,0,0.08,26.45,2026-02-09T07:07:31.539Z,2026-02-09T07:07:31.539Z,,,,UPI,upi-apps,2025,Dec,,,,en
12708,82,City Union Bank Apps,0.07,29.47,0.00,0.00,0.00,0.00,0,0,0.07,29.47,2026-02-09T07:07:31.549Z,2026-02-09T07:07:31.549Z,,,,UPI,upi-apps,2025,Dec,,,,en
12709,83,Saathi by PayNearBy #,0.06,6.09,0.00,0.00,0.00,0.00,0,0,0.06,6.09,2026-02-09T07:07:31.558Z,2026-02-09T07:07:31.558Z,,,,UPI,upi-apps,2025,Dec,,,,en
12710,84,Bank of Maharashtra Apps,0.06,16.91,0.00,0.00,0.00,0.72,0,0,0.06,17.64,2026-02-09T07:07:31.569Z,2026-02-09T07:07:31.569Z,,,,UPI,upi-apps,2025,Dec,,,,en
12711,85,Ultracash #,0.05,3.70,0.00,0.00,0.00,0.00,0,0,0.05,3.70,2026-02-09T07:07:31.578Z,2026-02-09T07:07:31.578Z,,,,UPI,upi-apps,2025,Dec,,,,en
12712,86,Curie Money #,0.05,2.71,0.00,0.00,0.00,0.00,0,0,0.05,2.71,2026-02-09T07:07:31.589Z,2026-02-09T07:07:31.589Z,,,,UPI,upi-apps,2025,Dec,,,,en
12713,87,Equitas Small Finance Bank Apps,0.05,14.17,0.00,0.00,0.00,0.00,0,0,0.05,14.17,2026-02-09T07:07:31.598Z,2026-02-09T07:07:31.598Z,,,,UPI,upi-apps,2025,Dec,,,,en
12714,88,Cheq #,0.04,3.88,0.00,0.00,0.00,0.00,0,0,0.04,3.88,2026-02-09T07:07:31.608Z,2026-02-09T07:07:31.608Z,,,,UPI,upi-apps,2025,Dec,,,,en
12715,89,Fave,0.03,7.04,0.00,0.00,0.00,0.00,0,0,0.03,7.04,2026-02-09T07:07:31.618Z,2026-02-09T07:07:31.618Z,,,,UPI,upi-apps,2025,Dec,,,,en
12716,90,LXME #,0.03,2.43,0.00,0.00,0.00,0.00,0,0,0.03,2.43,2026-02-09T07:07:31.627Z,2026-02-09T07:07:31.627Z,,,,UPI,upi-apps,2025,Dec,,,,en
12717,91,Punjab Sind Bank Apps,0.03,12.97,0.00,0.00,0.00,0.00,,,0.03,12.97,2026-02-09T07:07:31.638Z,2026-02-09T07:07:31.638Z,,,,UPI,upi-apps,2025,Dec,,,,en
12718,92,Others,2.71,265.37,0.00,0.00,0.18,7.17,,,2.89,272.54,2026-02-09T07:07:31.647Z,2026-02-09T07:07:31.647Z,,,,UPI,upi-apps,2025,Dec,,,,en
12719,1,PhonePe,"9,913.63","1,377,458.79",0.00,0.00,0.00,0.00,0,0,"9,913.63","1,377,458.79",2026-02-09T07:09:06.350Z,2026-02-09T07:09:06.350Z,,,,UPI,upi-apps,2026,Jan,,,,en
12720,2,Google Pay #,"7,229.11","956,985.04",0.00,0.00,0.00,0.00,0,0,"7,229.11","956,985.04",2026-02-09T07:09:06.390Z,2026-02-09T07:09:06.390Z,,,,UPI,upi-apps,2026,Jan,,,,en
12721,3,Paytm,"1,659.49","181,973.34",0.00,0.00,0.00,0.00,0,0,"1,659.49","181,973.34",2026-02-09T07:09:06.401Z,2026-02-09T07:09:06.401Z,,,,UPI,upi-apps,2026,Jan,,,,en
12722,4,Navi #,709.26,"37,955.69",0.00,0.00,0.00,0.00,0,0,709.26,"37,955.69",2026-02-09T07:09:06.413Z,2026-02-09T07:09:06.413Z,,,,UPI,upi-apps,2026,Jan,,,,en
12723,5,super.money #,298.41,"12,546.39",0.00,0.00,0.00,0.00,0,0,298.41,"12,546.39",2026-02-09T07:09:06.422Z,2026-02-09T07:09:06.422Z,,,,UPI,upi-apps,2026,Jan,,,,en
12724,6,BHIM,172.07,"22,025.89",0.00,0.00,0.00,0.00,0,0,172.07,"22,025.89",2026-02-09T07:09:06.433Z,2026-06-10T09:15:40.064Z,,,,UPI,upi-apps,2026,Jan,,,,en
12725,7,FamApp by Trio #,161.18,"2,038.12",0.00,0.00,0.00,0.00,0,0,161.18,"2,038.12",2026-02-09T07:09:06.442Z,2026-02-09T07:09:06.442Z,,,,UPI,upi-apps,2026,Jan,,,,en
12726,8,Cred #,156.86,"58,840.62",0.00,0.00,0.00,0.00,0,0,156.86,"58,840.62",2026-02-09T07:09:06.452Z,2026-02-09T07:09:06.452Z,,,,UPI,upi-apps,2026,Jan,,,,en
12727,9,Axis Bank Apps,30.24,"4,978.86",122.29,"8,214.00",0.07,14.04,0,0,152.60,"13,206.89",2026-02-09T07:09:06.464Z,2026-02-09T07:09:06.464Z,,,,UPI,upi-apps,2026,Jan,,,,en
12728,10,Whatsapp #,112.65,"8,358.21",0.00,0.00,0.00,0.00,0,0,112.65,"8,358.21",2026-02-09T07:09:06.475Z,2026-02-09T07:09:06.475Z,,,,UPI,upi-apps,2026,Jan,,,,en
12729,11,Kotak Mahindra Bank Apps,101.35,"12,304.47",0.01,0.23,0.00,0.00,0,0,101.35,"12,304.69",2026-02-09T07:09:06.485Z,2026-02-09T07:09:06.485Z,,,,UPI,upi-apps,2026,Jan,,,,en
12730,12,Amazon Pay #,83.99,"10,257.83",0.00,0.00,0.00,0.00,0,0,83.99,"10,257.83",2026-02-09T07:09:06.494Z,2026-02-09T07:09:06.494Z,,,,UPI,upi-apps,2026,Jan,,,,en
12731,13,HDFC Bank Apps,32.36,"10,620.31",44.93,"6,043.71",0.00,1.01,0,0,77.29,"16,665.03",2026-02-09T07:09:06.503Z,2026-02-09T07:09:06.503Z,,,,UPI,upi-apps,2026,Jan,,,,en
12732,14,ICICI Bank Apps,23.33,"7,678.09",42.21,"9,243.54",2.43,"2,397.55",0,0,67.97,"19,319.18",2026-02-09T07:09:06.512Z,2026-02-09T07:09:06.512Z,,,,UPI,upi-apps,2026,Jan,,,,en
12733,15,Mobikwik #,64.72,"7,631.14",0.00,0.00,0.00,0.00,0,0,64.72,"7,631.14",2026-02-09T07:09:06.530Z,2026-02-09T07:09:06.530Z,,,,UPI,upi-apps,2026,Jan,,,,en
12734,16,Yes Bank Apps,3.84,"3,595.90",49.01,"4,238.94",0.12,15.73,0,0,52.98,"7,850.57",2026-02-09T07:09:06.539Z,2026-02-09T07:09:06.539Z,,,,UPI,upi-apps,2026,Jan,,,,en
12735,17,Slice Small Finance Bank Apps,37.27,"3,660.63",2.29,394.73,0.01,2.48,0,0,39.57,"4,057.84",2026-02-09T07:09:06.549Z,2026-02-09T07:09:06.549Z,,,,UPI,upi-apps,2026,Jan,,,,en
12736,18,Groww #,18.82,"16,201.06",0.00,0.00,0.00,0.00,0,0,18.82,"16,201.06",2026-02-09T07:09:06.570Z,2026-02-09T07:09:06.570Z,,,,UPI,upi-apps,2026,Jan,,,,en
12737,19,India Post Payments Bank Apps,18.75,"1,999.27",0.00,0.00,0.00,0.00,0,0,18.75,"1,999.28",2026-02-09T07:09:09.189Z,2026-02-09T07:09:09.189Z,,,,UPI,upi-apps,2026,Jan,,,,en
12738,20,IDFC Bank Apps,14.26,"3,290.34",3.47,25.14,0.02,0.12,0,0,17.75,"3,315.60",2026-02-09T07:09:09.778Z,2026-02-09T07:09:09.778Z,,,,UPI,upi-apps,2026,Jan,,,,en
12739,21,Airtel Payments Bank Apps,15.96,"1,243.50",1.19,133.48,0.00,0.00,0,0,17.15,"1,376.98",2026-02-09T07:09:09.795Z,2026-02-09T07:09:09.795Z,,,,UPI,upi-apps,2026,Jan,,,,en
12740,22,State Bank of India Apps,15.60,"4,575.60",0.00,3.62,0.00,0.00,0,0,15.60,"4,579.21",2026-02-09T07:09:09.821Z,2026-02-09T07:09:09.821Z,,,,UPI,upi-apps,2026,Jan,,,,en
12741,23,Bajaj Finserv #,13.38,"2,757.27",0.00,0.00,0.00,0.00,0,0,13.38,"2,757.27",2026-02-09T07:09:09.831Z,2026-02-09T07:09:09.831Z,,,,UPI,upi-apps,2026,Jan,,,,en
12742,24,Samsung Pay #,11.21,752.03,0.00,0.00,0.00,0.00,0,0,11.21,752.03,2026-02-09T07:09:09.841Z,2026-02-09T07:09:09.841Z,,,,UPI,upi-apps,2026,Jan,,,,en
12743,25,POP UPI,8.50,686.09,0.00,0.00,0.00,0.00,0,0,8.50,686.09,2026-02-09T07:09:09.852Z,2026-02-26T10:13:05.260Z,,,1.0,UPI,upi-apps,2026,Jan,,,,en
12744,26,RBL Bank Apps,0.54,215.76,7.63,"4,110.58",0.13,39.26,0,0,8.29,"4,365.61",2026-02-09T07:09:09.863Z,2026-02-09T07:09:09.863Z,,,,UPI,upi-apps,2026,Jan,,,,en
12745,27,Federal Bank Apps,7.51,"2,011.26",0.00,5.07,0.00,0.00,0,0,7.52,"2,016.33",2026-02-09T07:09:09.873Z,2026-02-09T07:09:09.873Z,,,,UPI,upi-apps,2026,Jan,,,,en
12746,28,Jio Payments Bank Apps,6.57,456.14,0.00,0.00,0.00,0.00,0,0,6.57,456.14,2026-02-09T07:09:09.883Z,2026-02-09T07:09:09.883Z,,,,UPI,upi-apps,2026,Jan,,,,en
12747,29,Jupiter Money #,5.93,982.03,0.00,0.00,0.00,0.00,0,0,5.93,982.03,2026-02-09T07:09:09.894Z,2026-02-09T07:09:09.894Z,,,,UPI,upi-apps,2026,Jan,,,,en
12748,30,Deutsche Bank Apps,0.03,37.67,5.26,815.57,0.00,0.17,0,0,5.29,853.40,2026-02-09T07:09:09.904Z,2026-02-09T07:09:09.904Z,,,,UPI,upi-apps,2026,Jan,,,,en
12749,31,Canara Bank Apps,4.14,"1,110.65",0.00,0.00,0.00,0.00,0,0,4.14,"1,110.65",2026-02-09T07:09:09.914Z,2026-02-09T07:09:09.914Z,,,,UPI,upi-apps,2026,Jan,,,,en
12750,32,Ind Money #,4.01,"1,336.23",0.00,0.00,0.00,0.00,0,0,4.01,"1,336.23",2026-02-09T07:09:09.924Z,2026-02-09T07:09:09.924Z,,,,UPI,upi-apps,2026,Jan,,,,en
12751,33,Flipkart UPI #,3.09,163.55,0.00,0.00,0.00,0.00,0,0,3.09,163.55,2026-02-09T07:09:09.934Z,2026-02-09T07:09:09.934Z,,,,UPI,upi-apps,2026,Jan,,,,en
12752,34,Kiwi #,3.04,474.14,0.00,0.00,0.00,0.00,0,0,3.04,474.14,2026-02-09T07:09:09.944Z,2026-02-09T07:09:09.944Z,,,,UPI,upi-apps,2026,Jan,,,,en
12753,35,Suryoday Bank Apps,0.00,0.00,2.97,4.05,0.03,2.01,0,0,3.00,6.05,2026-02-09T07:09:09.953Z,2026-02-09T07:09:09.953Z,,,,UPI,upi-apps,2026,Jan,,,,en
12754,36,NSDL Payments Bank Apps,0.18,15.34,2.68,362.22,0.08,5.59,0,0,2.94,383.15,2026-02-09T07:09:09.964Z,2026-02-09T07:09:09.964Z,,,,UPI,upi-apps,2026,Jan,,,,en
12755,37,Money View #,2.61,143.19,0.00,0.00,0.00,0.00,0,0,2.61,143.19,2026-02-09T07:09:09.974Z,2026-02-09T07:09:09.974Z,,,,UPI,upi-apps,2026,Jan,,,,en
12756,38,Fi Money #,2.50,373.44,0.00,0.00,0.00,0.00,0,0,2.50,373.44,2026-02-09T07:09:09.985Z,2026-02-09T07:09:09.985Z,,,,UPI,upi-apps,2026,Jan,,,,en
12757,39,Bharat Pe #,2.48,218.56,0.00,0.00,0.00,0.00,0,0,2.48,218.56,2026-02-09T07:09:09.994Z,2026-02-09T07:09:09.994Z,,,,UPI,upi-apps,2026,Jan,,,,en
12758,40,Jammu and Kashmir Bank Apps,2.46,371.79,0.00,0.00,0.00,0.00,0,0,2.46,371.79,2026-02-09T07:09:10.004Z,2026-02-09T07:09:10.004Z,,,,UPI,upi-apps,2026,Jan,,,,en
12759,41,KreditBee #,2.21,120.02,0.00,0.00,0.00,0.00,0,0,2.21,120.02,2026-02-09T07:09:10.014Z,2026-02-09T07:09:10.014Z,,,,UPI,upi-apps,2026,Jan,,,,en
12760,42,Shri Ram One #,1.98,148.12,0.00,0.00,0.00,0.00,0,0,1.98,148.12,2026-02-09T07:09:10.026Z,2026-02-09T07:09:10.026Z,,,,UPI,upi-apps,2026,Jan,,,,en
12761,43,Omni Card,1.94,121.46,0.00,0.00,0.00,0.00,0,0,1.94,121.46,2026-02-09T07:09:10.036Z,2026-02-09T07:09:10.036Z,,,,UPI,upi-apps,2026,Jan,,,,en
12762,44,Punjab National Bank Apps,1.85,479.04,0.00,0.00,0.00,0.00,0,0,1.85,479.04,2026-02-09T07:09:10.048Z,2026-02-09T07:09:10.048Z,,,,UPI,upi-apps,2026,Jan,,,,en
12763,45,Aditya Birla Capital Digital #,1.58,26.15,0.00,0.00,0.00,0.00,0,0,1.58,26.15,2026-02-09T07:09:10.057Z,2026-02-09T07:09:10.057Z,,,,UPI,upi-apps,2026,Jan,,,,en
12764,46,Bank of Baroda Apps,1.57,430.07,0.00,0.00,0.00,8.44,0,0,1.57,438.51,2026-02-09T07:09:10.068Z,2026-02-09T07:09:10.068Z,,,,UPI,upi-apps,2026,Jan,,,,en
12765,47,Timepay #,1.51,27.49,0.00,0.00,0.00,0.00,0,0,1.51,27.49,2026-02-09T07:09:10.077Z,2026-02-09T07:09:10.077Z,,,,UPI,upi-apps,2026,Jan,,,,en
12766,48,Indian Bank Apps,1.41,358.89,0.00,0.00,0.09,90.12,0,0,1.49,449.01,2026-02-09T07:09:10.087Z,2026-02-09T07:09:10.087Z,,,,UPI,upi-apps,2026,Jan,,,,en
12767,49,IndusInd Bank Apps,0.54,145.53,0.82,88.26,0.00,0.02,0,0,1.37,233.81,2026-02-09T07:09:10.097Z,2026-02-09T07:09:10.097Z,,,,UPI,upi-apps,2026,Jan,,,,en
12768,50,Digikhata,1.35,465.91,0.00,0.00,0.00,0.00,0,0,1.35,465.91,2026-02-09T07:09:10.107Z,2026-02-09T07:09:10.107Z,,,,UPI,upi-apps,2026,Jan,,,,en
12769,51,HSBC Bank Apps,0.73,150.62,0.52,3.40,0.01,0.19,0,0,1.26,154.21,2026-02-09T07:09:10.117Z,2026-02-09T07:09:10.117Z,,,,UPI,upi-apps,2026,Jan,,,,en
12770,52,Union Bank Apps,0.99,286.52,0.00,0.00,0.00,0.00,0,0,0.99,286.52,2026-02-09T07:09:10.127Z,2026-02-09T07:09:10.127Z,,,,UPI,upi-apps,2026,Jan,,,,en
12771,53,South Indian Bank Apps,0.92,289.61,0.00,0.00,0.00,0.00,0,0,0.92,289.61,2026-02-09T07:09:10.137Z,2026-02-09T07:09:10.137Z,,,,UPI,upi-apps,2026,Jan,,,,en
12772,54,ESAF Small Finance Bank Apps,0.90,102.33,0.00,0.00,0.00,0.00,0,0,0.90,102.33,2026-02-09T07:09:10.147Z,2026-02-09T07:09:10.147Z,,,,UPI,upi-apps,2026,Jan,,,,en
12773,55,AU Small Finance Bank Apps,0.86,281.40,0.00,0.92,0.00,0.00,0,0,0.86,282.32,2026-02-09T07:09:10.157Z,2026-02-09T07:09:10.157Z,,,,UPI,upi-apps,2026,Jan,,,,en
12774,56,Kredit Pe #,0.66,60.31,0.00,0.00,0.00,0.00,0,0,0.66,60.31,2026-02-09T07:09:10.189Z,2026-02-09T07:09:10.189Z,,,,UPI,upi-apps,2026,Jan,,,,en
12775,57,UCO Bank Apps,0.61,170.83,0.00,0.00,0.00,0.00,0,0,0.61,170.83,2026-02-09T07:09:10.199Z,2026-02-09T07:09:10.199Z,,,,UPI,upi-apps,2026,Jan,,,,en
12776,58,One Card #,0.61,734.23,0.00,0.00,0.00,0.00,0,0,0.61,734.23,2026-02-09T07:09:10.212Z,2026-02-09T07:09:10.212Z,,,,UPI,upi-apps,2026,Jan,,,,en
12777,59,DBS Digibank Apps,0.54,187.45,0.06,44.07,0.00,1.23,0,0,0.60,232.75,2026-02-09T07:09:10.224Z,2026-02-09T07:09:10.224Z,,,,UPI,upi-apps,2026,Jan,,,,en
12778,60,Jar #,0.53,15.68,0.00,0.00,0.00,0.00,0,0,0.53,15.68,2026-02-09T07:09:10.234Z,2026-02-09T07:09:10.234Z,,,,UPI,upi-apps,2026,Jan,,,,en
12779,61,Rapipay,0.50,40.91,0.00,0.00,0.00,0.00,0,0,0.50,40.91,2026-02-09T07:09:10.253Z,2026-02-09T07:09:10.253Z,,,,UPI,upi-apps,2026,Jan,,,,en
12780,62,Central Bank of India Apps,0.48,165.59,0.00,0.00,0.00,0.00,0,0,0.48,165.59,2026-02-09T07:09:10.263Z,2026-02-09T07:09:10.263Z,,,,UPI,upi-apps,2026,Jan,,,,en
12781,63,Fino Payments Bank Apps,0.46,46.59,0.00,0.00,0.00,0.00,0,0,0.46,46.59,2026-02-09T07:09:10.276Z,2026-02-09T07:09:10.276Z,,,,UPI,upi-apps,2026,Jan,,,,en
12782,64,Standard Chartered Bank Apps,0.13,107.21,0.33,16.64,0.00,0.22,0,0,0.46,124.07,2026-02-09T07:09:10.284Z,2026-02-09T07:09:10.284Z,,,,UPI,upi-apps,2026,Jan,,,,en
12783,65,Salary Se #,0.46,33.35,0.00,0.00,0.00,0.00,0,0,0.46,33.35,2026-02-09T07:09:10.294Z,2026-02-09T07:09:10.294Z,,,,UPI,upi-apps,2026,Jan,,,,en
12784,66,Freo #,0.40,38.48,0.00,0.00,0.00,0.00,0,0,0.40,38.48,2026-02-09T07:09:10.304Z,2026-02-09T07:09:10.304Z,,,,UPI,upi-apps,2026,Jan,,,,en
12785,67,Spice Money,0.39,35.36,0.00,0.00,0.00,0.00,0,0,0.39,35.36,2026-02-09T07:09:10.314Z,2026-02-09T07:09:10.314Z,,,,UPI,upi-apps,2026,Jan,,,,en
12786,68,Oxymoney,0.00,0.04,0.36,1.68,0.00,0.00,0,0,0.37,1.71,2026-02-09T07:09:10.328Z,2026-02-09T07:09:10.328Z,,,,UPI,upi-apps,2026,Jan,,,,en
12787,69,Tata Pay #,0.35,127.17,0.00,0.00,0.00,0.00,0,0,0.35,127.17,2026-02-09T07:09:10.340Z,2026-02-09T07:09:10.340Z,,,,UPI,upi-apps,2026,Jan,,,,en
12788,70,Bank of India Apps,0.34,110.33,0.00,0.00,0.00,0.00,0,0,0.34,110.33,2026-02-09T07:09:10.942Z,2026-02-09T07:09:10.942Z,,,,UPI,upi-apps,2026,Jan,,,,en
12789,71,Karnataka Bank Apps,0.29,69.24,0.00,0.00,0.00,0.00,0,0,0.29,69.24,2026-02-09T07:09:10.962Z,2026-02-09T07:09:10.962Z,,,,UPI,upi-apps,2026,Jan,,,,en
12790,72,Dhani,0.21,9.10,0.00,0.00,0.00,0.00,0,0,0.21,9.10,2026-02-09T07:09:13.858Z,2026-02-09T07:09:13.858Z,,,,UPI,upi-apps,2026,Jan,,,,en
12791,73,True Balance,0.21,7.27,0.00,0.00,0.00,0.00,0,0,0.21,7.27,2026-02-09T07:09:14.466Z,2026-02-09T07:09:14.466Z,,,,UPI,upi-apps,2026,Jan,,,,en
12792,74,IDBI Bank Apps,0.20,97.89,0.00,0.00,0.00,0.00,0,0,0.20,97.89,2026-02-09T07:09:14.481Z,2026-02-09T07:09:14.481Z,,,,UPI,upi-apps,2026,Jan,,,,en
12793,75,Obopay,0.18,28.32,0.00,0.00,0.00,0.00,0,0,0.18,28.32,2026-02-09T07:09:14.490Z,2026-02-09T07:09:14.490Z,,,,UPI,upi-apps,2026,Jan,,,,en
12794,76,Indian Overseas Bank Apps,0.18,51.36,0.00,0.00,0.00,0.00,0,0,0.18,51.36,2026-02-09T07:09:14.501Z,2026-02-09T07:09:14.501Z,,,,UPI,upi-apps,2026,Jan,,,,en
12795,77,Saathi by PayNearBy #,0.17,19.74,0.00,0.00,0.00,0.00,0,0,0.17,19.74,2026-02-09T07:09:14.510Z,2026-02-09T07:09:14.510Z,,,,UPI,upi-apps,2026,Jan,,,,en
12796,78,Karur Vysya Bank Apps,0.14,49.25,0.00,0.00,0.00,0.00,0,0,0.14,49.25,2026-02-09T07:09:14.521Z,2026-02-09T07:09:14.521Z,,,,UPI,upi-apps,2026,Jan,,,,en
12797,79,Payworld,0.11,10.57,0.00,0.00,0.00,0.00,0,0,0.11,10.57,2026-02-09T07:09:14.530Z,2026-02-09T07:09:14.530Z,,,,UPI,upi-apps,2026,Jan,,,,en
12798,80,Tamilnad Mercantile Bank Apps,0.11,41.01,0.00,0.00,0.00,0.00,0,0,0.11,41.01,2026-02-09T07:09:14.541Z,2026-02-09T07:09:14.541Z,,,,UPI,upi-apps,2026,Jan,,,,en
12799,81,TwidPay #,0.10,12.15,0.00,0.00,0.00,0.00,0,0,0.10,12.15,2026-02-09T07:09:14.550Z,2026-02-09T07:09:14.550Z,,,,UPI,upi-apps,2026,Jan,,,,en
12800,82,Bank of Maharashtra Apps,0.07,25.70,0.00,0.00,0.00,0.00,0,0,0.07,25.70,2026-02-09T07:09:14.562Z,2026-02-09T07:09:14.562Z,,,,UPI,upi-apps,2026,Jan,,,,en
12801,83,Cheq,0.07,6.43,0.00,0.00,0.00,0.00,0,0,0.07,6.43,2026-02-09T07:09:14.573Z,2026-02-09T07:09:14.573Z,,,,UPI,upi-apps,2026,Jan,,,,en
12802,84,City Union Bank Apps,0.07,28.62,0.00,0.00,0.00,0.00,0,0,0.07,28.62,2026-02-09T07:09:14.583Z,2026-02-09T07:09:14.583Z,,,,UPI,upi-apps,2026,Jan,,,,en
12803,85,Equitas Small Finance Bank Apps,0.06,14.87,0.00,0.00,0.00,0.00,0,0,0.06,14.87,2026-02-09T07:09:14.592Z,2026-02-09T07:09:14.592Z,,,,UPI,upi-apps,2026,Jan,,,,en
12804,86,Curie Money,0.05,3.14,0.00,0.00,0.00,0.00,0,0,0.05,3.14,2026-02-09T07:09:14.602Z,2026-02-09T07:09:14.602Z,,,,UPI,upi-apps,2026,Jan,,,,en
12805,87,Unity Small Finance Bank Apps,0.05,15.24,0.00,0.00,0.00,0.00,0,0,0.05,15.24,2026-02-09T07:09:14.612Z,2026-02-09T07:09:14.612Z,,,,UPI,upi-apps,2026,Jan,,,,en
12806,88,Ultracash #,0.05,3.61,0.00,0.00,0.00,0.00,0,0,0.05,3.61,2026-02-09T07:09:14.623Z,2026-02-09T07:09:14.623Z,,,,UPI,upi-apps,2026,Jan,,,,en
12807,89,LXME #,0.04,3.33,0.00,0.00,0.00,0.00,0,0,0.04,3.33,2026-02-09T07:09:14.633Z,2026-02-09T07:09:14.633Z,,,,UPI,upi-apps,2026,Jan,,,,en
12808,90,Fave,0.04,7.47,0.00,0.00,0.00,0.00,0,0,0.04,7.47,2026-02-09T07:09:14.645Z,2026-02-09T07:09:14.645Z,,,,UPI,upi-apps,2026,Jan,,,,en
12809,91,Punjab Sind Bank Apps,0.03,15.58,0.00,0.00,0.00,0.00,,,0.03,15.58,2026-02-09T07:09:14.659Z,2026-02-09T07:09:14.659Z,,,,UPI,upi-apps,2026,Jan,,,,en
12810,92,Others,2.81,253.26,0.00,0.00,0.17,7.38,,,2.98,260.65,2026-02-09T07:09:14.668Z,2026-02-09T07:09:14.668Z,,,,UPI,upi-apps,2026,Jan,,,,en
12811,1,PhonePe,"9,284.22","1,310,392.95",0.00,0.00,0.00,0.00,0,0,"9,284.22","1,310,392.95",2026-03-12T10:55:38.046Z,2026-03-12T10:55:38.046Z,,,,UPI,upi-apps,2026,Feb,,,,en
12812,2,Google Pay #,"6,767.14","903,051.60",0.00,0.00,0.00,0.00,0,0,"6,767.14","903,051.60",2026-03-12T10:55:38.083Z,2026-03-12T10:55:38.083Z,,,,UPI,upi-apps,2026,Feb,,,,en
12813,3,Paytm,"1,595.09","174,128.86",0.00,0.00,0.00,0.00,0,0,"1,595.09","174,128.86",2026-03-12T10:55:38.093Z,2026-03-12T10:55:38.093Z,,,,UPI,upi-apps,2026,Feb,,,,en
12814,4,Navi #,650.28,"36,563.00",0.00,0.00,0.00,0.00,0,0,650.28,"36,563.00",2026-03-12T10:55:38.104Z,2026-03-12T10:55:38.104Z,,,,UPI,upi-apps,2026,Feb,,,,en
12815,5,super.money #,289.32,"12,314.08",0.00,0.00,0.00,0.00,0,0,289.32,"12,314.08",2026-03-12T10:55:38.115Z,2026-03-12T10:55:38.115Z,,,,UPI,upi-apps,2026,Feb,,,,en
12816,6,BHIM,175.93,"21,263.92",0.00,0.00,0.00,0.00,0,0,175.93,"21,263.92",2026-03-12T10:55:38.125Z,2026-06-10T09:15:12.708Z,,,,UPI,upi-apps,2026,Feb,,,,en
12817,7,FamApp by Trio #,149.06,"1,898.62",0.00,0.00,0.00,0.00,0,0,149.06,"1,898.62",2026-03-12T10:55:38.135Z,2026-03-12T10:55:38.135Z,,,,UPI,upi-apps,2026,Feb,,,,en
12818,8,Cred #,145.98,"54,045.92",0.00,0.00,0.00,0.00,0,0,145.98,"54,045.92",2026-03-12T10:55:38.146Z,2026-03-12T10:55:38.146Z,,,,UPI,upi-apps,2026,Feb,,,,en
12819,9,Axis Bank Apps,26.10,"4,765.47",105.94,"7,381.58",0.07,10.89,0,0,132.11,"12,157.93",2026-03-12T10:55:38.158Z,2026-03-12T10:55:38.158Z,,,,UPI,upi-apps,2026,Feb,,,,en
12820,10,Whatsapp #,112.89,"8,557.08",0.00,0.00,0.00,0.00,0,0,112.89,"8,557.08",2026-03-12T10:55:38.169Z,2026-03-12T10:55:38.169Z,,,,UPI,upi-apps,2026,Feb,,,,en
12821,11,Kotak Mahindra Bank Apps,102.00,"12,295.68",0.01,0.22,0.00,0.00,0,0,102.00,"12,295.90",2026-03-12T10:55:38.180Z,2026-03-12T10:55:38.180Z,,,,UPI,upi-apps,2026,Feb,,,,en
12822,12,Amazon Pay #,75.81,"9,288.21",0.00,0.00,0.00,0.00,0,0,75.81,"9,288.21",2026-03-12T10:55:38.190Z,2026-03-12T10:55:38.190Z,,,,UPI,upi-apps,2026,Feb,,,,en
12823,13,HDFC Bank Apps,29.81,"9,915.03",37.13,"5,333.50",0.00,0.30,0,0,66.94,"15,248.82",2026-03-12T10:55:38.203Z,2026-03-12T10:55:38.203Z,,,,UPI,upi-apps,2026,Feb,,,,en
12824,14,Mobikwik #,65.81,"7,509.87",0.00,0.00,0.00,0.00,0,0,65.81,"7,509.87",2026-03-12T10:55:38.213Z,2026-03-12T10:55:38.213Z,,,,UPI,upi-apps,2026,Feb,,,,en
12825,15,Slice Small Finance Bank Apps,39.98,"3,775.84",2.58,425.00,0.01,4.34,0,0,42.57,"4,205.18",2026-03-12T10:55:38.224Z,2026-03-12T10:55:38.224Z,,,,UPI,upi-apps,2026,Feb,,,,en
12826,16,Yes Bank Apps,3.47,"2,845.34",38.48,"3,340.61",0.12,8.75,0,0,42.07,"6,194.70",2026-03-12T10:55:38.237Z,2026-03-12T10:55:38.237Z,,,,UPI,upi-apps,2026,Feb,,,,en
12827,17,ICICI Bank Apps,21.66,"6,802.26",15.92,"9,028.29",2.37,"2,383.12",-,-,39.95,"18,213.67",2026-03-12T10:55:38.247Z,2026-03-12T10:55:38.247Z,,,,UPI,upi-apps,2026,Feb,,,,en
12828,18,IDFC Bank Apps,13.50,"3,189.21",23.91,39.16,0.01,0.19,0,0,37.41,"3,228.56",2026-03-12T10:55:38.258Z,2026-03-12T10:55:38.258Z,,,,UPI,upi-apps,2026,Feb,,,,en
12829,19,Bharat Pe #,2.72,224.48,0.00,0.00,0.00,0.00,0,0,2.72,224.48,2026-03-12T10:55:38.278Z,2026-03-12T10:55:38.278Z,,,,UPI,upi-apps,2026,Feb,,,,en
12830,20,India Post Payments Bank Apps,16.52,"1,788.50",0.00,0.00,0.00,0.00,0,0,16.52,"1,788.50",2026-03-12T10:55:39.975Z,2026-03-12T10:55:39.975Z,,,,UPI,upi-apps,2026,Feb,,,,en
12831,21,Airtel Payments Bank Apps,15.29,"1,214.22",1.04,109.15,0.00,0.00,0,0,16.33,"1,323.37",2026-03-12T10:55:39.992Z,2026-03-12T10:55:39.992Z,,,,UPI,upi-apps,2026,Feb,,,,en
12832,22,Groww #,16.30,"12,154.86",0.00,0.00,0.00,0.00,0,0,16.30,"12,154.86",2026-03-12T10:55:41.105Z,2026-03-12T10:55:41.105Z,,,,UPI,upi-apps,2026,Feb,,,,en
12833,23,State Bank of India Apps,15.70,"4,698.10",0.00,0.41,0.00,0.00,0,0,15.70,"4,698.51",2026-03-12T10:55:41.119Z,2026-03-12T10:55:41.119Z,,,,UPI,upi-apps,2026,Feb,,,,en
12834,24,Bajaj Finserv #,13.01,"2,805.76",0.00,0.00,0.00,0.00,0,0,13.01,"2,805.76",2026-03-12T10:55:41.151Z,2026-03-12T10:55:41.151Z,,,,UPI,upi-apps,2026,Feb,,,,en
12835,25,Samsung Pay #,10.29,679.66,0.00,0.00,0.00,0.00,0,0,10.29,679.66,2026-03-12T10:55:41.162Z,2026-03-12T10:55:41.162Z,,,,UPI,upi-apps,2026,Feb,,,,en
12836,26,RBL Bank Apps,0.49,201.30,9.42,"3,981.52",0.12,34.01,0,0,10.03,"4,216.83",2026-03-12T10:55:41.173Z,2026-03-12T10:55:41.173Z,,,,UPI,upi-apps,2026,Feb,,,,en
12837,27,POP UPI #,8.48,662.57,0.00,0.00,0.00,0.00,0,0,8.48,662.57,2026-03-12T10:55:41.183Z,2026-03-12T10:55:41.183Z,,,,UPI,upi-apps,2026,Feb,,,,en
12838,28,Federal Bank Apps,6.70,"1,996.03",0.00,6.19,0.00,0.00,0,0,6.70,"2,002.22",2026-03-12T10:55:41.193Z,2026-03-12T10:55:41.193Z,,,,UPI,upi-apps,2026,Feb,,,,en
12839,29,Jio Payments Bank Apps,6.64,449.17,0.00,0.00,0.00,0.00,0,0,6.64,449.17,2026-03-12T10:55:41.203Z,2026-03-12T10:55:41.203Z,,,,UPI,upi-apps,2026,Feb,,,,en
12840,30,Jupiter Money #,5.35,897.61,0.00,0.00,0.00,0.00,0,0,5.35,897.61,2026-03-12T10:55:41.213Z,2026-03-12T10:55:41.213Z,,,,UPI,upi-apps,2026,Feb,,,,en
12841,31,Deutsche Bank Apps,0.03,32.16,4.82,759.08,0.00,0.14,0,0,4.85,791.38,2026-03-12T10:55:41.223Z,2026-03-12T10:55:41.223Z,,,,UPI,upi-apps,2026,Feb,,,,en
12842,32,Ind Money #,3.70,"1,096.38",0.00,0.00,0.00,0.00,0,0,3.70,"1,096.38",2026-03-12T10:55:41.233Z,2026-03-12T10:55:41.233Z,,,,UPI,upi-apps,2026,Feb,,,,en
12843,33,Canara Bank Apps,3.61,972.59,0.00,0.00,0.00,0.00,0,0,3.61,972.59,2026-03-12T10:55:41.244Z,2026-03-12T10:55:41.244Z,,,,UPI,upi-apps,2026,Feb,,,,en
12844,34,Money View #,2.83,157.81,0.00,0.00,0.00,0.00,0,0,2.83,157.81,2026-03-12T10:55:41.255Z,2026-03-12T10:55:41.255Z,,,,UPI,upi-apps,2026,Feb,,,,en
12845,35,Kiwi #,2.65,434.15,0.00,0.00,0.00,0.00,0,0,2.65,434.15,2026-03-12T10:55:41.265Z,2026-03-12T10:55:41.265Z,,,,UPI,upi-apps,2026,Feb,,,,en
12846,36,Jammu and Kashmir Bank Apps,2.65,394.59,0.00,0.00,0.00,0.00,0,0,2.65,394.59,2026-03-12T10:55:41.276Z,2026-03-12T10:55:41.276Z,,,,UPI,upi-apps,2026,Feb,,,,en
12847,37,KreditBee #,2.44,142.33,0.00,0.00,0.00,0.00,0,0,2.44,142.33,2026-03-12T10:55:41.287Z,2026-03-12T10:55:41.287Z,,,,UPI,upi-apps,2026,Feb,,,,en
12848,38,Flipkart UPI #,2.39,115.59,0.00,0.00,0.00,0.00,0,0,2.39,115.59,2026-03-12T10:55:41.297Z,2026-03-12T10:55:41.297Z,,,,UPI,upi-apps,2026,Feb,,,,en
12849,39,Suryoday Bank Apps,0.00,0.00,2.34,10.35,0.03,2.94,0,0,2.37,13.30,2026-03-12T10:55:41.307Z,2026-03-12T10:55:41.307Z,,,,UPI,upi-apps,2026,Feb,,,,en
12850,40,Punjab National Bank Apps,1.96,536.12,0.00,0.00,0.00,0.00,0,0,1.96,536.12,2026-03-12T10:55:41.318Z,2026-03-12T10:55:41.318Z,,,,UPI,upi-apps,2026,Feb,,,,en
12851,41,Fi Money #,1.92,299.83,0.00,0.00,0.00,0.00,0,0,1.92,299.83,2026-03-12T10:55:41.329Z,2026-03-12T10:55:41.329Z,,,,UPI,upi-apps,2026,Feb,,,,en
12852,42,Aditya Birla Capital Digital #,1.87,25.79,0.00,0.00,0.00,0.00,0,0,1.87,25.79,2026-03-12T10:55:41.340Z,2026-03-12T10:55:41.340Z,,,,UPI,upi-apps,2026,Feb,,,,en
12853,43,Timepay #,1.23,21.55,0.00,0.00,0.00,0.00,0,0,1.23,21.55,2026-03-12T10:55:41.350Z,2026-03-12T10:55:41.350Z,,,,UPI,upi-apps,2026,Feb,,,,en
12854,44,Omni Card,1.77,92.21,0.00,0.00,0.00,0.00,0,0,1.77,92.21,2026-03-12T10:55:41.360Z,2026-03-12T10:55:41.360Z,,,,UPI,upi-apps,2026,Feb,,,,en
12855,45,Indian Bank Apps,1.33,338.37,0.00,0.00,0.12,117.24,0,0,1.45,455.61,2026-03-12T10:55:41.371Z,2026-03-12T10:55:41.371Z,,,,UPI,upi-apps,2026,Feb,,,,en
12856,46,Bank of Baroda Apps,1.44,407.57,0.00,0.00,0.00,18.17,0,0,1.44,425.74,2026-03-12T10:55:41.380Z,2026-03-12T10:55:41.380Z,,,,UPI,upi-apps,2026,Feb,,,,en
12857,47,Digikhata,1.31,472.46,0.00,0.00,0.00,0.00,0,0,1.31,472.46,2026-03-12T10:55:41.389Z,2026-03-12T10:55:41.389Z,,,,UPI,upi-apps,2026,Feb,,,,en
12858,48,HSBC Bank Apps,0.76,144.93,0.48,3.06,0.01,0.33,0,0,1.25,148.32,2026-03-12T10:55:41.406Z,2026-03-12T10:55:41.406Z,,,,UPI,upi-apps,2026,Feb,,,,en
12859,49,IndusInd Bank Apps,0.49,131.85,0.68,65.34,0.00,0.04,0,0,1.17,197.23,2026-03-12T10:55:41.418Z,2026-03-12T10:55:41.418Z,,,,UPI,upi-apps,2026,Feb,,,,en
12860,50,NSDL Payments Bank Apps,0.14,12.95,0.80,263.13,0.02,1.74,0,0,0.96,277.82,2026-03-12T10:55:41.979Z,2026-03-12T10:55:41.979Z,,,,UPI,upi-apps,2026,Feb,,,,en
12861,51,AU Small Finance Bank Apps,0.85,276.39,0.00,0.68,0.00,0.00,0,0,0.85,277.08,2026-03-12T10:55:41.996Z,2026-03-12T10:55:41.996Z,,,,UPI,upi-apps,2026,Feb,,,,en
12862,52,Union Bank Apps,0.84,241.03,0.00,0.00,0.00,0.00,0,0,0.84,241.03,2026-03-12T10:55:44.721Z,2026-03-12T10:55:44.721Z,,,,UPI,upi-apps,2026,Feb,,,,en
12863,53,South Indian Bank Apps,0.84,266.22,0.00,0.00,0.00,0.00,0,0,0.84,266.22,2026-03-12T10:55:44.767Z,2026-03-12T10:55:44.767Z,,,,UPI,upi-apps,2026,Feb,,,,en
12864,54,Freo #,0.77,72.69,0.00,0.00,0.00,0.00,0,0,0.77,72.69,2026-03-12T10:55:45.330Z,2026-03-12T10:55:45.330Z,,,,UPI,upi-apps,2026,Feb,,,,en
12865,55,Shri Ram One #,0.71,82.45,0.00,0.00,0.00,0.00,0,0,0.71,82.45,2026-03-12T10:55:45.341Z,2026-03-12T10:55:45.341Z,,,,UPI,upi-apps,2026,Feb,,,,en
12866,56,Kredit Pe #,0.67,58.61,0.00,0.00,0.00,0.00,0,0,0.67,58.61,2026-03-12T10:55:45.352Z,2026-03-12T10:55:45.352Z,,,,UPI,upi-apps,2026,Feb,,,,en
12867,57,Jar #,0.63,19.07,0.00,0.00,0.00,0.00,0,0,0.63,19.07,2026-03-12T10:55:45.363Z,2026-03-12T10:55:45.363Z,,,,UPI,upi-apps,2026,Feb,,,,en
12868,58,UCO Bank Apps,0.57,161.22,0.00,0.00,0.00,0.00,0,0,0.57,161.22,2026-03-12T10:55:45.373Z,2026-03-12T10:55:45.373Z,,,,UPI,upi-apps,2026,Feb,,,,en
12869,59,One Card #,0.57,684.40,0.00,0.00,0.00,0.00,0,0,0.57,684.40,2026-03-12T10:55:45.383Z,2026-03-12T10:55:45.383Z,,,,UPI,upi-apps,2026,Feb,,,,en
12870,60,DBS Digibank Apps,0.51,171.35,0.04,33.31,0.00,0.58,0,0,0.55,205.24,2026-03-12T10:55:45.392Z,2026-03-12T10:55:45.392Z,,,,UPI,upi-apps,2026,Feb,,,,en
12871,61,Fino Payments Bank Apps,0.52,51.55,0.00,0.00,0.00,0.00,0,0,0.52,51.55,2026-03-12T10:55:45.403Z,2026-03-12T10:55:45.403Z,,,,UPI,upi-apps,2026,Feb,,,,en
12872,62,Salary Se #,0.48,38.44,0.00,0.00,0.00,0.00,0,0,0.48,38.44,2026-03-12T10:55:45.419Z,2026-03-12T10:55:45.419Z,,,,UPI,upi-apps,2026,Feb,,,,en
12873,63,Central Bank of India Apps,0.47,165.55,0.00,0.00,0.00,0.00,0,0,0.47,165.55,2026-03-12T10:55:45.429Z,2026-03-12T10:55:45.429Z,,,,UPI,upi-apps,2026,Feb,,,,en
12874,64,Rapipay,0.47,33.53,0.00,0.00,0.00,0.00,0,0,0.47,33.53,2026-03-12T10:55:45.439Z,2026-03-12T10:55:45.439Z,,,,UPI,upi-apps,2026,Feb,,,,en
12875,65,Standard Chartered Bank Apps,0.12,95.62,0.34,13.89,0.00,0.20,0,0,0.46,109.71,2026-03-12T10:55:45.450Z,2026-03-12T10:55:45.450Z,,,,UPI,upi-apps,2026,Feb,,,,en
12876,66,Spice Money,0.39,35.08,0.00,0.00,0.00,0.00,0,0,0.39,35.08,2026-03-12T10:55:45.460Z,2026-03-12T10:55:45.460Z,,,,UPI,upi-apps,2026,Feb,,,,en
12877,67,ESAF Small Finance Bank Apps,0.35,38.36,0.00,0.00,0.00,0.00,0,0,0.35,38.36,2026-03-12T10:55:45.470Z,2026-03-12T10:55:45.470Z,,,,UPI,upi-apps,2026,Feb,,,,en
12878,68,Tata Pay #,0.29,101.76,0.00,0.00,0.00,0.00,0,0,0.29,101.76,2026-03-12T10:55:45.481Z,2026-03-12T10:55:45.481Z,,,,UPI,upi-apps,2026,Feb,,,,en
12879,69,Bank of India Apps,0.26,89.73,0.00,0.00,0.00,0.00,0,0,0.26,89.73,2026-03-12T10:55:45.491Z,2026-03-12T10:55:45.491Z,,,,UPI,upi-apps,2026,Feb,,,,en
12880,70,Karnataka Bank Apps,0.26,63.37,0.00,0.00,0.00,0.01,0,0,0.26,63.38,2026-03-12T10:55:45.501Z,2026-03-12T10:55:45.501Z,,,,UPI,upi-apps,2026,Feb,,,,en
12881,71,IDBI Bank Apps,0.19,94.62,0.00,0.00,0.00,0.00,0,0,0.19,94.62,2026-03-12T10:55:45.512Z,2026-03-12T10:55:45.512Z,,,,UPI,upi-apps,2026,Feb,,,,en
12882,72,Obopay,0.19,30.31,0.00,0.00,0.00,0.00,0,0,0.19,30.31,2026-03-12T10:55:45.522Z,2026-03-12T10:55:45.522Z,,,,UPI,upi-apps,2026,Feb,,,,en
12883,73,Saathi by PayNearBy #,0.19,23.54,0.00,0.00,0.00,0.00,0,0,0.19,23.54,2026-03-12T10:55:45.532Z,2026-03-12T10:55:45.532Z,,,,UPI,upi-apps,2026,Feb,,,,en
12884,74,True Balance,0.19,6.55,0.00,0.00,0.00,0.00,0,0,0.19,6.55,2026-03-12T10:55:45.542Z,2026-03-12T10:55:45.542Z,,,,UPI,upi-apps,2026,Feb,,,,en
12885,75,Dhani,0.19,8.16,0.00,0.00,0.00,0.00,0,0,0.19,8.16,2026-03-12T10:55:45.552Z,2026-03-12T10:55:45.552Z,,,,UPI,upi-apps,2026,Feb,,,,en
12886,76,TwidPay #,0.14,14.73,0.00,0.00,0.00,0.00,0,0,0.14,14.73,2026-03-12T10:55:45.561Z,2026-03-12T10:55:45.561Z,,,,UPI,upi-apps,2026,Feb,,,,en
12887,77,Karur Vysya Bank Apps,0.13,46.09,0.00,0.00,0.00,0.00,0,0,0.13,46.09,2026-03-12T10:55:45.573Z,2026-03-12T10:55:45.573Z,,,,UPI,upi-apps,2026,Feb,,,,en
12888,78,Indian Overseas Bank Apps,0.12,37.83,0.00,0.00,0.00,0.00,0,0,0.12,37.83,2026-03-12T10:55:45.582Z,2026-03-12T10:55:45.582Z,,,,UPI,upi-apps,2026,Feb,,,,en
12889,79,Payworld,0.12,10.68,0.00,0.00,0.00,0.00,0,0,0.12,10.68,2026-03-12T10:55:45.596Z,2026-03-12T10:55:45.596Z,,,,UPI,upi-apps,2026,Feb,,,,en
12890,80,Tamilnad Mercantile Bank Apps,0.10,39.00,0.00,0.00,0.00,0.00,0,0,0.10,39.00,2026-03-12T10:55:45.606Z,2026-03-12T10:55:45.606Z,,,,UPI,upi-apps,2026,Feb,,,,en
12891,81,City Union Bank Apps,0.06,28.19,0.02,0.33,0.00,0.07,0,0,0.08,28.59,2026-03-12T10:55:45.616Z,2026-03-12T10:55:45.616Z,,,,UPI,upi-apps,2026,Feb,,,,en
12892,82,Cheq,0.08,7.50,0.00,0.00,0.00,0.00,0,0,0.08,7.50,2026-03-12T10:55:45.627Z,2026-03-12T10:55:45.627Z,,,,UPI,upi-apps,2026,Feb,,,,en
12893,83,Bank of Maharashtra Apps,0.06,22.32,0.00,0.00,0.00,0.00,0,0,0.06,22.32,2026-03-12T10:55:45.637Z,2026-03-12T10:55:45.637Z,,,,UPI,upi-apps,2026,Feb,,,,en
12894,84,Equitas Small Finance Bank Apps,0.06,16.45,0.00,0.00,0.00,0.00,0,0,0.06,16.45,2026-03-12T10:55:45.647Z,2026-03-12T10:55:45.647Z,,,,UPI,upi-apps,2026,Feb,,,,en
12895,85,LXME #,0.05,3.78,0.00,0.00,0.00,0.00,0,0,0.05,3.78,2026-03-12T10:55:45.658Z,2026-03-12T10:55:45.658Z,,,,UPI,upi-apps,2026,Feb,,,,en
12896,86,Curie Money #,0.05,2.96,0.00,0.00,0.00,0.00,0,0,0.05,2.96,2026-03-12T10:55:45.668Z,2026-03-12T10:55:45.668Z,,,,UPI,upi-apps,2026,Feb,,,,en
12897,87,Ultracash #,0.05,3.72,0.00,0.00,0.00,0.00,0,0,0.05,3.72,2026-03-12T10:55:45.678Z,2026-03-12T10:55:45.678Z,,,,UPI,upi-apps,2026,Feb,,,,en
12898,88,Unity Small Finance Bank Apps,0.05,11.21,0.00,0.00,0.00,0.00,0,0,0.05,11.21,2026-03-12T10:55:45.688Z,2026-03-12T10:55:45.688Z,,,,UPI,upi-apps,2026,Feb,,,,en
12899,89,Fave,0.04,8.37,0.00,0.00,0.00,0.00,0,0,0.04,8.37,2026-03-12T10:55:45.701Z,2026-03-12T10:55:45.701Z,,,,UPI,upi-apps,2026,Feb,,,,en
12900,90,ZET #,0.03,2.01,0.00,0.00,0.00,0.00,0,0,0.03,2.01,2026-03-12T10:55:45.711Z,2026-03-12T10:55:45.711Z,,,,UPI,upi-apps,2026,Feb,,,,en
12901,91,Punjab Sind Bank Apps,0.03,12.71,0.00,0.00,0.00,0.00,0,0,0.03,12.71,2026-03-12T10:55:45.721Z,2026-03-12T10:55:45.721Z,,,,UPI,upi-apps,2026,Feb,,,,en
12902,92,Others,2.89,239.63,0.00,0.00,0.15,6.73,0,0,3.04,246.36,2026-03-12T10:55:45.731Z,2026-03-12T10:55:45.731Z,,,,UPI,upi-apps,2026,Feb,,,,en
13270,1,PhonePe,"10,503.81","1,448,286.63",0.00,0.00,0.00,0.00,0,0,"10,503.81","1,448,286.63",2026-06-04T16:22:54.504Z,2026-06-04T16:22:54.504Z,,,,UPI,upi-apps,2026,Mar,,,,en
13271,2,Google Pay #,"7,535.71","999,480.47",0.00,0.00,0.00,0.00,0,0,"7,535.71","999,480.47",2026-06-04T16:22:54.545Z,2026-06-04T16:22:54.545Z,,,,UPI,upi-apps,2026,Mar,,,,en
13272,3,Paytm,"1,770.00","192,610.34",0.00,0.00,0.00,0.00,0,0,"1,770.00","192,610.34",2026-06-04T16:22:54.555Z,2026-06-04T16:22:54.555Z,,,,UPI,upi-apps,2026,Mar,,,,en
13273,4,Navi #,790.34,"43,044.76",0.00,0.00,0.00,0.00,0,0,790.34,"43,044.76",2026-06-04T16:22:54.566Z,2026-06-04T16:22:54.566Z,,,,UPI,upi-apps,2026,Mar,,,,en
13274,5,super.money #,341.24,"14,788.83",0.00,0.00,0.00,0.00,0,0,341.24,"14,788.83",2026-06-04T16:22:54.574Z,2026-06-04T16:22:54.574Z,,,,UPI,upi-apps,2026,Mar,,,,en
13275,6,BHIM,202.44,"24,718.80",0.00,0.00,0.00,0.00,0,0,202.44,"24,718.80",2026-06-04T16:22:54.582Z,2026-06-04T16:22:54.582Z,,,,UPI,upi-apps,2026,Mar,,,,en
13276,7,FamApp by Trio #,168.60,"2,250.14",0.00,0.00,0.00,0.00,0,0,168.60,"2,250.14",2026-06-04T16:22:54.590Z,2026-06-04T16:22:54.590Z,,,,UPI,upi-apps,2026,Mar,,,,en
13277,8,Cred #,163.20,"62,029.55",0.00,0.00,0.00,0.00,0,0,163.20,"62,029.55",2026-06-04T16:22:54.599Z,2026-06-04T16:22:54.599Z,,,,UPI,upi-apps,2026,Mar,,,,en
13278,9,Axis Bank Apps,28.63,"5,352.40",106.70,7816.66,0.08,11.77,0,0,135.40,"13,180.82",2026-06-04T16:22:54.607Z,2026-06-04T16:22:54.607Z,,,,UPI,upi-apps,2026,Mar,,,,en
13279,10,Whatsapp #,130.74,"9,917.41",0.00,0.00,0.00,0.00,0,0,130.74,"9,917.41",2026-06-04T16:22:54.614Z,2026-06-04T16:22:54.614Z,,,,UPI,upi-apps,2026,Mar,,,,en
13280,11,Kotak Mahindra Bank Apps,114.65,"13,889.78",0.01,0.28,0.00,0.00,0,0,114.66,"13,890.06",2026-06-04T16:22:54.622Z,2026-06-04T16:22:54.622Z,,,,UPI,upi-apps,2026,Mar,,,,en
13281,12,Amazon Pay #,87.58,"10,534.95",0.00,0.00,0.00,0.00,0,0,87.58,"10,534.95",2026-06-04T16:22:54.629Z,2026-06-04T16:22:54.629Z,,,,UPI,upi-apps,2026,Mar,,,,en
13282,13,Mobikwik #,78.74,"9,239.68",0.00,0.00,0.00,0.00,0,0,78.74,"9,239.68",2026-06-04T16:22:54.637Z,2026-06-04T16:22:54.637Z,,,,UPI,upi-apps,2026,Mar,,,,en
13283,14,HDFC Bank Apps,33.66,"11,507.49",43.22,5194.75,0.00,0.35,0,0,76.89,"16,702.59",2026-06-04T16:22:54.645Z,2026-06-04T16:22:54.645Z,,,,UPI,upi-apps,2026,Mar,,,,en
13284,15,Slice Small Finance Bank Apps,47.77,"4,382.27",2.45,409.24,0.02,4.03,0,0,50.24,"4,795.55",2026-06-04T16:22:54.652Z,2026-06-04T16:22:54.652Z,,,,UPI,upi-apps,2026,Mar,,,,en
13285,16,ICICI Bank Apps,23.23,"7,925.92",20.64,10452.40,2.84,2981.70,0,0,46.71,"21,360.03",2026-06-04T16:22:54.661Z,2026-06-04T16:22:54.661Z,,,,UPI,upi-apps,2026,Mar,,,,en
13286,17,IDFC Bank Apps,14.86,"3,516.14",30.83,111.84,0.01,0.75,-,-,45.70,"3,628.73",2026-06-04T16:22:54.684Z,2026-06-04T16:22:54.684Z,,,,UPI,upi-apps,2026,Mar,,,,en
13287,18,Yes Bank Apps,4.29,"3,959.51",38.79,3568.89,0.22,10.99,0,0,43.29,"7,539.40",2026-06-04T16:22:57.130Z,2026-06-04T16:22:57.130Z,,,,UPI,upi-apps,2026,Mar,,,,en
13288,19,India Post Payments Bank Apps,19.51,"2,107.06",0.00,0.01,0.00,0.00,0,0,19.51,"2,107.07",2026-06-04T16:22:57.139Z,2026-06-04T16:22:57.139Z,,,,UPI,upi-apps,2026,Mar,,,,en
13289,20,Airtel Payments Bank Apps,17.53,"1,480.56",1.26,137.66,0.00,0.00,0,0,18.79,"1,618.22",2026-06-04T16:22:57.770Z,2026-06-04T16:22:57.770Z,,,,UPI,upi-apps,2026,Mar,,,,en
13290,21,State Bank of India Apps,18.15,"5,470.95",0.00,0.07,0.00,0.00,0,0,18.16,"5,471.02",2026-06-04T16:22:57.803Z,2026-06-04T16:22:57.803Z,,,,UPI,upi-apps,2026,Mar,,,,en
13291,22,Groww #,16.40,"12,851.64",0.00,0.00,0.00,0.00,0,0,16.40,"12,851.64",2026-06-04T16:22:57.812Z,2026-06-04T16:22:57.812Z,,,,UPI,upi-apps,2026,Mar,,,,en
13292,23,Bajaj Finserv #,13.67,"2,879.05",0.00,0.00,0.00,0.00,0,0,13.67,"2,879.05",2026-06-04T16:22:57.820Z,2026-06-04T16:22:57.820Z,,,,UPI,upi-apps,2026,Mar,,,,en
13293,24,RBL Bank Apps,0.54,225.89,10.71,4294.85,0.14,39.79,0,0,11.39,"4,560.53",2026-06-04T16:22:57.828Z,2026-06-04T16:22:57.828Z,,,,UPI,upi-apps,2026,Mar,,,,en
13294,25,Samsung Pay #,11.00,743.38,0.00,0.00,0.00,0.00,0,0,11.00,743.38,2026-06-04T16:22:57.835Z,2026-06-04T16:22:57.835Z,,,,UPI,upi-apps,2026,Mar,,,,en
13295,26,Jio Payments Bank Apps,7.77,509.61,0.00,0.00,0.00,0.00,0,0,7.77,509.61,2026-06-04T16:22:57.843Z,2026-06-04T16:22:57.843Z,,,,UPI,upi-apps,2026,Mar,,,,en
13296,27,Federal Bank Apps,7.43,"2,168.04",0.01,7.71,0.00,0.00,0,0,7.43,"2,175.75",2026-06-04T16:22:57.850Z,2026-06-04T16:22:57.850Z,,,,UPI,upi-apps,2026,Mar,,,,en
13297,28,POP UPI #,7.38,571.10,0.00,0.00,0.00,0.00,0,0,7.38,571.10,2026-06-04T16:22:57.857Z,2026-06-04T16:22:57.857Z,,,,UPI,upi-apps,2026,Mar,,,,en
13298,29,Jupiter Money #,5.70,944.90,0.00,0.00,0.00,0.00,0,0,5.70,944.90,2026-06-04T16:22:57.865Z,2026-06-04T16:22:57.865Z,,,,UPI,upi-apps,2026,Mar,,,,en
13299,30,Deutsche Bank Apps,0.03,43.82,5.05,831.43,0.00,0.16,0,0,5.08,875.42,2026-06-04T16:22:57.872Z,2026-06-04T16:22:57.872Z,,,,UPI,upi-apps,2026,Mar,,,,en
13300,31,Ind Money #,4.02,"1,328.44",0.00,0.00,0.00,0.00,0,0,4.02,"1,328.44",2026-06-04T16:22:57.880Z,2026-06-04T16:22:57.880Z,,,,UPI,upi-apps,2026,Mar,,,,en
13301,32,Money View #,3.82,244.73,0.00,0.00,0.00,0.00,0,0,3.82,244.73,2026-06-04T16:22:57.893Z,2026-06-04T16:22:57.893Z,,,,UPI,upi-apps,2026,Mar,,,,en
13302,33,KreditBee #,3.68,179.15,0.00,0.00,0.00,0.00,0,0,3.68,179.15,2026-06-04T16:22:57.903Z,2026-06-04T16:22:57.903Z,,,,UPI,upi-apps,2026,Mar,,,,en
13303,34,Canara Bank Apps,3.65,"1,041.64",0.00,0.00,0.00,0.00,0,0,3.65,"1,041.64",2026-06-04T16:22:57.911Z,2026-06-04T16:22:57.911Z,,,,UPI,upi-apps,2026,Mar,,,,en
13304,35,Jammu and Kashmir Bank Apps,3.08,489.39,0.00,0.00,0.00,0.00,0,0,3.08,489.39,2026-06-04T16:22:57.919Z,2026-06-04T16:22:57.919Z,,,,UPI,upi-apps,2026,Mar,,,,en
13305,36,Kiwi #,2.79,500.02,0.00,0.00,0.00,0.00,0,0,2.79,500.02,2026-06-04T16:22:57.928Z,2026-06-04T16:22:57.928Z,,,,UPI,upi-apps,2026,Mar,,,,en
13306,37,Suryoday Bank Apps,0.00,0.00,2.68,9.93,0.10,3.60,0,0,2.78,13.52,2026-06-04T16:22:57.936Z,2026-06-04T16:22:57.936Z,,,,UPI,upi-apps,2026,Mar,,,,en
13307,38,Flipkart UPI #,2.69,124.89,0.00,0.00,0.00,0.00,0,0,2.69,124.89,2026-06-04T16:22:57.946Z,2026-06-04T16:22:57.946Z,,,,UPI,upi-apps,2026,Mar,,,,en
13308,39,Bharat Pe #,2.62,247.83,0.00,0.00,0.00,0.00,0,0,2.62,247.83,2026-06-04T16:22:57.955Z,2026-06-04T16:22:57.955Z,,,,UPI,upi-apps,2026,Mar,,,,en
13309,40,Omni Card,1.94,101.77,0.00,0.00,0.00,0.00,0,0,1.94,101.77,2026-06-04T16:22:57.963Z,2026-06-04T16:22:57.963Z,,,,UPI,upi-apps,2026,Mar,,,,en
13310,41,Fi Money #,1.92,330.74,0.00,0.00,0.00,0.00,0,0,1.92,330.74,2026-06-04T16:22:57.971Z,2026-06-04T16:22:57.971Z,,,,UPI,upi-apps,2026,Mar,,,,en
13311,42,Indian Bank Apps,1.58,396.92,0.00,0.00,0.11,114.09,0,0,1.69,511.01,2026-06-04T16:22:57.979Z,2026-06-04T16:22:57.979Z,,,,UPI,upi-apps,2026,Mar,,,,en
13312,43,Aditya Birla Capital Digital #,1.66,28.46,0.00,0.00,0.00,0.00,0,0,1.66,28.46,2026-06-04T16:22:57.991Z,2026-06-04T16:22:57.991Z,,,,UPI,upi-apps,2026,Mar,,,,en
13313,44,Bank of Baroda Apps,1.65,493.61,0.00,0.00,0.00,17.05,0,0,1.65,510.66,2026-06-04T16:22:58.001Z,2026-06-04T16:22:58.001Z,,,,UPI,upi-apps,2026,Mar,,,,en
13314,45,Punjab National Bank Apps,1.61,442.44,0.00,0.00,0.00,0.00,0,0,1.61,442.44,2026-06-04T16:22:58.012Z,2026-06-04T16:22:58.012Z,,,,UPI,upi-apps,2026,Mar,,,,en
13315,46,HSBC Bank Apps,0.92,181.80,0.62,4.19,0.01,0.25,0,0,1.55,186.24,2026-06-04T16:22:58.059Z,2026-06-04T16:22:58.059Z,,,,UPI,upi-apps,2026,Mar,,,,en
13316,47,Digikhata,1.49,539.13,0.00,0.00,0.00,0.00,0,0,1.49,539.13,2026-06-04T16:22:58.070Z,2026-06-04T16:22:58.070Z,,,,UPI,upi-apps,2026,Mar,,,,en
13317,48,Timepay #,1.34,25.98,0.00,0.00,0.00,0.00,0,0,1.34,25.98,2026-06-04T16:22:58.151Z,2026-06-04T16:22:58.151Z,,,,UPI,upi-apps,2026,Mar,,,,en
13318,49,IndusInd Bank Apps,0.54,142.77,0.67,65.45,0.00,0.04,0,0,1.21,208.26,2026-06-04T16:22:58.161Z,2026-06-04T16:22:58.161Z,,,,UPI,upi-apps,2026,Mar,,,,en
13319,50,Freo #,1.21,113.58,0.00,0.00,0.00,0.00,0,0,1.21,113.58,2026-06-04T16:22:58.171Z,2026-06-04T16:22:58.171Z,,,,UPI,upi-apps,2026,Mar,,,,en
13320,51,Union Bank Apps,1.00,302.43,0.00,0.00,0.00,0.00,0,0,1.00,302.43,2026-06-04T16:22:58.251Z,2026-06-04T16:22:58.251Z,,,,UPI,upi-apps,2026,Mar,,,,en
13321,52,AU Small Finance Bank Apps,0.97,316.04,0.00,0.70,0.00,0.00,0,0,0.97,316.74,2026-06-04T16:22:58.361Z,2026-06-04T16:22:58.361Z,,,,UPI,upi-apps,2026,Mar,,,,en
13322,53,South Indian Bank Apps,0.91,303.50,0.00,0.00,0.00,0.00,0,0,0.91,303.50,2026-06-04T16:23:02.919Z,2026-06-04T16:23:02.919Z,,,,UPI,upi-apps,2026,Mar,,,,en
13323,54,Jar #,0.82,24.98,0.00,0.00,0.00,0.00,0,0,0.82,24.98,2026-06-04T16:23:03.285Z,2026-06-04T16:23:03.285Z,,,,UPI,upi-apps,2026,Mar,,,,en
13324,55,Kredit Pe #,0.76,65.40,0.00,0.00,0.00,0.00,0,0,0.76,65.40,2026-06-04T16:23:03.353Z,2026-06-04T16:23:03.353Z,,,,UPI,upi-apps,2026,Mar,,,,en
13325,56,Fino Payments Bank Apps,0.71,65.29,0.00,0.00,0.00,0.00,0,0,0.71,65.29,2026-06-04T16:23:03.364Z,2026-06-04T16:23:03.364Z,,,,UPI,upi-apps,2026,Mar,,,,en
13326,57,UCO Bank Apps,0.63,179.36,0.00,0.00,0.00,0.00,0,0,0.63,179.36,2026-06-04T16:23:03.376Z,2026-06-04T16:23:03.376Z,,,,UPI,upi-apps,2026,Mar,,,,en
13327,58,One Card #,0.61,764.55,0.00,0.00,0.00,0.00,0,0,0.61,764.55,2026-06-04T16:23:03.386Z,2026-06-04T16:23:03.386Z,,,,UPI,upi-apps,2026,Mar,,,,en
13328,59,Salary Se #,0.60,53.47,0.00,0.00,0.00,0.00,0,0,0.60,53.47,2026-06-04T16:23:03.397Z,2026-06-04T16:23:03.397Z,,,,UPI,upi-apps,2026,Mar,,,,en
13329,60,DBS Digibank Apps,0.55,193.74,0.02,26.95,0.00,0.07,0,0,0.58,220.76,2026-06-04T16:23:03.407Z,2026-06-04T16:23:03.407Z,,,,UPI,upi-apps,2026,Mar,,,,en
13330,61,Shri Ram One #,0.55,73.76,0.00,0.00,0.00,0.00,0,0,0.55,73.76,2026-06-04T16:23:03.416Z,2026-06-04T16:23:03.416Z,,,,UPI,upi-apps,2026,Mar,,,,en
13331,62,Rapipay,0.54,33.28,0.00,0.00,0.00,0.00,0,0,0.54,33.28,2026-06-04T16:23:03.424Z,2026-06-04T16:23:03.424Z,,,,UPI,upi-apps,2026,Mar,,,,en
13332,63,Standard Chartered Bank Apps,0.13,117.26,0.38,23.90,0.00,0.26,0,0,0.51,141.43,2026-06-04T16:23:03.434Z,2026-06-04T16:23:03.434Z,,,,UPI,upi-apps,2026,Mar,,,,en
13333,64,Central Bank of India Apps,0.50,186.01,0.00,0.00,0.00,0.00,0,0,0.50,186.01,2026-06-04T16:23:03.444Z,2026-06-04T16:23:03.444Z,,,,UPI,upi-apps,2026,Mar,,,,en
13334,65,Spice Money,0.45,39.06,0.00,0.00,0.00,0.00,0,0,0.45,39.06,2026-06-04T16:23:03.452Z,2026-06-04T16:23:03.452Z,,,,UPI,upi-apps,2026,Mar,,,,en
13335,66,Saathi by PayNearBy #,0.33,38.42,0.00,0.00,0.00,0.00,0,0,0.33,38.42,2026-06-04T16:23:03.461Z,2026-06-04T16:23:03.461Z,,,,UPI,upi-apps,2026,Mar,,,,en
13336,67,Bank of India Apps,0.33,118.47,0.00,0.00,0.00,0.00,0,0,0.33,118.47,2026-06-04T16:23:03.470Z,2026-06-04T16:23:03.470Z,,,,UPI,upi-apps,2026,Mar,,,,en
13337,68,Tata Pay #,0.31,90.60,0.00,0.00,0.00,0.00,0,0,0.31,90.60,2026-06-04T16:23:03.479Z,2026-06-04T16:23:03.479Z,,,,UPI,upi-apps,2026,Mar,,,,en
13338,69,NSDL Payments Bank Apps,0.15,14.09,0.12,195.76,0.00,0.28,0,0,0.27,210.13,2026-06-04T16:23:03.486Z,2026-06-04T16:23:03.486Z,,,,UPI,upi-apps,2026,Mar,,,,en
13339,70,IDBI Bank Apps,0.23,114.74,0.00,0.00,0.00,0.00,0,0,0.23,114.74,2026-06-04T16:23:03.495Z,2026-06-04T16:23:03.495Z,,,,UPI,upi-apps,2026,Mar,,,,en
13340,71,Karnataka Bank Apps,0.22,60.16,0.00,0.00,0.00,0.01,0,0,0.22,60.16,2026-06-04T16:23:03.504Z,2026-06-04T16:23:03.504Z,,,,UPI,upi-apps,2026,Mar,,,,en
13341,72,Obopay,0.22,35.03,0.00,0.00,0.00,0.00,0,0,0.22,35.03,2026-06-04T16:23:03.513Z,2026-06-04T16:23:03.513Z,,,,UPI,upi-apps,2026,Mar,,,,en
13342,73,Dhani,0.19,8.95,0.00,0.00,0.00,0.00,0,0,0.19,8.95,2026-06-04T16:23:03.521Z,2026-06-04T16:23:03.521Z,,,,UPI,upi-apps,2026,Mar,,,,en
13343,74,True Balance,0.18,6.33,0.00,0.00,0.00,0.00,0,0,0.18,6.33,2026-06-04T16:23:03.532Z,2026-06-04T16:23:03.532Z,,,,UPI,upi-apps,2026,Mar,,,,en
13344,75,Karur Vysya Bank Apps,0.14,51.74,0.00,0.00,0.00,0.00,0,0,0.14,51.74,2026-06-04T16:23:03.544Z,2026-06-04T16:23:03.544Z,,,,UPI,upi-apps,2026,Mar,,,,en
13345,76,TwidPay #,0.14,14.32,0.00,0.00,0.00,0.00,0,0,0.14,14.32,2026-06-04T16:23:03.551Z,2026-06-04T16:23:03.551Z,,,,UPI,upi-apps,2026,Mar,,,,en
13346,77,Payworld,0.11,10.23,0.00,0.00,0.00,0.00,0,0,0.11,10.23,2026-06-04T16:23:03.559Z,2026-06-04T16:23:03.559Z,,,,UPI,upi-apps,2026,Mar,,,,en
13347,78,Tamilnad Mercantile Bank Apps,0.11,45.11,0.00,0.00,0.00,0.00,0,0,0.11,45.11,2026-06-04T16:23:03.569Z,2026-06-04T16:23:03.569Z,,,,UPI,upi-apps,2026,Mar,,,,en
13348,79,City Union Bank Apps,0.07,32.24,0.03,1.24,0.00,0.16,0,0,0.11,33.64,2026-06-04T16:23:03.576Z,2026-06-04T16:23:03.576Z,,,,UPI,upi-apps,2026,Mar,,,,en
13349,80,ESAF Small Finance Bank Apps,0.10,11.52,0.00,0.00,0.00,0.00,0,0,0.10,11.52,2026-06-04T16:23:03.584Z,2026-06-04T16:23:03.584Z,,,,UPI,upi-apps,2026,Mar,,,,en
13350,81,Indian Overseas Bank Apps,0.10,33.63,0.00,0.00,0.00,0.00,0,0,0.10,33.63,2026-06-04T16:23:03.591Z,2026-06-04T16:23:03.591Z,,,,UPI,upi-apps,2026,Mar,,,,en
13351,82,Cheq,0.08,7.18,0.00,0.00,0.00,0.00,0,0,0.08,7.18,2026-06-04T16:23:03.599Z,2026-06-04T16:23:03.599Z,,,,UPI,upi-apps,2026,Mar,,,,en
13352,83,Bank of Maharashtra Apps,0.08,30.38,0.00,0.00,0.00,0.00,0,0,0.08,30.38,2026-06-04T16:23:03.607Z,2026-06-04T16:23:03.607Z,,,,UPI,upi-apps,2026,Mar,,,,en
13353,84,Equitas Small Finance Bank Apps,0.07,19.58,0.00,0.00,0.00,0.00,0,0,0.07,19.58,2026-06-04T16:23:03.615Z,2026-06-04T16:23:03.615Z,,,,UPI,upi-apps,2026,Mar,,,,en
13354,85,Curie Money #,0.06,3.89,0.00,0.00,0.00,0.00,0,0,0.06,3.89,2026-06-04T16:23:03.622Z,2026-06-04T16:23:03.622Z,,,,UPI,upi-apps,2026,Mar,,,,en
13355,86,Fave,0.06,10.78,0.00,0.00,0.00,0.00,0,0,0.06,10.78,2026-06-04T16:23:03.631Z,2026-06-04T16:23:03.631Z,,,,UPI,upi-apps,2026,Mar,,,,en
13356,87,Unity Small Finance Bank Apps,0.06,15.04,0.00,0.00,0.00,0.00,0,0,0.06,15.04,2026-06-04T16:23:03.639Z,2026-06-04T16:23:03.639Z,,,,UPI,upi-apps,2026,Mar,,,,en
13357,88,Ultracash #,0.05,3.97,0.00,0.00,0.00,0.00,0,0,0.05,3.97,2026-06-04T16:23:03.646Z,2026-06-04T16:23:03.646Z,,,,UPI,upi-apps,2026,Mar,,,,en
13358,89,LXME #,0.05,4.01,0.00,0.00,0.00,0.00,0,0,0.05,4.01,2026-06-04T16:23:03.654Z,2026-06-04T16:23:03.654Z,,,,UPI,upi-apps,2026,Mar,,,,en
13359,90,ZET #,0.03,2.53,0.00,0.00,0.00,0.00,0,0,0.03,2.53,2026-06-04T16:23:03.662Z,2026-06-04T16:23:03.662Z,,,,UPI,upi-apps,2026,Mar,,,,en
13360,91,Punjab Sind Bank Apps,0.03,13.83,0.00,0.00,0.00,0.00,0,0,0.03,13.83,2026-06-04T16:23:03.669Z,2026-06-04T16:23:03.669Z,,,,UPI,upi-apps,2026,Mar,,,,en
13361,92,Others,3.38,326.08,0.00,0.00,0.17,8.67,0,0,3.55,334.75,2026-06-04T16:23:03.676Z,2026-06-04T16:23:03.676Z,,,,UPI,upi-apps,2026,Mar,,,,en
13908,1,PhonePe,10330.303979,1431722.5613297992,0.00,0.00,0.00,0.00,-,-,10330.303979,1431722.5613297992,2026-06-17T11:49:02.167Z,2026-06-17T11:49:02.167Z,,,,UPI,upi-apps,2026,Apr,,,,en
13909,2,Google Pay #,7359.444662,972068.420005001,0.00,0.00,0.00,0.00,-,-,7359.444662,972068.420005001,2026-06-17T11:49:02.217Z,2026-06-17T11:49:02.217Z,,,,UPI,upi-apps,2026,Apr,,,,en
13910,3,Paytm,1778.059593,194317.76860332096,0.00,0.00,0.00,0.00,-,-,1778.059593,194317.76860332096,2026-06-17T11:49:02.225Z,2026-06-17T11:49:02.225Z,,,,UPI,upi-apps,2026,Apr,,,,en
13911,4,Navi #,801.868585,42683.84940068697,0.00,0.00,0.00,0.00,-,-,801.868585,42683.84940068697,2026-06-17T11:49:02.234Z,2026-06-17T11:49:02.234Z,,,,UPI,upi-apps,2026,Apr,,,,en
13912,5,super.money #,369.405055,16365.126034387,0.00,0.00,0.00,0.00,-,-,369.405055,16365.126034387,2026-06-17T11:49:02.242Z,2026-06-17T11:49:02.242Z,,,,UPI,upi-apps,2026,Apr,,,,en
13913,6,BHIM,210.173588,25198.435842505987,0.00,0.00,0.00,0.00,-,-,210.173588,25198.435842505987,2026-06-17T11:49:02.250Z,2026-06-17T11:49:02.250Z,,,,UPI,upi-apps,2026,Apr,,,,en
13914,7,FamApp by Trio #,182.873413,2503.3119906569996,0.00,0.00,0.00,0.00,-,-,182.873413,2503.3119906569996,2026-06-17T11:49:02.258Z,2026-06-17T11:49:02.258Z,,,,UPI,upi-apps,2026,Apr,,,,en
13915,8,Cred #,157.509997,56569.0806640629,0.00,0.00,0.00,0.00,-,-,157.509997,56569.0806640629,2026-06-17T11:49:02.267Z,2026-06-17T11:49:02.267Z,,,,UPI,upi-apps,2026,Apr,,,,en
13916,9,Whatsapp #,138.687311,10498.21920845898,0.00,0.00,0.00,0.00,-,-,138.687311,10498.21920845898,2026-06-17T11:49:02.277Z,2026-06-17T11:49:02.277Z,,,,UPI,upi-apps,2026,Apr,,,,en
13917,10,Axis Bank Apps,28.288254,5223.562405149999,97.45,5017.72,0.07,12.38,-,-,125.811857,10253.663412364998,2026-06-17T11:49:02.285Z,2026-06-17T11:49:02.285Z,,,,UPI,upi-apps,2026,Apr,,,,en
13918,11,Kotak Mahindra Bank Apps,116.186431,13894.872211503985,0.01,0.29,0.00,0.00,-,-,116.192629,13895.159964258986,2026-06-17T11:49:02.294Z,2026-06-17T11:49:02.294Z,,,,UPI,upi-apps,2026,Apr,,,,en
13919,12,Amazon Pay #,83.774217,10067.742476972988,0.00,0.00,0.00,0.00,-,-,83.774217,10067.742476972988,2026-06-17T11:49:02.302Z,2026-06-17T11:49:02.302Z,,,,UPI,upi-apps,2026,Apr,,,,en
13920,13,Mobikwik #,80.158103,9186.344648103966,0.00,0.00,0.00,0.00,-,-,80.158103,9186.344648103966,2026-06-17T11:49:02.311Z,2026-06-17T11:49:02.311Z,,,,UPI,upi-apps,2026,Apr,,,,en
13921,14,HDFC Bank Apps,33.15219,11362.73125466597,33.67,5187.96,0.00,0.46,-,-,66.825236,16551.15322380397,2026-06-17T11:49:02.322Z,2026-06-17T11:49:02.322Z,,,,UPI,upi-apps,2026,Apr,,,,en
13922,15,ICICI Bank Apps,22.942857,7793.931389291987,36.13,10599.92,2.88,2972.32,-,-,61.959958,21366.17197792398,2026-06-17T11:49:02.336Z,2026-06-17T11:49:02.336Z,,,,UPI,upi-apps,2026,Apr,,,,en
13923,16,Slice Small Finance Bank Apps,52.788429,4769.4391919009995,2.88,381.52,0.02,5.02,-,-,55.682687,5155.977231589999,2026-06-17T11:49:02.367Z,2026-06-17T11:49:02.367Z,,,,UPI,upi-apps,2026,Apr,,,,en
13924,17,Yes Bank Apps,3.624622,2889.441718901989,42.69,4200.83,0.21,12.93,-,-,46.522278,7103.202168847989,2026-06-17T11:49:05.204Z,2026-06-17T11:49:05.204Z,,,,UPI,upi-apps,2026,Apr,,,,en
13925,18,IDFC Bank Apps,14.750643,3466.65090753499,12.09,146.35,0.02,1.86,-,-,26.855781999999998,3614.8656023859903,2026-06-17T11:49:05.910Z,2026-06-17T11:49:05.910Z,,,,UPI,upi-apps,2026,Apr,,,,en
13926,19,Airtel Payments Bank Apps,17.958038,1935.3383248769992,1.75,209.57,0.00,0.00,-,-,19.708104,2144.9111455029993,2026-06-17T11:49:10.828Z,2026-06-17T11:49:10.828Z,,,,UPI,upi-apps,2026,Apr,,,,en
13927,20,State Bank of India Apps,19.063598,5658.71406432499,0.00,0.06,0.00,0.00,-,-,19.066916,5658.77275682499,2026-06-17T11:49:10.845Z,2026-06-17T11:49:10.845Z,,,,UPI,upi-apps,2026,Apr,,,,en
13928,21,India Post Payments Bank Apps,17.189645,1968.1560465219902,0.00,0.01,0.00,0.00,-,-,17.189759,1968.1611386219902,2026-06-17T11:49:10.859Z,2026-06-17T11:49:10.859Z,,,,UPI,upi-apps,2026,Apr,,,,en
13929,22,Groww #,14.657838,12631.620073593891,0.00,0.00,0.00,0.00,-,-,14.657838,12631.620073593891,2026-06-17T11:49:10.867Z,2026-06-17T11:49:10.867Z,,,,UPI,upi-apps,2026,Apr,,,,en
13930,23,Bajaj Finserv #,14.387697,3027.375606598999,0.00,0.00,0.00,0.00,-,-,14.387697,3027.375606598999,2026-06-17T11:49:10.874Z,2026-06-17T11:49:10.874Z,,,,UPI,upi-apps,2026,Apr,,,,en
13931,24,Unity Small Finance Bank Apps,0.0603,14.6279291079999,12.54,1580.85,0.08,0.00,-,-,12.683757,1595.48082747,2026-06-17T11:49:10.882Z,2026-06-17T11:49:10.882Z,,,,UPI,upi-apps,2026,Apr,,,,en
13932,25,Samsung Pay #,10.821601,719.617210510999,0.00,0.00,0.00,0.00,-,-,10.821601,719.617210510999,2026-06-17T11:49:10.890Z,2026-06-17T11:49:10.890Z,,,,UPI,upi-apps,2026,Apr,,,,en
13933,26,Bharat Pe #,2.296061,236.53168827799988,0.00,0.00,0.00,0.00,-,-,2.296061,236.53168827799988,2026-06-17T11:49:10.897Z,2026-06-17T11:49:10.897Z,,,,UPI,upi-apps,2026,Apr,,,,en
13934,27,Federal Bank Apps,7.827066,2949.4939633929885,0.01,8.36,0.00,0.00,-,-,7.8341330000000005,2957.858426495988,2026-06-17T11:49:10.905Z,2026-06-17T11:49:10.905Z,,,,UPI,upi-apps,2026,Apr,,,,en
13935,28,Jio Payments Bank Apps,7.320664,471.0650029789998,0.00,0.00,0.00,0.00,-,-,7.320664,471.0650029789998,2026-06-17T11:49:10.913Z,2026-06-17T11:49:10.913Z,,,,UPI,upi-apps,2026,Apr,,,,en
13936,29,KreditBee #,7.002038,159.170020048999,0.00,0.00,0.00,0.00,-,-,7.002038,159.170020048999,2026-06-17T11:49:10.921Z,2026-06-17T11:49:10.921Z,,,,UPI,upi-apps,2026,Apr,,,,en
13937,30,POP UPI #,6.886336,579.4056688639998,0.00,0.00,0.00,0.00,-,-,6.886336,579.4056688639998,2026-06-17T11:49:10.931Z,2026-06-17T11:49:10.931Z,,,,UPI,upi-apps,2026,Apr,,,,en
13938,31,RBL Bank Apps,0.517839,211.123731914999,6.33,3521.63,0.07,31.06,-,-,6.910487,3763.8154641099904,2026-06-17T11:49:10.939Z,2026-06-17T11:49:10.939Z,,,,UPI,upi-apps,2026,Apr,,,,en
13939,32,Jupiter Money #,5.543604,914.663728615,0.00,0.00,0.00,0.00,-,-,5.543604,914.663728615,2026-06-17T11:49:10.946Z,2026-06-17T11:49:10.946Z,,,,UPI,upi-apps,2026,Apr,,,,en
13940,33,Deutsche Bank Apps,0.02892,39.108374839999996,4.75,866.81,0.00,0.11,-,-,4.783666,906.0217630359989,2026-06-17T11:49:10.954Z,2026-06-17T11:49:10.954Z,,,,UPI,upi-apps,2026,Apr,,,,en
13941,34,Ind Money #,3.875766,1238.388015309999,0.00,0.00,0.00,0.00,-,-,3.875766,1238.388015309999,2026-06-17T11:49:10.963Z,2026-06-17T11:49:10.963Z,,,,UPI,upi-apps,2026,Apr,,,,en
13942,35,Jammu and Kashmir Bank Apps,3.638092,514.717645824,0.00,0.00,0.00,0.00,-,-,3.638092,514.717645824,2026-06-17T11:49:10.970Z,2026-06-17T11:49:10.970Z,,,,UPI,upi-apps,2026,Apr,,,,en
13943,36,Money View #,3.501976,239.40152774899997,0.00,0.00,0.00,0.00,-,-,3.501976,239.40152774899997,2026-06-17T11:49:10.977Z,2026-06-17T11:49:10.977Z,,,,UPI,upi-apps,2026,Apr,,,,en
13944,37,Canara Bank Apps,3.343432,1014.380649811,0.00,0.00,0.00,0.00,-,-,3.343432,1014.380649811,2026-06-17T11:49:10.989Z,2026-06-17T11:49:10.989Z,,,,UPI,upi-apps,2026,Apr,,,,en
13945,38,Flipkart UPI #,2.91298,127.702909843,0.00,0.00,0.00,0.00,-,-,2.91298,127.702909843,2026-06-17T11:49:10.999Z,2026-06-17T11:49:10.999Z,,,,UPI,upi-apps,2026,Apr,,,,en
13946,39,Suryoday Bank Apps,-,-,2.65,11.43,0.04,4.13,-,-,2.6941800000000002,15.553211847,2026-06-17T11:49:11.011Z,2026-06-17T11:49:11.011Z,,,,UPI,upi-apps,2026,Apr,,,,en
13947,40,Kiwi #,2.413714,461.489343314999,0.00,0.00,0.00,0.00,-,-,2.413714,461.489343314999,2026-06-17T11:49:11.026Z,2026-06-17T11:49:11.026Z,,,,UPI,upi-apps,2026,Apr,,,,en
13948,41,Omni Card,1.939128,103.44736732699981,0.00,0.00,0.00,0.00,-,-,1.939128,103.44736732699981,2026-06-17T11:49:11.040Z,2026-06-17T11:49:11.040Z,,,,UPI,upi-apps,2026,Apr,,,,en
13949,42,Indian Bank Apps,1.593865,407.3811916459989,0.00,0.00,0.10,100.84,-,-,1.6889390000000002,508.2195853459989,2026-06-17T11:49:11.056Z,2026-06-17T11:49:11.056Z,,,,UPI,upi-apps,2026,Apr,,,,en
13950,43,Punjab National Bank Apps,1.65532,469.0889576429989,0.00,0.00,0.00,0.00,-,-,1.65532,469.0889576429989,2026-06-17T11:49:11.069Z,2026-06-17T11:49:11.069Z,,,,UPI,upi-apps,2026,Apr,,,,en
13951,44,Bank of Baroda Apps,1.619616,475.428937361998,0.00,0.00,0.00,18.54,-,-,1.622346,493.966469861998,2026-06-17T11:49:11.079Z,2026-06-17T11:49:11.079Z,,,,UPI,upi-apps,2026,Apr,,,,en
13952,45,HSBC Bank Apps,0.94578,175.5462597219989,0.63,4.01,0.01,0.27,-,-,1.582114,179.82658085899888,2026-06-17T11:49:11.157Z,2026-06-17T11:49:11.157Z,,,,UPI,upi-apps,2026,Apr,,,,en
13953,46,Digikhata,1.53158,556.235699725999,0.00,0.00,0.00,0.00,-,-,1.53158,556.235699725999,2026-06-17T11:49:11.169Z,2026-06-17T11:49:11.169Z,,,,UPI,upi-apps,2026,Apr,,,,en
13954,47,Timepay #,0.817385,17.936441097,0.00,0.00,0.00,0.00,-,-,0.817385,17.936441097,2026-06-17T11:49:11.179Z,2026-06-17T11:49:11.179Z,,,,UPI,upi-apps,2026,Apr,,,,en
13955,48,IndusInd Bank Apps,0.536704,142.8010228589999,0.89,92.36,0.00,0.09,-,-,1.4276419999999999,235.2558057819999,2026-06-17T11:49:11.254Z,2026-06-17T11:49:11.254Z,,,,UPI,upi-apps,2026,Apr,,,,en
13956,49,Freo #,1.365579,147.190806101,0.00,0.00,0.00,0.00,-,-,1.365579,147.190806101,2026-06-17T11:49:11.264Z,2026-06-17T11:49:11.264Z,,,,UPI,upi-apps,2026,Apr,,,,en
13957,50,Jar #,1.037849,27.1393369729999,0.00,0.00,0.00,0.00,-,-,1.037849,27.1393369729999,2026-06-17T11:49:11.274Z,2026-06-17T11:49:11.274Z,,,,UPI,upi-apps,2026,Apr,,,,en
13958,51,Union Bank Apps,1.025216,320.1983105429998,0.00,0.00,0.00,0.00,-,-,1.025216,320.1983105429998,2026-06-17T11:49:11.362Z,2026-06-17T11:49:11.362Z,,,,UPI,upi-apps,2026,Apr,,,,en
13959,52,AU Small Finance Bank Apps,0.986525,313.52751006799997,0.00,0.86,0.00,0.00,-,-,0.986726,314.38301256799997,2026-06-17T11:49:11.371Z,2026-06-17T11:49:11.371Z,,,,UPI,upi-apps,2026,Apr,,,,en
13960,53,Aditya Birla Capital Digital #,0.97487,20.827081981,0.00,0.00,0.00,0.00,-,-,0.97487,20.827081981,2026-06-17T11:49:11.379Z,2026-06-17T11:49:11.379Z,,,,UPI,upi-apps,2026,Apr,,,,en
13961,54,Standard Chartered Bank Apps,0.122957,105.857256626999,0.81,61.49,0.01,0.51,-,-,0.94092,167.8488617309989,2026-06-17T11:49:11.386Z,2026-06-17T11:49:11.386Z,,,,UPI,upi-apps,2026,Apr,,,,en
13962,55,South Indian Bank Apps,0.892038,289.263515952,0.00,0.00,0.00,0.00,-,-,0.89205,289.265632097,2026-06-17T11:49:11.392Z,2026-06-17T11:49:11.392Z,,,,UPI,upi-apps,2026,Apr,,,,en
13963,56,Kredit Pe #,0.845314,66.29496477400001,0.00,0.00,0.00,0.00,-,-,0.845314,66.29496477400001,2026-06-17T11:49:11.399Z,2026-06-17T11:49:11.399Z,,,,UPI,upi-apps,2026,Apr,,,,en
13964,57,Salary Se #,0.785489,59.7657966429999,0.00,0.00,0.00,0.00,-,-,0.785489,59.7657966429999,2026-06-17T11:49:11.453Z,2026-06-17T11:49:11.453Z,,,,UPI,upi-apps,2026,Apr,,,,en
13965,58,Fino Payments Bank Apps,0.619884,59.80680088399999,0.00,0.00,0.00,0.00,-,-,0.619884,59.80680088399999,2026-06-17T11:49:11.460Z,2026-06-17T11:49:11.460Z,,,,UPI,upi-apps,2026,Apr,,,,en
13966,59,UCO Bank Apps,0.612339,174.273535548,0.00,0.00,0.00,0.00,-,-,0.612339,174.273535548,2026-06-17T11:49:11.468Z,2026-06-17T11:49:11.468Z,,,,UPI,upi-apps,2026,Apr,,,,en
13967,60,DBS Digibank Apps,0.532882,181.62802199399889,0.02,20.97,0.00,0.04,-,-,0.552259,202.6345368879988,2026-06-17T11:49:11.476Z,2026-06-17T11:49:11.476Z,,,,UPI,upi-apps,2026,Apr,,,,en
13968,61,Rapipay,0.545678,32.3625663199999,0.00,0.00,0.00,0.00,-,-,0.545678,32.3625663199999,2026-06-17T11:49:11.484Z,2026-06-17T11:49:11.484Z,,,,UPI,upi-apps,2026,Apr,,,,en
13969,62,Central Bank of India Apps,0.53077,188.970395526999,0.00,0.00,0.00,0.00,-,-,0.53077,188.970395526999,2026-06-17T11:49:11.492Z,2026-06-17T11:49:11.492Z,,,,UPI,upi-apps,2026,Apr,,,,en
13970,63,Shri Ram One #,0.530667,60.601133293000004,0.00,0.00,0.00,0.00,-,-,0.530667,60.601133293000004,2026-06-17T11:49:11.501Z,2026-06-17T11:49:11.501Z,,,,UPI,upi-apps,2026,Apr,,,,en
13971,64,One Card #,0.529279,633.091626544,0.00,0.00,0.00,0.00,-,-,0.529279,633.091626544,2026-06-17T11:49:11.508Z,2026-06-17T11:49:11.508Z,,,,UPI,upi-apps,2026,Apr,,,,en
13972,65,Fi Money #,0.491204,98.0960133089999,0.00,0.00,0.00,0.00,-,-,0.491204,98.0960133089999,2026-06-17T11:49:11.515Z,2026-06-17T11:49:11.515Z,,,,UPI,upi-apps,2026,Apr,,,,en
13973,66,Spice Money,0.426068,37.817691778,0.00,0.00,0.00,0.00,-,-,0.426068,37.817691778,2026-06-17T11:49:11.526Z,2026-06-17T11:49:11.526Z,,,,UPI,upi-apps,2026,Apr,,,,en
13974,67,Saathi by PayNearBy #,0.383545,46.0992815669999,0.00,0.00,0.00,0.00,-,-,0.383545,46.0992815669999,2026-06-17T11:49:11.533Z,2026-06-17T11:49:11.533Z,,,,UPI,upi-apps,2026,Apr,,,,en
13975,68,Tata Pay #,0.321385,91.04177619000001,0.00,0.00,0.00,0.00,-,-,0.321385,91.04177619000001,2026-06-17T11:49:11.540Z,2026-06-17T11:49:11.540Z,,,,UPI,upi-apps,2026,Apr,,,,en
13976,69,Bank of India Apps,0.313851,113.81993899699991,0.00,0.00,0.00,0.00,-,-,0.313851,113.81993899699991,2026-06-17T11:49:11.547Z,2026-06-17T11:49:11.547Z,,,,UPI,upi-apps,2026,Apr,,,,en
13977,70,NSDL Payments Bank Apps,0.175936,15.461283498000002,0.11,167.03,0.00,0.21,-,-,0.282486,182.696741498,2026-06-17T11:49:11.556Z,2026-06-17T11:49:11.556Z,,,,UPI,upi-apps,2026,Apr,,,,en
13978,71,Obopay,0.243732,39.68300368499989,0.00,0.00,0.00,0.00,-,-,0.243732,39.68300368499989,2026-06-17T11:49:11.566Z,2026-06-17T11:49:11.566Z,,,,UPI,upi-apps,2026,Apr,,,,en
13979,72,IDBI Bank Apps,0.238647,120.32321569099992,0.00,0.00,0.00,0.00,-,-,0.238647,120.32321569099992,2026-06-17T11:49:11.573Z,2026-06-17T11:49:11.573Z,,,,UPI,upi-apps,2026,Apr,,,,en
13980,73,Karnataka Bank Apps,0.237785,62.7239978109998,0.00,0.01,0.00,0.01,-,-,0.237797,62.7453036109998,2026-06-17T11:49:11.583Z,2026-06-17T11:49:11.583Z,,,,UPI,upi-apps,2026,Apr,,,,en
13981,74,City Union Bank Apps,0.071631,31.4252758729999,0.11,1.13,0.00,0.26,-,-,0.18158800000000003,32.810298116999896,2026-06-17T11:49:11.591Z,2026-06-17T11:49:11.591Z,,,,UPI,upi-apps,2026,Apr,,,,en
13982,75,Dhani,0.162991,8.08897363699999,0.00,0.00,0.00,0.00,-,-,0.162991,8.08897363699999,2026-06-17T11:49:11.602Z,2026-06-17T11:49:11.602Z,,,,UPI,upi-apps,2026,Apr,,,,en
13983,76,True Balance,0.158839,5.6056432,0.00,0.00,0.00,0.00,-,-,0.158839,5.6056432,2026-06-17T11:49:11.610Z,2026-06-17T11:49:11.610Z,,,,UPI,upi-apps,2026,Apr,,,,en
13984,77,Karur Vysya Bank Apps,0.12646,44.7049037989999,0.00,0.00,0.00,0.00,-,-,0.12646,44.7049037989999,2026-06-17T11:49:11.618Z,2026-06-17T11:49:11.618Z,,,,UPI,upi-apps,2026,Apr,,,,en
13985,78,Tamilnad Mercantile Bank Apps,0.10334,42.710359071999996,0.00,0.00,0.00,0.00,-,-,0.10334,42.710359071999996,2026-06-17T11:49:11.626Z,2026-06-17T11:49:11.626Z,,,,UPI,upi-apps,2026,Apr,,,,en
13986,79,Indian Overseas Bank Apps,0.094235,32.02998119299999,0.00,0.00,0.00,0.00,-,-,0.094235,32.02998119299999,2026-06-17T11:49:11.639Z,2026-06-17T11:49:11.639Z,,,,UPI,upi-apps,2026,Apr,,,,en
13987,80,Payworld,0.085584,7.76975312299999,0.00,0.00,0.00,0.00,-,-,0.085584,7.76975312299999,2026-06-17T11:49:11.648Z,2026-06-17T11:49:11.648Z,,,,UPI,upi-apps,2026,Apr,,,,en
13988,81,Bank of Maharashtra Apps,0.083207,32.145964881999895,0.00,0.00,0.00,0.00,-,-,0.083207,32.145964881999895,2026-06-17T11:49:11.657Z,2026-06-17T11:49:11.657Z,,,,UPI,upi-apps,2026,Apr,,,,en
13989,82,LXME #,0.07041,4.920331919999989,0.00,0.00,0.00,0.00,-,-,0.07041,4.920331919999989,2026-06-17T11:49:11.665Z,2026-06-17T11:49:11.665Z,,,,UPI,upi-apps,2026,Apr,,,,en
13990,83,Fave #,0.068521,12.464045171999999,0.00,0.00,0.00,0.00,-,-,0.068521,12.464045171999999,2026-06-17T11:49:11.673Z,2026-06-17T11:49:11.673Z,,,,UPI,upi-apps,2026,Apr,,,,en
13991,84,Curie Money #,0.067012,4.439861911,0.00,0.00,0.00,0.00,-,-,0.067012,4.439861911,2026-06-17T11:49:11.681Z,2026-06-17T11:49:11.681Z,,,,UPI,upi-apps,2026,Apr,,,,en
13992,85,Equitas Small Finance Bank Apps,0.0632,17.966893522,0.00,0.00,0.00,0.00,-,-,0.0632,17.966893522,2026-06-17T11:49:11.690Z,2026-06-17T11:49:11.690Z,,,,UPI,upi-apps,2026,Apr,,,,en
13993,86,Scapia #,0.054768,24.7384078149999,0.00,0.00,0.00,0.00,-,-,0.054768,24.7384078149999,2026-06-17T11:49:11.698Z,2026-06-17T11:49:11.698Z,,,,UPI,upi-apps,2026,Apr,,,,en
13994,87,Cheq,0.047977,4.39953017999999,0.00,0.00,0.00,0.00,-,-,0.047977,4.39953017999999,2026-06-17T11:49:11.705Z,2026-06-17T11:49:11.705Z,,,,UPI,upi-apps,2026,Apr,,,,en
13995,88,Ultracash #,0.046721,4.03292473399999,0.00,0.00,0.00,0.00,-,-,0.046721,4.03292473399999,2026-06-17T11:49:11.719Z,2026-06-17T11:49:11.719Z,,,,UPI,upi-apps,2026,Apr,,,,en
13996,89,ZET #,0.033551,2.611462218,0.00,0.00,0.00,0.00,-,-,0.033551,2.611462218,2026-06-17T11:49:11.727Z,2026-06-17T11:49:11.727Z,,,,UPI,upi-apps,2026,Apr,,,,en
13997,90,Punjab Sind Bank Apps,0.031497,14.451431473999989,0.00,0.00,0.00,0.00,-,-,0.031497,14.451431473999989,2026-06-17T11:49:11.735Z,2026-06-17T11:49:11.735Z,,,,UPI,upi-apps,2026,Apr,,,,en
13998,91,Others,3.213307,296.92042895499964,0.00,0.00,0.17,7.57,-,-,3.3784349999999996,304.4919279799997,2026-06-17T11:49:11.742Z,2026-06-17T11:49:11.742Z,,,,UPI,upi-apps,2026,Apr,,,,en
13726,1,PhonePe,10734.583524,1467168.6263014725,0.00,0.00,0.00,0.00,-,-,10734.583524,1467168.6263014725,2026-06-09T09:15:30.240Z,2026-06-10T06:00:58.055Z,,,,UPI,upi-apps,2026,May,,,,en
13727,2,Google Pay #,7598.365549,1002878.3432369679,0.00,0.00,0.00,0.00,-,-,7598.365549,1002878.3432369679,2026-06-09T09:15:30.280Z,2026-06-10T06:01:36.474Z,,,,UPI,upi-apps,2026,May,,,,en
13728,3,Paytm,1836.023142,199103.37155817,0.00,0.00,0.00,0.00,-,-,1836.023142,199103.37155817,2026-06-09T09:15:30.288Z,2026-06-10T06:03:36.165Z,,,,UPI,upi-apps,2026,May,,,,en
13729,4,Navi #,824.109004,43601.659957471005,0.00,0.00,0.00,0.00,-,-,824.109004,43601.659957471005,2026-06-09T09:15:30.297Z,2026-06-10T06:04:09.966Z,,,,UPI,upi-apps,2026,May,,,,en
13730,5,super.money #,418.839503,19422.72583422099,0.00,0.00,0.00,0.00,-,-,418.839503,19422.72583422099,2026-06-09T09:15:30.305Z,2026-06-10T06:04:35.165Z,,,,UPI,upi-apps,2026,May,,,,en
13731,6,BHIM,227.488752,26013.586597901,0.00,0.00,0.00,0.00,-,-,227.488752,26013.586597901,2026-06-09T09:15:30.315Z,2026-06-09T09:33:23.032Z,,,,UPI,upi-apps,2026,May,,,,en
13732,7,FamApp by Trio #,197.320721,2738.586187596,0.00,0.00,0.00,0.00,-,-,197.320721,2738.586187596,2026-06-09T09:15:30.324Z,2026-06-10T06:05:05.030Z,,,,UPI,upi-apps,2026,May,,,,en
13733,8,Cred #,157.188434,61002.43645367887,0.00,0.00,0.00,0.00,-,-,157.188434,61002.43645367887,2026-06-09T09:15:30.333Z,2026-06-10T06:05:53.979Z,,,,UPI,upi-apps,2026,May,,,,en
13734,9,Whatsapp #,150.431918,11425.01586001998,0.00,0.00,0.00,0.00,-,-,150.431918,11425.01586001998,2026-06-09T09:15:30.341Z,2026-06-10T06:06:41.603Z,,,,UPI,upi-apps,2026,May,,,,en
13735,10,Axis Bank Apps,28.125723,5275.739058288979,105.994561,7896.019575783019,0.077211,13.3901964129999,-,-,134.197495,13185.148830484997,2026-06-09T09:15:30.350Z,2026-06-09T09:15:30.350Z,,,,UPI,upi-apps,2026,May,,,,en
13736,11,Kotak Mahindra Bank Apps,121.78993,14335.850735603977,0.006454,0.302030764,0.000088,0.001938314,-,-,121.79647200000001,14336.154704681978,2026-06-09T09:15:30.357Z,2026-06-09T09:15:30.357Z,,,,UPI,upi-apps,2026,May,,,,en
13737,12,Amazon Pay #,87.341759,10634.560217176975,0.00,0.00,0.00,0.00,-,-,87.341759,10634.560217176975,2026-06-09T09:15:30.366Z,2026-06-10T06:07:08.179Z,,,,UPI,upi-apps,2026,May,,,,en
13738,13,Mobikwik #,81.397143,9626.566477736971,0.00,0.00,0.00,0.00,-,-,81.397143,9626.566477736971,2026-06-09T09:15:31.597Z,2026-06-10T06:07:23.245Z,,,,UPI,upi-apps,2026,May,,,,en
13739,14,HDFC Bank Apps,35.295712,12155.762850439969,30.887622,5172.594362856001,0.003966,0.44482553100000005,-,-,66.18730000000001,17328.802038826972,2026-06-09T09:15:32.935Z,2026-06-09T09:15:32.935Z,,,,UPI,upi-apps,2026,May,,,,en
13740,15,Slice Small Finance Bank Apps,57.810019,5157.21196183799,3.528818,391.536805099999,0.020684,9.42683994599998,-,-,61.359521,5558.175606883989,2026-06-09T09:15:33.638Z,2026-06-09T09:15:33.638Z,,,,UPI,upi-apps,2026,May,,,,en
13741,16,Yes Bank Apps,3.61434,2614.5016282349884,45.763342,5006.162598906989,0.252889,14.195178428,-,-,49.630571,7634.859405569977,2026-06-09T09:15:33.652Z,2026-06-09T09:15:33.652Z,,,,UPI,upi-apps,2026,May,,,,en
13742,17,ICICI Bank Apps,24.069103,7816.69294086599,20.741805,10979.577355895972,3.080757,3049.728503838,-,-,47.891664999999996,21845.998800599962,2026-06-09T09:15:33.683Z,2026-06-09T09:15:33.683Z,,,,UPI,upi-apps,2026,May,,,,en
13743,18,IDFC Bank Apps,15.338967,3564.772374073999,30.564833,332.42880358399987,0.022105,3.5646986389999995,-,-,45.92590500000001,3900.765876296999,2026-06-09T09:15:33.692Z,2026-06-09T09:15:33.692Z,,,,UPI,upi-apps,2026,May,,,,en
13744,19,State Bank of India Apps,21.652319,6022.314622966001,0.064855,19.664436402,0.005135,0.8773167,-,-,21.722309,6042.856376068001,2026-06-09T09:15:33.703Z,2026-06-09T09:15:33.703Z,,,,UPI,upi-apps,2026,May,,,,en
13745,20,Unity Small Finance Bank Apps,0.061946,14.740745339999902,18.883371,2636.86047753602,0.056151,0.0000561509999999996,-,-,19.001468,2651.60127902702,2026-06-09T09:15:33.714Z,2026-06-09T09:15:33.714Z,,,,UPI,upi-apps,2026,May,,,,en
13746,21,Airtel Payments Bank Apps,16.743409,1776.7549569479988,1.747365,206.23004642,0.00,0.00,-,-,18.490774,1982.9850033679988,2026-06-09T09:15:33.722Z,2026-06-09T09:38:10.709Z,,,,UPI,upi-apps,2026,May,,,,en
13747,22,India Post Payments Bank Apps,17.764914,2010.2297611899899,0.000123,0.0043466,0.000001,0.000085,-,-,17.765038,2010.2341927899897,2026-06-09T09:15:33.733Z,2026-06-10T06:13:29.579Z,,,,UPI,upi-apps,2026,May,,,,en
13748,23,Bajaj Finserv #,14.9622,3212.1436267239883,0.00,0.00,0.00,0.00,-,-,14.9622,3212.1436267239883,2026-06-09T09:15:33.741Z,2026-06-10T06:08:02.917Z,,,,UPI,upi-apps,2026,May,,,,en
13749,24,Groww #,14.137578,10781.40089032898,0.00,0.00,0.00,0.00,-,-,14.137578,10781.40089032898,2026-06-09T09:15:33.751Z,2026-06-10T06:13:46.287Z,,,,UPI,upi-apps,2026,May,,,,en
13750,25,Samsung Pay #,11.07646,750.274226947999,0.00,0.00,0.00,0.00,-,-,11.07646,750.274226947999,2026-06-09T09:15:33.760Z,2026-06-10T06:08:25.589Z,,,,UPI,upi-apps,2026,May,,,,en
13751,26,KreditBee #,8.901768,178.573472875999,0.00,0.00,0.00,0.00,-,-,8.901768,178.573472875999,2026-06-09T09:15:33.776Z,2026-06-10T06:08:47.989Z,,,,UPI,upi-apps,2026,May,,,,en
13752,27,Federal Bank Apps,8.037413,3182.95744828499,0.011786,11.1758251339999,0.000251,0.014132,-,-,8.049450000000002,3194.1474054189894,2026-06-09T09:15:34.445Z,2026-06-09T09:15:34.445Z,,,,UPI,upi-apps,2026,May,,,,en
13753,28,Jio Payments Bank Apps,7.206681,464.11795266100006,0.00,0.00,0.00,0.00,-,-,7.206681,464.11795266100006,2026-06-09T09:15:38.211Z,2026-06-09T09:43:03.137Z,,,,UPI,upi-apps,2026,May,,,,en
13754,29,POP UPI #,6.974844,668.602564814998,0.00,0.00,0.00,0.00,-,-,6.974844,668.602564814998,2026-06-09T09:15:38.262Z,2026-06-10T06:09:11.367Z,,,,UPI,upi-apps,2026,May,,,,en
13755,30,Jupiter Money #,5.524462,943.2792833,0.00,0.00,0.00,0.00,-,-,5.524462,943.2792833,2026-06-09T09:15:38.277Z,2026-06-10T06:09:26.780Z,,,,UPI,upi-apps,2026,May,,,,en
13756,31,Deutsche Bank Apps,0.029225,38.1142994659999,4.675904,903.7317353269989,0.003166,0.1356294,-,-,4.708295000000001,941.9816641929988,2026-06-09T09:15:38.286Z,2026-06-09T09:15:38.286Z,,,,UPI,upi-apps,2026,May,,,,en
13757,32,Jammu and Kashmir Bank Apps,4.304738,585.980942621999,0.00,0.00,0.00,0.00,-,-,4.304738,585.980942621999,2026-06-09T09:15:38.295Z,2026-06-10T06:10:50.244Z,,,,UPI,upi-apps,2026,May,,,,en
13758,33,Money View #,3.967381,282.425399549999,0.00,0.00,0.00,0.00,-,-,3.967381,282.425399549999,2026-06-09T09:15:38.303Z,2026-06-10T06:15:26.748Z,,,,UPI,upi-apps,2026,May,,,,en
13759,34,Ind Money #,3.941475,1300.042892222998,0.00,0.00,0.00,0.00,-,-,3.941475,1300.042892222998,2026-06-09T09:15:38.313Z,2026-06-10T06:10:08.356Z,,,,UPI,upi-apps,2026,May,,,,en
13760,35,Canara Bank Apps,3.816287,1091.472164664,0.00,0.00,0.00,0.00,-,-,3.816287,1091.472164664,2026-06-09T09:15:38.322Z,2026-06-09T09:46:49.781Z,,,,UPI,upi-apps,2026,May,,,,en
13761,36,RBL Bank Apps,0.533912,208.27122553499999,2.94193,2811.3882008649903,0.030752,17.236913105,-,-,3.506594,3036.8963395049905,2026-06-09T09:15:38.331Z,2026-06-09T09:15:38.331Z,,,,UPI,upi-apps,2026,May,,,,en
13762,37,Flipkart UPI #,3.499134,148.1330339039989,0.00,0.00,0.00,0.00,-,-,3.499134,148.1330339039989,2026-06-09T09:15:38.340Z,2026-06-10T06:16:05.252Z,,,,UPI,upi-apps,2026,May,,,,en
13763,38,Bharat Pe #,2.515884,266.11632405499995,0.00,0.00,0.00,0.00,-,-,2.515884,266.11632405499995,2026-06-09T09:15:38.347Z,2026-06-10T06:14:25.502Z,,,,UPI,upi-apps,2026,May,,,,en
13764,39,Kiwi #,2.46014,511.621236263999,0.00,0.00,0.00,0.00,-,-,2.46014,511.621236263999,2026-06-09T09:15:38.354Z,2026-06-10T06:16:28.191Z,,,,UPI,upi-apps,2026,May,,,,en
13765,40,Suryoday Bank Apps,0.000002,0.0030501,2.066559,11.2605202919999,0.044861,4.361182874,-,-,2.1114219999999997,15.6247532659999,2026-06-09T09:15:38.361Z,2026-06-09T09:15:38.361Z,,,,UPI,upi-apps,2026,May,,,,en
13766,41,Omni Card,1.914227,103.32824418999999,0.00,0.00,0.00,0.00,-,-,1.914227,103.32824418999999,2026-06-09T09:15:38.368Z,2026-06-09T09:50:12.447Z,,,,UPI,upi-apps,2026,May,,,,en
13767,42,Punjab National Bank Apps,1.855702,522.2781035389988,0.00,0.00,0.00,0.00,-,-,1.855702,522.2781035389988,2026-06-09T09:15:38.375Z,2026-06-09T09:50:47.680Z,,,,UPI,upi-apps,2026,May,,,,en
13768,43,Bank of Baroda Apps,1.730816,480.838001445,0.000007,0.0000326,0.002992,20.2982049,-,-,1.733815,501.13623894499995,2026-06-09T09:15:38.383Z,2026-06-09T09:15:38.383Z,,,,UPI,upi-apps,2026,May,,,,en
13769,44,Indian Bank Apps,1.653741,417.3196105709989,0.0,0.0,0.063973,74.6774566,-,-,1.717714,491.9970671709989,2026-06-09T09:15:38.390Z,2026-06-09T12:26:39.397Z,,,,UPI,upi-apps,2026,May,,,,en
13770,45,Standard Chartered Bank Apps,0.124839,110.165466118999,1.50747,145.874845214,0.061349,2.00008629799999,-,-,1.693658,258.040397630999,2026-06-09T09:15:38.399Z,2026-06-09T09:15:38.399Z,,,,UPI,upi-apps,2026,May,,,,en
13771,46,HSBC Bank Apps,0.94028,189.264778573999,0.686573,4.6830030959999895,0.007366,0.350571671,-,-,1.634219,194.298353340999,2026-06-09T09:15:38.408Z,2026-06-09T09:15:38.408Z,,,,UPI,upi-apps,2026,May,,,,en
13772,47,Digikhata,1.579385,553.338572275999,0.0,0.0,0.0,0.0,-,-,1.579385,553.338572275999,2026-06-09T09:15:38.414Z,2026-06-09T12:28:07.694Z,,,,UPI,upi-apps,2026,May,,,,en
13773,48,IndusInd Bank Apps,0.555571,150.17523689700002,0.615404,64.88855345799989,0.000684,0.145921033,-,-,1.1716589999999998,215.20971138799993,2026-06-09T09:15:38.425Z,2026-06-09T09:15:38.425Z,,,,UPI,upi-apps,2026,May,,,,en
13774,49,Jar #,1.061668,31.757022495999998,0.0,0.0,0.0,0.0,-,-,1.061668,31.757022495999998,2026-06-09T09:15:38.432Z,2026-06-10T06:17:36.202Z,,,,UPI,upi-apps,2026,May,,,,en
13775,50,Timepay #,1.024223,18.0773023759999,0.0,0.0,0.0,0.0,-,-,1.024223,18.0773023759999,2026-06-09T09:15:38.439Z,2026-06-10T06:16:53.628Z,,,,UPI,upi-apps,2026,May,,,,en
13776,51,Union Bank Apps,1.003275,310.34132378199956,0.0,0.0,0.0,0.0,-,-,1.003275,310.34132378199956,2026-06-09T09:15:38.446Z,2026-06-09T12:29:57.926Z,,,,UPI,upi-apps,2026,May,,,,en
13777,52,AU Small Finance Bank Apps,0.971003,303.61756691299894,0.000281,0.5551599,0.000001,0.000005,-,-,0.971285,304.1727318129989,2026-06-09T09:15:38.456Z,2026-06-09T09:15:38.456Z,,,,UPI,upi-apps,2026,May,,,,en
13778,53,South Indian Bank Apps,0.940703,299.5048435219999,0.000017,0.0027440529999999998,0.0,0.0,-,-,0.94072,299.5075875749999,2026-06-09T09:15:38.462Z,2026-06-09T12:30:32.279Z,,,,UPI,upi-apps,2026,May,,,,en
13779,54,Aditya Birla Capital Digital #,0.912803,20.365976242000002,0.0,0.0,0.0,0.0,-,-,0.912803,20.365976242000002,2026-06-09T09:15:38.470Z,2026-06-10T06:18:00.436Z,,,,UPI,upi-apps,2026,May,,,,en
13780,55,Salary Se #,0.838814,78.8464279369998,0.0,0.0,0.0,0.0,-,-,0.838814,78.8464279369998,2026-06-09T09:15:38.477Z,2026-06-10T06:18:45.751Z,,,,UPI,upi-apps,2026,May,,,,en
13781,56,Kredit Pe #,0.800154,67.7100958289999,0.0,0.0,0.0,0.0,-,-,0.800154,67.7100958289999,2026-06-09T09:15:38.485Z,2026-06-10T06:18:24.072Z,,,,UPI,upi-apps,2026,May,,,,en
13782,57,Freo #,0.735431,86.103687636,0.0,0.0,0.0,0.0,-,-,0.735431,86.103687636,2026-06-09T09:15:38.493Z,2026-06-10T06:17:15.829Z,,,,UPI,upi-apps,2026,May,,,,en
13783,58,Fino Payments Bank Apps,0.715792,66.56161273999987,0.0,0.0,0.0,0.0,-,-,0.715792,66.56161273999987,2026-06-09T09:15:38.501Z,2026-06-09T12:34:25.345Z,,,,UPI,upi-apps,2026,May,,,,en
13784,59,UCO Bank Apps,0.641025,173.060975399999,0.0,0.0,0.0,0.0,-,-,0.641025,173.060975399999,2026-06-09T09:15:38.509Z,2026-06-09T12:35:17.184Z,,,,UPI,upi-apps,2026,May,,,,en
13785,60,Shri Ram One #,0.582111,67.35289107,0.0,0.0,0.0,0.0,-,-,0.582111,67.35289107,2026-06-09T09:15:38.517Z,2026-06-10T06:19:14.557Z,,,,UPI,upi-apps,2026,May,,,,en
13786,61,Rapipay,0.578954,33.517362895,0.0,0.0,0.0,0.0,-,-,0.578954,33.517362895,2026-06-09T09:15:38.526Z,2026-06-09T12:36:16.712Z,,,,UPI,upi-apps,2026,May,,,,en
13787,62,DBS Digibank Apps,0.548671,186.158664542999,0.018455,23.508720891,0.000005,0.00065,-,-,0.567131,209.668035433999,2026-06-09T09:15:38.537Z,2026-06-09T09:15:38.537Z,,,,UPI,upi-apps,2026,May,,,,en
13788,63,Central Bank of India Apps,0.559588,195.1704640029989,0.0,0.0,0.0,0.0,-,-,0.559588,195.1704640029989,2026-06-09T09:15:38.544Z,2026-06-09T12:38:29.746Z,,,,UPI,upi-apps,2026,May,,,,en
13789,64,One Card #,0.546205,675.7677913069999,0.0,0.0,0.0,0.0,-,-,0.546205,675.7677913069999,2026-06-09T09:15:38.551Z,2026-06-10T06:19:55.349Z,,,,UPI,upi-apps,2026,May,,,,en
13790,65,Spice Money,0.456872,38.684330196,0.0,0.0,0.0,0.0,-,-,0.456872,38.684330196,2026-06-09T09:15:38.558Z,2026-06-09T12:39:45.858Z,,,,UPI,upi-apps,2026,May,,,,en
13791,66,Tata Pay #,0.358211,106.916293152,0.0,0.0,0.0,0.0,-,-,0.358211,106.916293152,2026-06-09T09:15:38.565Z,2026-06-10T06:22:42.524Z,,,,UPI,upi-apps,2026,May,,,,en
13792,67,Saathi by PayNearBy #,0.311965,40.0271122109999,0.0,0.0,0.0,0.0,-,-,0.311965,40.0271122109999,2026-06-09T09:15:38.573Z,2026-06-10T06:22:18.289Z,,,,UPI,upi-apps,2026,May,,,,en
13793,68,Bank of India Apps,0.311333,111.41391670200002,0.0,0.0,0.0,0.0,-,-,0.311333,111.41391670200002,2026-06-09T09:15:38.580Z,2026-06-09T12:41:15.166Z,,,,UPI,upi-apps,2026,May,,,,en
13794,69,Obopay,0.287591,46.005472793999886,0.0,0.0,0.0,0.0,-,-,0.287591,46.005472793999886,2026-06-09T09:15:38.590Z,2026-06-09T12:41:44.429Z,,,,UPI,upi-apps,2026,May,,,,en
13795,70,Karnataka Bank Apps,0.258265,70.0833677469998,0.000002,0.0028441,0.000016,0.025531244,-,-,0.25828300000000004,70.11174309099981,2026-06-09T09:15:38.598Z,2026-06-09T09:15:38.598Z,,,,UPI,upi-apps,2026,May,,,,en
13796,71,NSDL Payments Bank Apps,0.257252,19.2953169819999,0.0,0.0,0.0,0.0,-,-,0.257252,19.2953169819999,2026-06-09T09:15:38.607Z,2026-06-09T12:42:34.128Z,,,,UPI,upi-apps,2026,May,,,,en
13797,72,IDBI Bank Apps,0.241986,117.73046298,0.0,0.0,0.0,0.0,-,-,0.241986,117.73046298,2026-06-09T09:15:38.618Z,2026-06-09T12:43:04.258Z,,,,UPI,upi-apps,2026,May,,,,en
13798,73,True Balance,0.20596,7.5630309,0.0,0.0,0.0,0.0,-,-,0.20596,7.5630309,2026-06-09T09:15:38.629Z,2026-06-09T12:43:31.787Z,,,,UPI,upi-apps,2026,May,,,,en
13799,74,City Union Bank Apps,0.07507,32.0385127789999,0.089089,30.1066982489999,0.01039,0.9215715400000001,-,-,0.174549,63.06678256799981,2026-06-09T09:15:38.637Z,2026-06-09T09:15:38.637Z,,,,UPI,upi-apps,2026,May,,,,en
13800,75,Scapia #,0.163889,65.9030454009999,0.0,0.0,0.0,0.0,-,-,0.163889,65.9030454009999,2026-06-09T09:15:38.646Z,2026-06-10T06:31:06.107Z,,,,UPI,upi-apps,2026,May,,,,en
13801,76,Dhani,0.1598,7.92995479899999,0.0,0.0,0.0,0.0,-,-,0.1598,7.92995479899999,2026-06-09T09:15:38.656Z,2026-06-09T12:44:58.340Z,,,,UPI,upi-apps,2026,May,,,,en
13802,77,Karur Vysya Bank Apps,0.125628,43.33803218199991,0.0,0.0,0.0,0.0,-,-,0.125628,43.33803218199991,2026-06-09T09:15:38.668Z,2026-06-09T12:45:30.146Z,,,,UPI,upi-apps,2026,May,,,,en
13803,78,Tamilnad Mercantile Bank Apps,0.106362,44.437977235,0.0,0.0,0.0,0.0,-,-,0.106362,44.437977235,2026-06-09T09:15:38.676Z,2026-06-09T12:45:56.014Z,,,,UPI,upi-apps,2026,May,,,,en
13804,79,Bank of Maharashtra Apps,0.095745,35.7211824099999,0.0,0.0,0.000008,0.0000015380000000000001,-,-,0.09575299999999999,35.7211839479999,2026-06-09T09:15:38.683Z,2026-06-09T12:46:31.183Z,,,,UPI,upi-apps,2026,May,,,,en
13805,80,Fave #,0.081941,15.205929441,0.0,0.0,0.0,0.0,-,-,0.081941,15.205929441,2026-06-09T09:15:38.691Z,2026-06-10T06:23:06.844Z,,,,UPI,upi-apps,2026,May,,,,en
13806,81,Indian Overseas Bank Apps,0.081032,28.220322372999995,0.0,0.0,0.0,0.0,-,-,0.081032,28.220322372999995,2026-06-09T09:15:38.698Z,2026-06-09T12:47:34.596Z,,,,UPI,upi-apps,2026,May,,,,en
13807,82,Equitas Small Finance Bank Apps,0.078823,20.98350032099989,0.0,0.0,0.0,0.0,-,-,0.078823,20.98350032099989,2026-06-09T09:15:38.705Z,2026-06-09T12:47:58.730Z,,,,UPI,upi-apps,2026,May,,,,en
13808,83,Payworld,0.070334,6.7929355870000006,0.0,0.0,0.0,0.0,-,-,0.070334,6.7929355870000006,2026-06-09T09:15:38.715Z,2026-06-09T12:48:54.292Z,,,,UPI,upi-apps,2026,May,,,,en
13809,84,Curie Money #,0.05999,4.16541350899999,0.0,0.0,0.0,0.0,-,-,0.05999,4.16541350899999,2026-06-09T09:15:38.722Z,2026-06-10T06:30:35.870Z,,,,UPI,upi-apps,2026,May,,,,en
13810,85,Lxme UPI #,0.058857,5.08755415599999,0.0,0.0,0.0,0.0,-,-,0.058857,5.08755415599999,2026-06-09T09:15:38.729Z,2026-06-10T06:24:37.394Z,,,,UPI,upi-apps,2026,May,,,,en
13811,86,Ultracash #,0.047439,4.151989759,0.0,0.0,0.0,0.0,-,-,0.047439,4.151989759,2026-06-09T09:15:38.736Z,2026-06-10T06:32:08.339Z,,,,UPI,upi-apps,2026,May,,,,en
13812,87,Cheq,0.037077,3.8698717719999998,0.0,0.0,0.0,0.0,-,-,0.037077,3.8698717719999998,2026-06-09T09:15:38.745Z,2026-06-09T12:50:34.624Z,,,,UPI,upi-apps,2026,May,,,,en
13813,88,Punjab Sind Bank Apps,0.033101,15.30447249699999,0.0,0.0,0.0,0.0,-,-,0.033101,15.30447249699999,2026-06-09T09:15:38.752Z,2026-06-09T12:50:57.075Z,,,,UPI,upi-apps,2026,May,,,,en
13814,89,ZET #,0.032299,2.753897835,0.0,0.0,0.0,0.0,-,-,0.032299,2.753897835,2026-06-09T09:15:38.760Z,2026-06-10T06:32:34.633Z,,,,UPI,upi-apps,2026,May,,,,en
13815,90,Rediff,0.01972,5.319893504999989,0.0,0.0,0.0,0.0,-,-,0.01972,5.319893504999989,2026-06-09T09:15:38.767Z,2026-06-09T12:51:54.054Z,,,,UPI,upi-apps,2026,May,,,,en
13816,91,Others,3.7807820000000003,316.38880518999946,0.000003,3e-7,0.156874,7.040600506999999,-,-,3.9376590000000005,323.4294059969995,2026-06-09T09:15:38.776Z,2026-06-09T09:15:38.776Z,,,,UPI,upi-apps,2026,May,,,,en
14183,1,PhonePe,10483.728651,1419193.3853629145,0.00,0.00,0.00,0.00,-,-,10483.728651,1419193.3853629145,2026-07-22T12:20:12.419Z,2026-07-22T12:20:12.419Z,,,,UPI,upi-apps,2026,Jun,,,,en
14184,2,Google Pay #,7407.712634,967055.7923185461,0.00,0.00,0.00,0.00,-,-,7407.712634,967055.7923185461,2026-07-22T12:20:12.688Z,2026-07-22T12:20:12.688Z,,,,UPI,upi-apps,2026,Jun,,,,en
14185,3,Paytm,1798.835631,192617.3844291761,0.00,0.00,0.00,0.00,-,-,1798.835631,192617.3844291761,2026-07-22T12:20:12.754Z,2026-07-22T12:20:12.754Z,,,,UPI,upi-apps,2026,Jun,,,,en
14186,4,Navi #,842.511094,43948.55512688509,0.00,0.00,0.00,0.00,-,-,842.511094,43948.55512688509,2026-07-22T12:20:12.763Z,2026-07-22T12:20:12.763Z,,,,UPI,upi-apps,2026,Jun,,,,en
14187,5,super.money #,430.239039,20252.40484412499,0.00,0.00,0.00,0.00,-,-,430.239039,20252.40484412499,2026-07-22T12:20:12.774Z,2026-07-22T12:20:12.774Z,,,,UPI,upi-apps,2026,Jun,,,,en
14188,6,BHIM,223.53901,25612.80727535799,0.00,0.00,0.00,0.00,-,-,223.53901,25612.80727535799,2026-07-22T12:20:12.785Z,2026-07-22T12:20:12.785Z,,,,UPI,upi-apps,2026,Jun,,,,en
14189,7,FamApp by Trio #,195.306528,2666.233847535989,0.00,0.00,0.00,0.00,-,-,195.306528,2666.233847535989,2026-07-22T12:20:12.794Z,2026-07-22T12:20:12.794Z,,,,UPI,upi-apps,2026,Jun,,,,en
14190,8,Whatsapp #,150.478004,11391.845235165989,0.00,0.00,0.00,0.00,-,-,150.478004,11391.845235165989,2026-07-22T12:20:12.801Z,2026-07-22T12:20:12.801Z,,,,UPI,upi-apps,2026,Jun,,,,en
14191,9,Cred #,141.780187,55116.78580486389,0.00,0.00,0.00,0.00,-,-,141.780187,55116.78580486389,2026-07-22T12:20:12.811Z,2026-07-22T12:20:12.811Z,,,,UPI,upi-apps,2026,Jun,,,,en
14192,10,Axis Bank Apps,26.899255,5322.384562412989,109.19,7784.87,0.08,13.37,-,-,136.163273,13120.619696799988,2026-07-22T12:20:12.819Z,2026-07-22T12:20:12.819Z,,,,UPI,upi-apps,2026,Jun,,,,en
14193,11,Kotak Mahindra Bank Apps,122.072898,14847.58791646997,0.01,0.30,0.00,0.00,-,-,122.079618,14847.88780156497,2026-07-22T12:20:12.827Z,2026-07-22T12:20:12.827Z,,,,UPI,upi-apps,2026,Jun,,,,en
14194,12,Amazon Pay #,84.198538,10157.171831169986,0.00,0.00,0.00,0.00,-,-,84.198538,10157.171831169986,2026-07-22T12:20:12.835Z,2026-07-22T12:20:12.835Z,,,,UPI,upi-apps,2026,Jun,,,,en
14195,13,Mobikwik #,68.669269,8115.021978364989,0.00,0.00,0.00,0.00,-,-,68.669269,8115.021978364989,2026-07-22T12:20:12.844Z,2026-07-22T12:20:12.844Z,,,,UPI,upi-apps,2026,Jun,,,,en
14196,14,HDFC Bank Apps,34.127717,11721.242835924977,31.44,5322.56,0.00,0.57,-,-,65.57316999999999,17044.380757257968,2026-07-22T12:20:12.856Z,2026-07-22T12:20:12.856Z,,,,UPI,upi-apps,2026,Jun,,,,en
14197,15,Slice Small Finance Bank Apps,59.750693,5270.77611327499,4.84,365.05,0.02,5.97,-,-,64.61283,5641.792812993989,2026-07-22T12:20:14.180Z,2026-07-22T12:20:14.180Z,,,,UPI,upi-apps,2026,Jun,,,,en
14198,16,Yes Bank Apps,3.615161,2531.0026582469986,44.23,4995.26,0.37,9.46,-,-,48.209086000000006,7535.720637903987,2026-07-22T12:20:16.129Z,2026-07-22T12:20:16.129Z,,,,UPI,upi-apps,2026,Jun,,,,en
14199,17,ICICI Bank Apps,23.034343,7586.13663509399,21.66,11069.36,3.26,3144.98,-,-,47.950745999999995,21800.476567209967,2026-07-22T12:20:16.148Z,2026-07-22T12:20:16.148Z,,,,UPI,upi-apps,2026,Jun,,,,en
14200,18,IDFC Bank Apps,15.071821,3481.4809794549888,31.08,220.69,0.02,4.92,-,-,46.16754,3707.090298563989,2026-07-22T12:20:16.178Z,2026-07-22T12:20:16.178Z,,,,UPI,upi-apps,2026,Jun,,,,en
14201,19,State Bank of India Apps,23.129268,5973.63775026099,0.02,3.96,0.00,0.14,-,-,23.147927000000003,5977.73267975199,2026-07-22T12:20:16.187Z,2026-07-22T12:20:16.187Z,,,,UPI,upi-apps,2026,Jun,,,,en
14202,20,Unity Small Finance Bank Apps,0.063587,14.952828726,19.25,2275.98,0.00,0.00,-,-,19.312432999999995,2290.9326863140004,2026-07-22T12:20:16.197Z,2026-07-22T12:20:16.197Z,,,,UPI,upi-apps,2026,Jun,,,,en
14203,21,India Post Payments Bank Apps,17.537103,1929.2587711379902,0.00,0.01,0.00,0.00,-,-,17.537271999999998,1929.2661543369902,2026-07-22T12:20:16.204Z,2026-07-22T12:20:16.204Z,,,,UPI,upi-apps,2026,Jun,,,,en
14204,22,Airtel Payments Bank Apps,14.118825,1344.0008230849899,1.72,183.15,0.00,0.00,-,-,15.836623999999999,1527.1468164959888,2026-07-22T12:20:16.217Z,2026-07-22T12:20:16.217Z,,,,UPI,upi-apps,2026,Jun,,,,en
14205,23,Bajaj Finserv #,15.402981,3404.9113222969895,0.00,0.00,0.00,0.00,-,-,15.402981,3404.9113222969895,2026-07-22T12:20:16.224Z,2026-07-22T12:20:16.224Z,,,,UPI,upi-apps,2026,Jun,,,,en
14206,24,Groww #,14.749303,11613.02289833898,0.00,0.00,0.00,0.00,-,-,14.749303,11613.02289833898,2026-07-22T12:20:16.232Z,2026-07-22T12:20:16.232Z,,,,UPI,upi-apps,2026,Jun,,,,en
14207,25,KreditBee #,11.340254,217.15417314300004,0.00,0.00,0.00,0.00,-,-,11.340254,217.15417314300004,2026-07-22T12:20:16.246Z,2026-07-22T12:20:16.246Z,,,,UPI,upi-apps,2026,Jun,,,,en
14208,26,Samsung Pay #,10.486043,721.422834586,0.00,0.00,0.00,0.00,-,-,10.486043,721.422834586,2026-07-22T12:20:16.255Z,2026-07-22T12:20:16.255Z,,,,UPI,upi-apps,2026,Jun,,,,en
14209,27,Federal Bank Apps,8.396691,3009.8898072949987,0.01,9.94,0.00,0.03,-,-,8.41267,3019.8594929589985,2026-07-22T12:20:16.262Z,2026-07-22T12:20:16.262Z,,,,UPI,upi-apps,2026,Jun,,,,en
14210,28,POP UPI #,7.559464,744.840201096999,0.00,0.00,0.00,0.00,-,-,7.559464,744.840201096999,2026-07-22T12:20:16.269Z,2026-07-22T12:20:16.269Z,,,,UPI,upi-apps,2026,Jun,,,,en
14211,29,Jio Payments Bank Apps,6.713342,423.9109143519996,0.00,0.00,0.00,0.00,-,-,6.713342,423.9109143519996,2026-07-22T12:20:16.277Z,2026-07-22T12:20:16.277Z,,,,UPI,upi-apps,2026,Jun,,,,en
14212,30,Money View #,5.14666,388.958625155,0.00,0.00,0.00,0.00,-,-,5.14666,388.958625155,2026-07-22T12:20:16.287Z,2026-07-22T12:20:16.287Z,,,,UPI,upi-apps,2026,Jun,,,,en
14213,31,Jupiter Money #,5.031984,839.6357043959997,0.00,0.00,0.00,0.00,-,-,5.031984,839.6357043959997,2026-07-22T12:20:16.296Z,2026-07-22T12:20:16.296Z,,,,UPI,upi-apps,2026,Jun,,,,en
14214,32,Deutsche Bank Apps,0.027865,36.509281971,4.74,844.25,0.00,0.14,-,-,4.775208000000001,880.901517557999,2026-07-22T12:20:16.304Z,2026-07-22T12:20:16.304Z,,,,UPI,upi-apps,2026,Jun,,,,en
14215,33,Jammu and Kashmir Bank Apps,4.199941,564.6255146859991,0.00,0.00,0.00,0.00,-,-,4.199941,564.6255146859991,2026-07-22T12:20:16.320Z,2026-07-22T12:20:16.320Z,,,,UPI,upi-apps,2026,Jun,,,,en
14216,34,Canara Bank Apps,3.983047,1116.07676388599,0.00,0.00,0.00,0.00,-,-,3.983047,1116.07676388599,2026-07-22T12:20:16.328Z,2026-07-22T12:20:16.328Z,,,,UPI,upi-apps,2026,Jun,,,,en
14217,35,Ind Money #,3.583725,1340.705169035,0.00,0.00,0.00,0.00,-,-,3.583725,1340.705169035,2026-07-22T12:20:16.341Z,2026-07-22T12:20:16.341Z,,,,UPI,upi-apps,2026,Jun,,,,en
14218,36,RBL Bank Apps,0.507665,203.10565966,2.82,2467.67,0.02,11.35,-,-,3.352055,2682.1209957289907,2026-07-22T12:20:16.348Z,2026-07-22T12:20:16.348Z,,,,UPI,upi-apps,2026,Jun,,,,en
14219,37,Flipkart UPI #,3.179716,127.1701946189989,0.00,0.00,0.00,0.00,-,-,3.179716,127.1701946189989,2026-07-22T12:20:17.067Z,2026-07-22T12:20:17.067Z,,,,UPI,upi-apps,2026,Jun,,,,en
14220,38,Bharat Pe #,2.690964,288.6004686999999,0.00,0.00,0.00,0.00,-,-,2.690964,288.6004686999999,2026-07-22T12:20:21.368Z,2026-07-22T12:20:21.368Z,,,,UPI,upi-apps,2026,Jun,,,,en
14221,39,Kiwi #,2.376264,477.971677285999,0.00,0.00,0.00,0.00,-,-,2.376264,477.971677285999,2026-07-22T12:20:21.386Z,2026-07-22T12:20:21.386Z,,,,UPI,upi-apps,2026,Jun,,,,en
14222,40,Timepay #,1.136035,20.2065135099999,0.00,0.00,0.00,0.00,-,-,1.136035,20.2065135099999,2026-07-22T12:20:21.394Z,2026-07-22T12:20:21.394Z,,,,UPI,upi-apps,2026,Jun,,,,en
14223,41,Suryoday Bank Apps,-,-,2.09,14.56,0.06,6.29,-,-,2.150219,20.84307911499999,2026-07-22T12:20:21.402Z,2026-07-22T12:20:21.402Z,,,,UPI,upi-apps,2026,Jun,,,,en
14224,42,Standard Chartered Bank Apps,0.093336,86.9389975269999,1.85,137.76,0.07,2.10,-,-,2.0158370000000003,226.80555506899987,2026-07-22T12:20:21.411Z,2026-07-22T12:20:21.411Z,,,,UPI,upi-apps,2026,Jun,,,,en
14225,43,Punjab National Bank Apps,2.015132,545.923438343999,0.00,0.00,0.00,0.00,-,-,2.015132,545.923438343999,2026-07-22T12:20:21.422Z,2026-07-22T12:20:21.422Z,,,,UPI,upi-apps,2026,Jun,,,,en
14226,44,Omni Card #,1.756113,97.8392310529999,0.00,0.00,0.00,0.00,-,-,1.756113,97.8392310529999,2026-07-22T12:20:21.430Z,2026-07-22T12:20:21.430Z,,,,UPI,upi-apps,2026,Jun,,,,en
14227,45,Indian Bank Apps,1.680589,424.48776984699884,0.00,0.00,0.07,76.61,-,-,1.752407,501.09540254699886,2026-07-22T12:20:21.438Z,2026-07-22T12:20:21.438Z,,,,UPI,upi-apps,2026,Jun,,,,en
14228,46,Bank of Baroda Apps,1.712794,474.136456987,0.00,0.00,0.00,18.99,-,-,1.7154519999999998,493.129416387,2026-07-22T12:20:21.445Z,2026-07-22T12:20:21.445Z,,,,UPI,upi-apps,2026,Jun,,,,en
14229,47,Digikhata,1.555456,542.885139375,0.00,0.00,0.00,0.00,-,-,1.555456,542.885139375,2026-07-22T12:20:21.453Z,2026-07-22T12:20:21.453Z,,,,UPI,upi-apps,2026,Jun,,,,en
14230,48,HSBC Bank Apps,0.863631,168.741215346,0.65,4.84,0.01,0.64,-,-,1.518983,174.225740845,2026-07-22T12:20:21.461Z,2026-07-22T12:20:21.461Z,,,,UPI,upi-apps,2026,Jun,,,,en
14231,49,IndusInd Bank Apps,0.55623,150.6413734069999,0.55,60.86,0.00,0.09,-,-,1.108895,211.5865121119999,2026-07-22T12:20:21.468Z,2026-07-22T12:20:21.468Z,,,,UPI,upi-apps,2026,Jun,,,,en
14232,50,Union Bank Apps,0.980952,313.9280023509987,0.00,0.00,0.00,0.00,-,-,0.980952,313.9280023509987,2026-07-22T12:20:21.475Z,2026-07-22T12:20:21.475Z,,,,UPI,upi-apps,2026,Jun,,,,en
14233,51,AU Small Finance Bank Apps,0.962499,308.20567762099904,0.00,0.51,0.00,0.00,-,-,0.967139,308.71932082099903,2026-07-22T12:20:21.483Z,2026-07-22T12:20:21.483Z,,,,UPI,upi-apps,2026,Jun,,,,en
14234,52,South Indian Bank Apps,0.934978,293.53009341300003,0.00,0.00,0.00,0.00,-,-,0.934989,293.531870238,2026-07-22T12:20:21.492Z,2026-07-22T12:20:21.492Z,,,,UPI,upi-apps,2026,Jun,,,,en
14235,53,Aditya Birla Capital Digital #,0.831596,16.8624615659999,0.00,0.00,0.00,0.00,-,-,0.831596,16.8624615659999,2026-07-22T12:20:21.501Z,2026-07-22T12:20:21.501Z,,,,UPI,upi-apps,2026,Jun,,,,en
14236,54,Fino Payments Bank Apps,0.77095,69.035389561,0.00,0.00,0.00,0.00,-,-,0.77095,69.035389561,2026-07-22T12:20:21.510Z,2026-07-22T12:20:21.510Z,,,,UPI,upi-apps,2026,Jun,,,,en
14237,55,Salary Se #,0.738771,79.2784341019999,0.00,0.00,0.00,0.00,-,-,0.738771,79.2784341019999,2026-07-22T12:20:21.518Z,2026-07-22T12:20:21.518Z,,,,UPI,upi-apps,2026,Jun,,,,en
14238,56,Jar #,0.735745,17.321911787999902,0.00,0.00,0.00,0.00,-,-,0.735745,17.321911787999902,2026-07-22T12:20:21.526Z,2026-07-22T12:20:21.526Z,,,,UPI,upi-apps,2026,Jun,,,,en
14239,57,Kredit Pe #,0.727002,63.332812254,0.00,0.00,0.00,0.00,-,-,0.727002,63.332812254,2026-07-22T12:20:21.536Z,2026-07-22T12:20:21.536Z,,,,UPI,upi-apps,2026,Jun,,,,en
14240,58,UCO Bank Apps,0.656306,175.864117575,0.00,0.00,0.00,0.00,-,-,0.656306,175.864117575,2026-07-22T12:20:21.548Z,2026-07-22T12:20:21.548Z,,,,UPI,upi-apps,2026,Jun,,,,en
14241,59,DBS Digibank Apps,0.53955,179.48317724400002,0.02,23.18,0.00,0.00,-,-,0.558013,202.666201625,2026-07-22T12:20:21.560Z,2026-07-22T12:20:21.560Z,,,,UPI,upi-apps,2026,Jun,,,,en
14242,60,Shri Ram One #,0.557538,57.899532463,0.00,0.00,0.00,0.00,-,-,0.557538,57.899532463,2026-07-22T12:20:21.572Z,2026-07-22T12:20:21.572Z,,,,UPI,upi-apps,2026,Jun,,,,en
14243,61,Central Bank of India Apps,0.55331,193.29184506800001,0.00,0.00,0.00,0.00,-,-,0.55331,193.29184506800001,2026-07-22T12:20:21.582Z,2026-07-22T12:20:21.582Z,,,,UPI,upi-apps,2026,Jun,,,,en
14244,62,Rapipay,0.534266,28.991353206,0.00,0.00,0.00,0.00,-,-,0.534266,28.991353206,2026-07-22T12:20:21.592Z,2026-07-22T12:20:21.592Z,,,,UPI,upi-apps,2026,Jun,,,,en
14245,63,One Card #,0.494323,598.376634502,0.00,0.00,0.00,0.00,-,-,0.494323,598.376634502,2026-07-22T12:20:21.662Z,2026-07-22T12:20:21.662Z,,,,UPI,upi-apps,2026,Jun,,,,en
14246,64,Spice Money,0.467589,38.485478865,0.00,0.00,0.00,0.00,-,-,0.467589,38.485478865,2026-07-22T12:20:21.675Z,2026-07-22T12:20:21.675Z,,,,UPI,upi-apps,2026,Jun,,,,en
14247,65,Tata Pay #,0.338596,93.12255105399991,0.00,0.00,0.00,0.00,-,-,0.338596,93.12255105399991,2026-07-22T12:20:21.764Z,2026-07-22T12:20:21.764Z,,,,UPI,upi-apps,2026,Jun,,,,en
14248,66,Obopay,0.327412,50.738537208999894,0.00,0.00,0.00,0.00,-,-,0.327412,50.738537208999894,2026-07-22T12:20:21.775Z,2026-07-22T12:20:21.775Z,,,,UPI,upi-apps,2026,Jun,,,,en
14249,67,Bank of India Apps,0.323062,114.4012467239998,0.00,0.00,0.00,0.00,-,-,0.323062,114.4012467239998,2026-07-22T12:20:21.853Z,2026-07-22T12:20:21.853Z,,,,UPI,upi-apps,2026,Jun,,,,en
14250,68,NSDL Payments Bank Apps,0.254626,19.9220234619999,0.00,0.00,0.00,0.00,-,-,0.254626,19.9220234619999,2026-07-22T12:20:21.876Z,2026-07-22T12:20:21.876Z,,,,UPI,upi-apps,2026,Jun,,,,en
14251,69,Karnataka Bank Apps,0.245323,68.6828551789999,0.00,0.02,0.00,0.02,-,-,0.245346,68.7201617789999,2026-07-22T12:20:21.885Z,2026-07-22T12:20:21.885Z,,,,UPI,upi-apps,2026,Jun,,,,en
14252,70,Saathi by PayNearBy #,0.244062,31.4740541669999,0.00,0.00,0.00,0.00,-,-,0.244062,31.4740541669999,2026-07-22T12:20:21.953Z,2026-07-22T12:20:21.953Z,,,,UPI,upi-apps,2026,Jun,,,,en
14253,71,Scapia #,0.234132,102.82686222299989,0.00,0.00,0.00,0.00,-,-,0.234132,102.82686222299989,2026-07-22T12:20:21.961Z,2026-07-22T12:20:21.961Z,,,,UPI,upi-apps,2026,Jun,,,,en
14254,72,IDBI Bank Apps,0.233249,117.00678559299992,0.00,0.00,0.00,0.00,-,-,0.233249,117.00678559299992,2026-07-22T12:20:21.969Z,2026-07-22T12:20:21.969Z,,,,UPI,upi-apps,2026,Jun,,,,en
14255,73,City Union Bank Apps,0.059329,27.183622274999987,0.09,81.57,0.00,0.31,-,-,0.14873699999999998,109.06033899799998,2026-07-22T12:20:21.976Z,2026-07-22T12:20:21.976Z,,,,UPI,upi-apps,2026,Jun,,,,en
14256,74,Karur Vysya Bank Apps,0.129786,46.324908203999904,0.00,0.00,0.00,0.00,-,-,0.129786,46.324908203999904,2026-07-22T12:20:21.985Z,2026-07-22T12:20:21.985Z,,,,UPI,upi-apps,2026,Jun,,,,en
14257,75,Dhani,0.1219,5.998288731000001,0.00,0.00,0.00,0.00,-,-,0.1219,5.998288731000001,2026-07-22T12:20:21.992Z,2026-07-22T12:20:21.992Z,,,,UPI,upi-apps,2026,Jun,,,,en
14258,76,Freo #,0.116359,27.009788831,0.00,0.00,0.00,0.00,-,-,0.116359,27.009788831,2026-07-22T12:20:22.000Z,2026-07-22T12:20:22.000Z,,,,UPI,upi-apps,2026,Jun,,,,en
14259,77,Bank of Maharashtra Apps,0.106901,38.171539454999994,0.00,0.00,0.00,0.78,-,-,0.10704899999999999,38.954488555,2026-07-22T12:20:22.008Z,2026-07-22T12:20:22.008Z,,,,UPI,upi-apps,2026,Jun,,,,en
14260,78,Fave #,0.103413,20.060643521,0.00,0.00,0.00,0.00,-,-,0.103413,20.060643521,2026-07-22T12:20:22.016Z,2026-07-22T12:20:22.016Z,,,,UPI,upi-apps,2026,Jun,,,,en
14261,79,Tamilnad Mercantile Bank Apps,0.103072,41.9598182609999,0.00,0.00,0.00,0.00,-,-,0.103072,41.9598182609999,2026-07-22T12:20:22.024Z,2026-07-22T12:20:22.024Z,,,,UPI,upi-apps,2026,Jun,,,,en
14262,80,Jummp #,0.0877,4.73138631499999,0.00,0.00,0.00,0.00,-,-,0.0877,4.73138631499999,2026-07-22T12:20:22.033Z,2026-07-22T12:20:22.033Z,,,,UPI,upi-apps,2026,Jun,,,,en
14263,81,True Balance,0.083973,2.8626742,0.00,0.00,0.00,0.00,-,-,0.083973,2.8626742,2026-07-22T12:20:22.042Z,2026-07-22T12:20:22.042Z,,,,UPI,upi-apps,2026,Jun,,,,en
14264,82,Equitas Small Finance Bank Apps,0.083953,22.168389996999903,0.00,0.00,0.00,0.00,-,-,0.083953,22.168389996999903,2026-07-22T12:20:22.053Z,2026-07-22T12:20:22.053Z,,,,UPI,upi-apps,2026,Jun,,,,en
14265,83,Indian Overseas Bank Apps,0.081566,27.8854256409999,0.00,0.00,0.00,0.00,-,-,0.081566,27.8854256409999,2026-07-22T12:20:22.067Z,2026-07-22T12:20:22.067Z,,,,UPI,upi-apps,2026,Jun,,,,en
14266,84,Payworld,0.063571,6.36695831299999,0.00,0.00,0.00,0.00,-,-,0.063571,6.36695831299999,2026-07-22T12:20:22.075Z,2026-07-22T12:20:22.075Z,,,,UPI,upi-apps,2026,Jun,,,,en
14267,85,Curie Money #,0.061598,4.326795162000001,0.00,0.00,0.00,0.00,-,-,0.061598,4.326795162000001,2026-07-22T12:20:22.083Z,2026-07-22T12:20:22.083Z,,,,UPI,upi-apps,2026,Jun,,,,en
14268,86,Lxme UPI #,0.056314,4.48509548699999,0.00,0.00,0.00,0.00,-,-,0.056314,4.48509548699999,2026-07-22T12:20:22.090Z,2026-07-22T12:20:22.090Z,,,,UPI,upi-apps,2026,Jun,,,,en
14269,87,SnapMint #,0.04224,1.6220818769999898,0.00,0.00,0.00,0.00,-,-,0.04224,1.6220818769999898,2026-07-22T12:20:22.098Z,2026-07-22T12:20:22.098Z,,,,UPI,upi-apps,2026,Jun,,,,en
14270,88,Cheq #,0.038618,3.7595358109999903,0.00,0.00,0.00,0.00,-,-,0.038618,3.7595358109999903,2026-07-22T12:20:22.107Z,2026-07-22T12:20:22.107Z,,,,UPI,upi-apps,2026,Jun,,,,en
14271,89,Punjab Sind Bank Apps,0.034773,15.767241339000002,0.00,0.00,0.00,0.00,-,-,0.034773,15.767241339000002,2026-07-22T12:20:22.116Z,2026-07-22T12:20:22.116Z,,,,UPI,upi-apps,2026,Jun,,,,en
14272,90,ZET #,0.032025,2.845711093,0.00,0.00,0.00,0.00,-,-,0.032025,2.845711093,2026-07-22T12:20:22.123Z,2026-07-22T12:20:22.123Z,,,,UPI,upi-apps,2026,Jun,,,,en
14273,91,Ultracash #,0.026565,1.81250322999999,0.00,0.00,0.00,0.00,-,-,0.026565,1.81250322999999,2026-07-22T12:20:22.130Z,2026-07-22T12:20:22.130Z,,,,UPI,upi-apps,2026,Jun,,,,en
14274,92,Others,3.848641,308.0465206999996,0.00,3.62,0.18,7.12,-,-,4.032384,318.79283632799957,2026-07-22T12:20:22.141Z,2026-07-22T12:20:22.141Z,,,,UPI,upi-apps,2026,Jun,,,,en
14659,1,PhonePe,10857.91,1443982.58,0.00,0.00,0.00,0.00,-,-,10857.91,1443982.58,2026-08-14T10:34:59.210Z,2026-08-14T10:34:59.210Z,,,,UPI,upi-apps,2026,Jul,,,,en
14660,2,Google Pay #,7649.82,1001101.5,0.00,0.00,0.00,0.00,-,-,7649.82,1001101.5,2026-08-14T10:34:59.251Z,2026-08-14T10:34:59.251Z,,,,UPI,upi-apps,2026,Jul,,,,en
14661,3,Paytm,1903.87,204565.74,0.00,0.00,0.00,0.00,-,-,1903.87,204565.74,2026-08-14T10:34:59.260Z,2026-08-14T10:34:59.260Z,,,,UPI,upi-apps,2026,Jul,,,,en
14662,4,Navi #,947.08,48318.02,0.00,0.00,0.00,0.00,-,-,947.08,48318.02,2026-08-14T10:34:59.270Z,2026-08-14T10:34:59.270Z,,,,UPI,upi-apps,2026,Jul,,,,en
14663,5,super.money #,437.27,20838.19,0.00,0.00,0.00,0.00,-,-,437.27,20838.19,2026-08-14T10:34:59.277Z,2026-08-14T10:34:59.277Z,,,,UPI,upi-apps,2026,Jul,,,,en
14664,6,BHIM,242.27,28632.66,0.00,0.00,0.00,0.00,-,-,242.27,28632.66,2026-08-14T10:34:59.286Z,2026-08-14T10:34:59.286Z,,,,UPI,upi-apps,2026,Jul,,,,en
14665,7,FamApp by Trio #,206.19,2820.96,0.00,0.00,0.00,0.00,-,-,206.19,2820.96,2026-08-14T10:34:59.295Z,2026-08-14T10:34:59.295Z,,,,UPI,upi-apps,2026,Jul,,,,en
14666,8,Whatsapp #,167.89,12957.07,0.00,0.00,0.00,0.00,-,-,167.89,12957.07,2026-08-14T10:34:59.304Z,2026-08-14T10:34:59.304Z,,,,UPI,upi-apps,2026,Jul,,,,en
14667,9,Axis Bank Apps,23.24,4979.47,120.44,8945.17,0.08,15.30,-,-,143.77,13939.94,2026-08-14T10:34:59.313Z,2026-08-14T10:34:59.313Z,,,,UPI,upi-apps,2026,Jul,,,,en
14668,10,Cred #,142.1,59278.7,0.00,0.00,0.00,0.00,-,-,142.1,59278.7,2026-08-14T10:34:59.327Z,2026-08-14T10:34:59.327Z,,,,UPI,upi-apps,2026,Jul,,,,en
14669,11,Kotak Mahindra Bank Apps,129.02,16315.82,0.01,0.24,0.00,0.00,-,-,129.03,16316.06,2026-08-14T10:34:59.339Z,2026-08-14T10:34:59.339Z,,,,UPI,upi-apps,2026,Jul,,,,en
14670,12,Amazon Pay #,90.65,10978.29,0.00,0.00,0.00,0.00,-,-,90.65,10978.29,2026-08-14T10:34:59.349Z,2026-08-14T10:34:59.349Z,,,,UPI,upi-apps,2026,Jul,,,,en
14671,13,HDFC Bank Apps,35.65,12693.55,35.06,4833.88,0.01,0.67,-,-,70.72,17528.1,2026-08-14T10:34:59.359Z,2026-08-14T10:34:59.359Z,,,,UPI,upi-apps,2026,Jul,,,,en
14672,14,Slice Small Finance Bank Apps,66.56,5949.17,3.90,356.85,0.02,6.29,-,-,70.48,6312.31,2026-08-14T10:34:59.370Z,2026-08-14T10:34:59.370Z,,,,UPI,upi-apps,2026,Jul,,,,en
14673,15,Mobikwik #,69.18,8234.3,0.00,0.00,0.00,0.00,-,-,69.18,8234.3,2026-08-14T10:34:59.379Z,2026-08-14T10:34:59.379Z,,,,UPI,upi-apps,2026,Jul,,,,en
14674,16,IDFC Bank Apps,15.76,3678.51,39.05,709.94,0.01,7.96,-,-,54.82,4396.42,2026-08-14T10:34:59.390Z,2026-08-14T10:34:59.390Z,,,,UPI,upi-apps,2026,Jul,,,,en
14675,17,Yes Bank Apps,3.72,2816.65,49.34,5352.94,0.46,10.12,-,-,53.53,8179.71,2026-08-14T10:34:59.402Z,2026-08-14T10:34:59.402Z,,,,UPI,upi-apps,2026,Jul,,,,en
14676,18,ICICI Bank Apps,23.77,8397.14,25.19,11028.97,3.46,3312.07,-,-,52.43,22738.18,2026-08-14T10:34:59.415Z,2026-08-14T10:34:59.415Z,,,,UPI,upi-apps,2026,Jul,,,,en
14677,19,State Bank of India Apps,26.18,6482.13,0.07,318.36,0.00,0.26,-,-,26.25,6800.75,2026-08-14T10:34:59.424Z,2026-08-14T10:34:59.424Z,,,,UPI,upi-apps,2026,Jul,,,,en
14678,20,Unity Small Finance Bank Apps,0.06,14.4,19.76,2434.21,0.01,0.00,-,-,19.83,2448.61,2026-08-14T10:34:59.434Z,2026-08-14T10:34:59.434Z,,,,UPI,upi-apps,2026,Jul,,,,en
14679,21,India Post Payments Bank Apps,18.94,2084.79,0.00,0.00,0.00,0.00,-,-,18.94,2084.79,2026-08-14T10:34:59.449Z,2026-08-14T10:34:59.449Z,,,,UPI,upi-apps,2026,Jul,,,,en
14680,22,Bajaj Finserv #,16.12,3626.92,0.00,0.00,0.00,0.00,-,-,16.12,3626.92,2026-08-14T10:34:59.458Z,2026-08-14T10:34:59.458Z,,,,UPI,upi-apps,2026,Jul,,,,en
14681,23,Groww #,15.41,13216.27,0.00,0.00,0.00,0.00,-,-,15.41,13216.27,2026-08-14T10:34:59.480Z,2026-08-14T10:34:59.480Z,,,,UPI,upi-apps,2026,Jul,,,,en
14682,24,KreditBee #,14.84,293.7,0.00,0.00,0.00,0.00,-,-,14.84,293.7,2026-08-14T10:35:00.903Z,2026-08-14T10:35:00.903Z,,,,UPI,upi-apps,2026,Jul,,,,en
14683,25,Airtel Payments Bank Apps,12.49,1108.67,1.61,140.50,0.00,0.00,-,-,14.1,1249.17,2026-08-14T10:35:03.213Z,2026-08-14T10:35:03.213Z,,,,UPI,upi-apps,2026,Jul,,,,en
14684,26,Samsung Pay #,10.6,750.73,0.00,0.00,0.00,0.00,-,-,10.6,750.73,2026-08-14T10:35:06.231Z,2026-08-14T10:35:06.231Z,,,,UPI,upi-apps,2026,Jul,,,,en
14685,27,POP UPI #,10.28,967.65,0.00,0.00,0.00,0.00,-,-,10.28,967.65,2026-08-14T10:35:11.306Z,2026-08-14T10:35:11.306Z,,,,UPI,upi-apps,2026,Jul,,,,en
14686,28,Federal Bank Apps,9.71,3391.84,0.01,11.59,0.01,0.08,-,-,9.73,3403.51,2026-08-14T10:35:11.984Z,2026-08-14T10:35:11.984Z,,,,UPI,upi-apps,2026,Jul,,,,en
14687,29,Jio Payments Bank Apps,6.34,407.11,0.00,0.00,0.00,0.00,-,-,6.34,407.11,2026-08-14T10:35:12.479Z,2026-08-14T10:35:12.479Z,,,,UPI,upi-apps,2026,Jul,,,,en
14688,30,Money View #,6.13,469.27,0.00,0.00,0.00,0.00,-,-,6.13,469.27,2026-08-14T10:35:12.500Z,2026-08-14T10:35:12.500Z,,,,UPI,upi-apps,2026,Jul,,,,en
14689,31,Jupiter Money #,5.08,853.38,0.00,0.00,0.00,0.00,-,-,5.08,853.38,2026-08-14T10:35:12.512Z,2026-08-14T10:35:12.512Z,,,,UPI,upi-apps,2026,Jul,,,,en
14690,32,Deutsche Bank Apps,0.03,38.66,4.71,941.57,0.01,0.16,-,-,4.75,980.39,2026-08-14T10:35:13.900Z,2026-08-14T10:35:13.900Z,,,,UPI,upi-apps,2026,Jul,,,,en
14691,33,Jammu and Kashmir Bank Apps,4.59,606.35,0.00,0.00,0.00,0.00,-,-,4.59,606.35,2026-08-14T10:35:13.923Z,2026-08-14T10:35:13.923Z,,,,UPI,upi-apps,2026,Jul,,,,en
14692,34,Canara Bank Apps,4.24,1186.82,0.00,0.00,0.00,0.00,-,-,4.24,1186.82,2026-08-14T10:35:13.936Z,2026-08-14T10:35:13.936Z,,,,UPI,upi-apps,2026,Jul,,,,en
14693,35,Flipkart UPI #,3.47,140.94,0.00,0.00,0.00,0.00,-,-,3.47,140.94,2026-08-14T10:35:13.949Z,2026-08-14T10:35:13.949Z,,,,UPI,upi-apps,2026,Jul,,,,en
14694,36,RBL Bank Apps,0.51,206.68,2.84,2478.62,0.02,11.64,-,-,3.38,2696.94,2026-08-14T10:35:13.962Z,2026-08-14T10:35:13.962Z,,,,UPI,upi-apps,2026,Jul,,,,en
14695,37,Ind Money #,3.31,1222.72,0.00,0.00,0.00,0.00,-,-,3.31,1222.72,2026-08-14T10:35:13.976Z,2026-08-14T10:35:13.976Z,,,,UPI,upi-apps,2026,Jul,,,,en
14696,38,Bharat Pe #,3.26,344.64,0.00,0.00,0.00,0.00,-,-,3.26,344.64,2026-08-14T10:35:14.189Z,2026-08-14T10:35:14.189Z,,,,UPI,upi-apps,2026,Jul,,,,en
14697,39,Kiwi #,2.55,560.53,0.00,0.00,0.00,0.00,-,-,2.55,560.53,2026-08-14T10:35:14.202Z,2026-08-14T10:35:14.202Z,,,,UPI,upi-apps,2026,Jul,,,,en
14698,40,Timepay #,1.34,24.38,0.00,0.00,0.00,0.00,-,-,1.34,24.38,2026-08-14T10:35:14.213Z,2026-08-14T10:35:14.213Z,,,,UPI,upi-apps,2026,Jul,,,,en
14699,41,Punjab National Bank Apps,2.14,591.34,0.00,0.00,0.00,0.00,-,-,2.14,591.34,2026-08-14T10:35:14.223Z,2026-08-14T10:35:14.223Z,,,,UPI,upi-apps,2026,Jul,,,,en
14700,42,Indian Bank Apps,1.89,470.09,0.00,0.00,0.05,50.76,-,-,1.94,520.85,2026-08-14T10:35:14.234Z,2026-08-14T10:35:14.234Z,,,,UPI,upi-apps,2026,Jul,,,,en
14701,43,Bank of Baroda Apps,1.84,511.92,0.00,0.00,0.00,18.33,-,-,1.85,530.25,2026-08-14T10:35:14.247Z,2026-08-14T10:35:14.247Z,,,,UPI,upi-apps,2026,Jul,,,,en
14702,44,Omni Card,1.83,102.19,0.00,0.00,0.00,0.00,-,-,1.83,102.19,2026-08-14T10:35:14.256Z,2026-08-14T10:35:14.256Z,,,,UPI,upi-apps,2026,Jul,,,,en
14703,45,Standard Chartered Bank Apps,0.09,87.89,1.56,96.72,0.06,1.87,-,-,1.71,186.48,2026-08-14T10:35:14.268Z,2026-08-14T10:35:14.268Z,,,,UPI,upi-apps,2026,Jul,,,,en
14704,46,Digikhata,1.59,556.72,0.00,0.00,0.00,0.00,-,-,1.59,556.72,2026-08-14T10:35:14.276Z,2026-08-14T10:35:14.276Z,,,,UPI,upi-apps,2026,Jul,,,,en
14705,47,HSBC Bank Apps,0.91,190.72,0.57,5.17,0.01,0.21,-,-,1.49,196.1,2026-08-14T10:35:14.290Z,2026-08-14T10:35:14.290Z,,,,UPI,upi-apps,2026,Jul,,,,en
14706,48,IndusInd Bank Apps,0.59,163.33,0.60,50.61,0.00,0.11,-,-,1.2,214.05,2026-08-14T10:35:14.300Z,2026-08-14T10:35:14.300Z,,,,UPI,upi-apps,2026,Jul,,,,en
14707,49,South Indian Bank Apps,1.05,321.84,0.00,0.00,0.00,0.00,-,-,1.05,321.84,2026-08-14T10:35:14.319Z,2026-08-14T10:35:14.319Z,,,,UPI,upi-apps,2026,Jul,,,,en
14708,50,AU Small Finance Bank Apps,1.03,321.96,0.01,0.39,0.00,0.00,-,-,1.04,322.36,2026-08-14T10:35:14.327Z,2026-08-14T10:35:14.327Z,,,,UPI,upi-apps,2026,Jul,,,,en
14709,51,Union Bank Apps,1.03,351.03,0.00,0.00,0.00,0.00,-,-,1.03,351.03,2026-08-14T10:35:14.335Z,2026-08-14T10:35:14.335Z,,,,UPI,upi-apps,2026,Jul,,,,en
14710,52,Salary Se #,0.85,103.43,0.00,0.00,0.00,0.00,-,-,0.85,103.43,2026-08-14T10:35:14.344Z,2026-08-14T10:35:14.344Z,,,,UPI,upi-apps,2026,Jul,,,,en
14711,53,Aditya Birla Capital Digital #,0.84,13.5,0.00,0.00,0.00,0.00,-,-,0.84,13.5,2026-08-14T10:35:14.352Z,2026-08-14T10:35:14.352Z,,,,UPI,upi-apps,2026,Jul,,,,en
14712,54,Shri Ram One #,0.74,48.49,0.00,0.00,0.00,0.00,-,-,0.74,48.49,2026-08-14T10:35:14.361Z,2026-08-14T10:35:14.361Z,,,,UPI,upi-apps,2026,Jul,,,,en
14713,55,Fino Payments Bank Apps,0.74,65.61,0.00,0.00,0.00,0.00,-,-,0.74,65.61,2026-08-14T10:35:14.370Z,2026-08-14T10:35:14.370Z,,,,UPI,upi-apps,2026,Jul,,,,en
14714,56,Suryoday Bank Apps,-,-,0.67,15.67,0.07,6.67,-,-,0.74,22.34,2026-08-14T10:35:14.379Z,2026-08-14T10:35:14.379Z,,,,UPI,upi-apps,2026,Jul,,,,en
14715,57,UCO Bank Apps,0.69,185.37,0.00,0.00,0.00,0.00,-,-,0.69,185.37,2026-08-14T10:35:14.389Z,2026-08-14T10:35:14.389Z,,,,UPI,upi-apps,2026,Jul,,,,en
14716,58,Kredit Pe #,0.68,63.34,0.00,0.00,0.00,0.00,-,-,0.68,63.34,2026-08-14T10:35:14.399Z,2026-08-14T10:35:14.399Z,,,,UPI,upi-apps,2026,Jul,,,,en
14717,59,Jar #,0.65,14.36,0.00,0.00,0.00,0.00,-,-,0.65,14.36,2026-08-14T10:35:14.407Z,2026-08-14T10:35:14.407Z,,,,UPI,upi-apps,2026,Jul,,,,en
14718,60,Rapipay,0.65,35.13,0.00,0.00,0.00,0.00,-,-,0.65,35.13,2026-08-14T10:35:14.417Z,2026-08-14T10:35:14.417Z,,,,UPI,upi-apps,2026,Jul,,,,en
14719,61,Central Bank of India Apps,0.63,209.46,0.00,0.00,0.00,0.00,-,-,0.63,209.46,2026-08-14T10:35:14.426Z,2026-08-14T10:35:14.426Z,,,,UPI,upi-apps,2026,Jul,,,,en
14720,62,DBS Digibank Apps,0.57,192.68,0.02,9.54,0.00,0.00,-,-,0.59,202.22,2026-08-14T10:35:14.440Z,2026-08-14T10:35:14.440Z,,,,UPI,upi-apps,2026,Jul,,,,en
14721,63,One Card #,0.51,609.35,0.00,0.00,0.00,0.00,-,-,0.51,609.35,2026-08-14T10:35:14.449Z,2026-08-14T10:35:14.449Z,,,,UPI,upi-apps,2026,Jul,,,,en
14722,64,Spice Money,0.42,35.89,0.00,0.00,0.00,0.00,-,-,0.42,35.89,2026-08-14T10:35:14.458Z,2026-08-14T10:35:14.458Z,,,,UPI,upi-apps,2026,Jul,,,,en
14723,65,Obopay,0.39,59.55,0.00,0.00,0.00,0.00,-,-,0.39,59.55,2026-08-14T10:35:14.471Z,2026-08-14T10:35:14.471Z,,,,UPI,upi-apps,2026,Jul,,,,en
14724,66,Bank of India Apps,0.34,120.01,0.00,0.00,0.00,0.00,-,-,0.34,120.01,2026-08-14T10:35:14.483Z,2026-08-14T10:35:14.483Z,,,,UPI,upi-apps,2026,Jul,,,,en
14725,67,Scapia #,0.32,155.6,0.00,0.00,0.00,0.00,-,-,0.32,155.6,2026-08-14T10:35:14.492Z,2026-08-14T10:35:14.492Z,,,,UPI,upi-apps,2026,Jul,,,,en
14726,68,NSDL Payments Bank Apps,0.29,20.69,0.00,0.00,0.00,0.00,-,-,0.29,20.69,2026-08-14T10:35:14.502Z,2026-08-14T10:35:14.502Z,,,,UPI,upi-apps,2026,Jul,,,,en
14727,69,Karnataka Bank Apps,0.28,76.36,0.00,0.02,0.00,0.05,-,-,0.28,76.43,2026-08-14T10:35:14.510Z,2026-08-14T10:35:14.510Z,,,,UPI,upi-apps,2026,Jul,,,,en
14728,70,IDBI Bank Apps,0.27,137.77,0.00,0.00,0.00,0.00,-,-,0.27,137.77,2026-08-14T10:35:14.519Z,2026-08-14T10:35:14.519Z,,,,UPI,upi-apps,2026,Jul,,,,en
14729,71,Saathi by PayNearBy #,0.24,37.33,0.00,0.00,0.00,0.00,-,-,0.24,37.33,2026-08-14T10:35:14.528Z,2026-08-14T10:35:14.528Z,,,,UPI,upi-apps,2026,Jul,,,,en
14730,72,SnapMint #,0.22,20.06,0.00,0.00,0.00,0.00,-,-,0.22,20.06,2026-08-14T10:35:14.539Z,2026-08-14T10:35:14.539Z,,,,UPI,upi-apps,2026,Jul,,,,en
14731,73,Tata Pay #,0.2,50.26,0.00,0.00,0.00,0.00,-,-,0.2,50.26,2026-08-14T10:35:14.548Z,2026-08-14T10:35:14.548Z,,,,UPI,upi-apps,2026,Jul,,,,en
14732,74,City Union Bank Apps,0.06,30.45,0.08,113.56,0.01,1.29,-,-,0.16,145.3,2026-08-14T10:35:14.563Z,2026-08-14T10:35:14.563Z,,,,UPI,upi-apps,2026,Jul,,,,en
14733,75,Bank of Maharashtra Apps,0.14,47.36,0.00,0.00,0.00,0.08,-,-,0.14,47.44,2026-08-14T10:35:14.571Z,2026-08-14T10:35:14.571Z,,,,UPI,upi-apps,2026,Jul,,,,en
14734,76,Karur Vysya Bank Apps,0.14,48.74,0.00,0.00,0.00,0.00,-,-,0.14,48.74,2026-08-14T10:35:14.580Z,2026-08-14T10:35:14.580Z,,,,UPI,upi-apps,2026,Jul,,,,en
14735,77,Dhani,0.13,7.43,0.00,0.00,0.00,0.00,-,-,0.13,7.43,2026-08-14T10:35:14.588Z,2026-08-14T10:35:14.588Z,,,,UPI,upi-apps,2026,Jul,,,,en
14736,78,Fave #,0.12,23.26,0.00,0.00,0.00,0.00,-,-,0.12,23.26,2026-08-14T10:35:14.600Z,2026-08-14T10:35:14.600Z,,,,UPI,upi-apps,2026,Jul,,,,en
14737,79,Tamilnad Mercantile Bank Apps,0.12,45.14,0.00,0.00,0.00,0.00,-,-,0.12,45.14,2026-08-14T10:35:14.611Z,2026-08-14T10:35:14.611Z,,,,UPI,upi-apps,2026,Jul,,,,en
14738,80,True Balance,0.1,3.54,0.00,0.00,0.00,0.00,-,-,0.1,3.54,2026-08-14T10:35:14.619Z,2026-08-14T10:35:14.619Z,,,,UPI,upi-apps,2026,Jul,,,,en
14739,81,Equitas Small Finance Bank Apps,0.09,24.99,0.00,0.00,0.00,0.00,-,-,0.09,24.99,2026-08-14T10:35:14.629Z,2026-08-14T10:35:14.629Z,,,,UPI,upi-apps,2026,Jul,,,,en
14740,82,Indian Overseas Bank Apps,0.09,29.51,0.00,0.00,0.00,0.00,-,-,0.09,29.51,2026-08-14T10:35:14.639Z,2026-08-14T10:35:14.639Z,,,,UPI,upi-apps,2026,Jul,,,,en
14741,83,Curie Money #,0.07,4.62,0.00,0.00,0.00,0.00,-,-,0.07,4.62,2026-08-14T10:35:14.648Z,2026-08-14T10:35:14.648Z,,,,UPI,upi-apps,2026,Jul,,,,en
14742,84,Payworld,0.07,7.57,0.00,0.00,0.00,0.00,-,-,0.07,7.57,2026-08-14T10:35:14.660Z,2026-08-14T10:35:14.660Z,,,,UPI,upi-apps,2026,Jul,,,,en
14743,85,Cheq #,0.06,6.04,0.00,0.00,0.00,0.00,-,-,0.06,6.04,2026-08-14T10:35:14.670Z,2026-08-14T10:35:14.670Z,,,,UPI,upi-apps,2026,Jul,,,,en
14744,86,Lxme UPI #,0.05,4.9,0.00,0.00,0.00,0.00,-,-,0.05,4.9,2026-08-14T10:35:14.682Z,2026-08-14T10:35:14.682Z,,,,UPI,upi-apps,2026,Jul,,,,en
14745,87,Rio Money #,0.04,1.05,0.00,0.00,0.00,0.00,-,-,0.04,1.05,2026-08-14T10:35:14.694Z,2026-08-14T10:35:14.694Z,,,,UPI,upi-apps,2026,Jul,,,,en
14746,88,Punjab Sind Bank Apps,0.03,15.54,0.00,0.00,0.00,0.00,-,-,0.03,15.54,2026-08-14T10:35:14.708Z,2026-08-14T10:35:14.708Z,,,,UPI,upi-apps,2026,Jul,,,,en
14747,89,ZET #,0.03,2.61,0.00,0.00,0.00,0.00,-,-,0.03,2.61,2026-08-14T10:35:14.718Z,2026-08-14T10:35:14.718Z,,,,UPI,upi-apps,2026,Jul,,,,en
14748,90,jUMMP #,0.03,5.49,0.00,0.00,0.00,0.00,-,-,0.03,5.49,2026-08-14T10:35:14.730Z,2026-08-14T10:35:14.730Z,,,,UPI,upi-apps,2026,Jul,,,,en
14749,91,Stashfin #,0.03,15.77,0.00,0.00,0.00,0.00,-,-,0.03,15.77,2026-08-14T10:35:14.739Z,2026-08-14T10:35:14.739Z,,,,UPI,upi-apps,2026,Jul,,,,en
14750,92,Novio #,0.02,3.23,0.00,0.00,0.00,0.00,-,-,0.02,3.23,2026-08-14T10:35:14.747Z,2026-08-14T10:35:14.747Z,,,,UPI,upi-apps,2026,Jul,,,,en
14751,93,Unimoni,0.02,3.26,0.00,0.00,0.00,0.00,-,-,0.02,3.26,2026-08-14T10:35:14.757Z,2026-08-14T10:35:14.757Z,,,,UPI,upi-apps,2026,Jul,,,,en
14752,94,LivQuik,0.02,3.12,0.00,0.00,0.00,0.00,-,-,0.02,3.12,2026-08-14T10:35:14.768Z,2026-08-14T10:35:14.768Z,,,,UPI,upi-apps,2026,Jul,,,,en
14753,95,Hero Fincorp,0.02,7.24,0.00,0.00,0.00,0.00,-,-,0.02,7.24,2026-08-14T10:35:14.778Z,2026-08-14T10:35:14.778Z,,,,UPI,upi-apps,2026,Jul,,,,en
14754,96,Others,4.44,354.49,0.01,6.00,0.20,8.39,-,-,4.65,368.88,2026-08-14T10:35:14.790Z,2026-08-14T10:35:14.790Z,,,,UPI,upi-apps,2026,Jul,,,,en
